filepath,label,source,category,original_split
/content/diffusion_local/train/FAKE/2276 (8).jpg,fake,diffusion,cifar_object,train
/content/gan_local/real_vs_fake/real-vs-fake/train/real/65917.jpg,real,gan,face,train
/content/diffusion_local/train/REAL/2766.jpg,real,diffusion,cifar_object,train
/content/gan_local/real_vs_fake/real-vs-fake/train/real/37014.jpg,real,gan,face,train
/content/intel_local/seg_train/seg_train/buildings/15223.jpg,real,intel,buildings,train
/content/general_ai_local/AiArtData/AiArtData/1ddpDkJ0Zx4D37qoUehikeg.png,fake,general_ai,AiArtData,train
/content/gan_local/real_vs_fake/real-vs-fake/train/real/25582.jpg,real,gan,face,train
/content/intel_local/seg_test/seg_test/mountain/23617.jpg,real,intel,mountain,test
/content/diffusion_local/train/REAL/0495 (2).jpg,real,diffusion,cifar_object,train
/content/gan_local/real_vs_fake/real-vs-fake/train/fake/UWZB11MHRT.jpg,fake,gan,face,train
/content/diffusion_local/train/FAKE/2960 (8).jpg,fake,diffusion,cifar_object,train
/content/gan_local/real_vs_fake/real-vs-fake/train/real/54124.jpg,real,gan,face,train
/content/diffusion_local/test/FAKE/787 (10).jpg,fake,diffusion,cifar_object,test
/content/gan_local/real_vs_fake/real-vs-fake/train/fake/GLOQN2VY2X.jpg,fake,gan,face,train
/content/gan_local/real_vs_fake/real-vs-fake/test/real/43189.jpg,real,gan,face,test
/content/intel_local/seg_train/seg_train/forest/11313.jpg,real,intel,forest,train
/content/diffusion_local/train/FAKE/1334 (9).jpg,fake,diffusion,cifar_object,train
/content/diffusion_local/train/FAKE/5882 (2).jpg,fake,diffusion,cifar_object,train
/content/diffusion_local/train/FAKE/5081 (8).jpg,fake,diffusion,cifar_object,train
/content/diffusion_local/train/REAL/4927 (9).jpg,real,diffusion,cifar_object,train
/content/gan_local/real_vs_fake/real-vs-fake/test/real/31138.jpg,real,gan,face,test
/content/gan_local/real_vs_fake/real-vs-fake/test/fake/1IC8JTUD66.jpg,fake,gan,face,test
/content/intel_local/seg_train/seg_train/mountain/18265.jpg,real,intel,mountain,train
/content/gan_local/real_vs_fake/real-vs-fake/train/fake/1B36A7BUFG.jpg,fake,gan,face,train
/content/gan_local/real_vs_fake/real-vs-fake/train/real/64651.jpg,real,gan,face,train
/content/gan_local/real_vs_fake/real-vs-fake/train/fake/NYTG76QMMV.jpg,fake,gan,face,train
/content/general_ai_local/AiArtData/AiArtData/B49447D3-BE5D-4A25-8505059961823425_source.jpg,fake,general_ai,AiArtData,train
/content/diffusion_local/train/FAKE/4081 (6).jpg,fake,diffusion,cifar_object,train
/content/diffusion_local/train/FAKE/4644 (8).jpg,fake,diffusion,cifar_object,train
/content/gan_local/real_vs_fake/real-vs-fake/train/fake/5ZVPYDW5NK.jpg,fake,gan,face,train
/content/diffusion_local/train/FAKE/4827 (10).jpg,fake,diffusion,cifar_object,train
/content/gan_local/real_vs_fake/real-vs-fake/train/real/16316.jpg,real,gan,face,train
/content/diffusion_local/train/FAKE/3842.jpg,fake,diffusion,cifar_object,train
/content/gan_local/real_vs_fake/real-vs-fake/train/fake/PG3NB8Y963.jpg,fake,gan,face,train
/content/gan_local/real_vs_fake/real-vs-fake/test/fake/WMNQEE7TMI.jpg,fake,gan,face,test
/content/gan_local/real_vs_fake/real-vs-fake/train/real/27465.jpg,real,gan,face,train
/content/intel_local/seg_train/seg_train/forest/5783.jpg,real,intel,forest,train
/content/diffusion_local/train/REAL/4506 (4).jpg,real,diffusion,cifar_object,train
/content/diffusion_local/train/REAL/1926 (8).jpg,real,diffusion,cifar_object,train
/content/diffusion_local/train/FAKE/4692 (9).jpg,fake,diffusion,cifar_object,train
/content/diffusion_local/train/FAKE/5800.jpg,fake,diffusion,cifar_object,train
/content/diffusion_local/train/REAL/1784 (2).jpg,real,diffusion,cifar_object,train
/content/diffusion_local/train/REAL/3490 (6).jpg,real,diffusion,cifar_object,train
/content/gan_local/real_vs_fake/real-vs-fake/train/fake/BRKGDELYB6.jpg,fake,gan,face,train
/content/gan_local/real_vs_fake/real-vs-fake/train/fake/6B7ZV1RRZ7.jpg,fake,gan,face,train
/content/diffusion_local/train/FAKE/4152 (10).jpg,fake,diffusion,cifar_object,train
/content/diffusion_local/train/REAL/2171 (7).jpg,real,diffusion,cifar_object,train
/content/diffusion_local/train/REAL/1730 (3).jpg,real,diffusion,cifar_object,train
/content/gan_local/real_vs_fake/real-vs-fake/train/real/09153.jpg,real,gan,face,train
/content/gan_local/real_vs_fake/real-vs-fake/train/real/23802.jpg,real,gan,face,train
/content/diffusion_local/train/FAKE/3233 (3).jpg,fake,diffusion,cifar_object,train
/content/gan_local/real_vs_fake/real-vs-fake/valid/fake/9WXV9H0DT8.jpg,fake,gan,face,valid
/content/diffusion_local/train/REAL/1182 (3).jpg,real,diffusion,cifar_object,train
/content/intel_local/seg_train/seg_train/buildings/17457.jpg,real,intel,buildings,train
/content/general_ai_local/RealArt/RealArt/360_F_606797008_rGPPk6bFWDQydnX7g7w1w9dVVZ4mD22J.jpg,real,general_ai,RealArt,train
/content/gan_local/real_vs_fake/real-vs-fake/train/real/37538.jpg,real,gan,face,train
/content/gan_local/real_vs_fake/real-vs-fake/train/real/12873.jpg,real,gan,face,train
/content/diffusion_local/train/FAKE/3804 (4).jpg,fake,diffusion,cifar_object,train
/content/diffusion_local/test/REAL/0595 (5).jpg,real,diffusion,cifar_object,test
/content/diffusion_local/train/FAKE/2535 (3).jpg,fake,diffusion,cifar_object,train
/content/diffusion_local/train/FAKE/1731 (9).jpg,fake,diffusion,cifar_object,train
/content/gan_local/real_vs_fake/real-vs-fake/train/fake/VAGVW4AQR5.jpg,fake,gan,face,train
/content/diffusion_local/train/FAKE/5074 (2).jpg,fake,diffusion,cifar_object,train
/content/diffusion_local/train/FAKE/2459.jpg,fake,diffusion,cifar_object,train
/content/diffusion_local/train/REAL/1697 (8).jpg,real,diffusion,cifar_object,train
/content/gan_local/real_vs_fake/real-vs-fake/valid/fake/IE8GKH7JYM.jpg,fake,gan,face,valid
/content/intel_local/seg_train/seg_train/sea/7948.jpg,real,intel,sea,train
/content/diffusion_local/train/FAKE/2513 (2).jpg,fake,diffusion,cifar_object,train
/content/diffusion_local/train/FAKE/5591.jpg,fake,diffusion,cifar_object,train
/content/gan_local/real_vs_fake/real-vs-fake/train/fake/V4GY5VYBTC.jpg,fake,gan,face,train
/content/diffusion_local/train/FAKE/4952 (5).jpg,fake,diffusion,cifar_object,train
/content/diffusion_local/train/REAL/1149 (4).jpg,real,diffusion,cifar_object,train
/content/intel_local/seg_train/seg_train/mountain/6210.jpg,real,intel,mountain,train
/content/gan_local/real_vs_fake/real-vs-fake/test/fake/87HD52NK1H.jpg,fake,gan,face,test
/content/gan_local/real_vs_fake/real-vs-fake/train/real/55251.jpg,real,gan,face,train
/content/intel_local/seg_train/seg_train/mountain/10046.jpg,real,intel,mountain,train
/content/gan_local/real_vs_fake/real-vs-fake/train/fake/AQWS0DEJ8D.jpg,fake,gan,face,train
/content/diffusion_local/train/FAKE/5162 (9).jpg,fake,diffusion,cifar_object,train
/content/gan_local/real_vs_fake/real-vs-fake/valid/fake/YE268UC3LH.jpg,fake,gan,face,valid
/content/gan_local/real_vs_fake/real-vs-fake/train/fake/KXR1B4C29N.jpg,fake,gan,face,train
/content/diffusion_local/train/FAKE/4931 (9).jpg,fake,diffusion,cifar_object,train
/content/general_ai_local/RealArt/RealArt/black_and_white_portraits_drew_hays.jpg,real,general_ai,RealArt,train
/content/gan_local/real_vs_fake/real-vs-fake/train/fake/I49M3QIMQH.jpg,fake,gan,face,train
/content/intel_local/seg_test/seg_test/forest/22293.jpg,real,intel,forest,test
/content/diffusion_local/train/FAKE/4652 (3).jpg,fake,diffusion,cifar_object,train
/content/gan_local/real_vs_fake/real-vs-fake/train/fake/XRE2XVWQOB.jpg,fake,gan,face,train
/content/diffusion_local/train/FAKE/3926 (5).jpg,fake,diffusion,cifar_object,train
/content/diffusion_local/train/REAL/4144 (8).jpg,real,diffusion,cifar_object,train
/content/intel_local/seg_test/seg_test/sea/21870.jpg,real,intel,sea,test
/content/general_ai_local/RealArt/RealArt/5-Types-of-People-e1640865120273.jpg,real,general_ai,RealArt,train
/content/intel_local/seg_test/seg_test/mountain/22124.jpg,real,intel,mountain,test
/content/gan_local/real_vs_fake/real-vs-fake/test/fake/NT51203UKW.jpg,fake,gan,face,test
/content/diffusion_local/train/FAKE/5793 (7).jpg,fake,diffusion,cifar_object,train
/content/intel_local/seg_train/seg_train/street/7367.jpg,real,intel,street,train
/content/intel_local/seg_test/seg_test/sea/24209.jpg,real,intel,sea,test
/content/diffusion_local/train/FAKE/2757 (3).jpg,fake,diffusion,cifar_object,train
/content/gan_local/real_vs_fake/real-vs-fake/train/fake/E0Y0B27PJD.jpg,fake,gan,face,train
/content/gan_local/real_vs_fake/real-vs-fake/train/fake/4PS723VFGE.jpg,fake,gan,face,train
/content/gan_local/real_vs_fake/real-vs-fake/train/real/20558.jpg,real,gan,face,train
/content/intel_local/seg_train/seg_train/glacier/6908.jpg,real,intel,glacier,train
/content/diffusion_local/test/REAL/0255 (7).jpg,real,diffusion,cifar_object,test
/content/gan_local/real_vs_fake/real-vs-fake/train/fake/2C4F9JX185.jpg,fake,gan,face,train
/content/diffusion_local/test/FAKE/594 (5).jpg,fake,diffusion,cifar_object,test
/content/gan_local/real_vs_fake/real-vs-fake/train/real/18590.jpg,real,gan,face,train
/content/diffusion_local/train/FAKE/4152 (3).jpg,fake,diffusion,cifar_object,train
/content/diffusion_local/train/FAKE/5006 (3).jpg,fake,diffusion,cifar_object,train
/content/gan_local/real_vs_fake/real-vs-fake/train/fake/PN70BGLZSR.jpg,fake,gan,face,train
/content/diffusion_local/train/FAKE/4947.jpg,fake,diffusion,cifar_object,train
/content/diffusion_local/train/REAL/3450 (9).jpg,real,diffusion,cifar_object,train
/content/gan_local/real_vs_fake/real-vs-fake/train/fake/BYBCOG9RGR.jpg,fake,gan,face,train
/content/diffusion_local/train/FAKE/1547 (4).jpg,fake,diffusion,cifar_object,train
/content/intel_local/seg_test/seg_test/sea/23585.jpg,real,intel,sea,test
/content/diffusion_local/test/REAL/0674 (7).jpg,real,diffusion,cifar_object,test
/content/general_ai_local/RealArt/RealArt/people-taking-selfie-together-registration-day_23-2149096795.jpg,real,general_ai,RealArt,train
/content/diffusion_local/train/FAKE/5264.jpg,fake,diffusion,cifar_object,train
/content/intel_local/seg_train/seg_train/mountain/7715.jpg,real,intel,mountain,train
/content/general_ai_local/AiArtData/AiArtData/1486689.jpg,fake,general_ai,AiArtData,train
/content/gan_local/real_vs_fake/real-vs-fake/valid/fake/CB3DPJ2L54.jpg,fake,gan,face,valid
/content/diffusion_local/test/FAKE/831 (2).jpg,fake,diffusion,cifar_object,test
/content/intel_local/seg_test/seg_test/sea/20389.jpg,real,intel,sea,test
/content/gan_local/real_vs_fake/real-vs-fake/test/real/03712.jpg,real,gan,face,test
/content/diffusion_local/train/REAL/4905 (3).jpg,real,diffusion,cifar_object,train
/content/gan_local/real_vs_fake/real-vs-fake/train/fake/GVUWKUV5TD.jpg,fake,gan,face,train
/content/gan_local/real_vs_fake/real-vs-fake/train/real/48131.jpg,real,gan,face,train
/content/intel_local/seg_train/seg_train/mountain/19677.jpg,real,intel,mountain,train
/content/gan_local/real_vs_fake/real-vs-fake/train/fake/HJMBBX7XF5.jpg,fake,gan,face,train
/content/gan_local/real_vs_fake/real-vs-fake/train/fake/EQX773E4SR.jpg,fake,gan,face,train
/content/intel_local/seg_train/seg_train/glacier/3602.jpg,real,intel,glacier,train
/content/intel_local/seg_train/seg_train/glacier/15275.jpg,real,intel,glacier,train
/content/diffusion_local/train/FAKE/2547 (6).jpg,fake,diffusion,cifar_object,train
/content/intel_local/seg_train/seg_train/sea/18587.jpg,real,intel,sea,train
/content/gan_local/real_vs_fake/real-vs-fake/test/fake/X8OHRJVFH7.jpg,fake,gan,face,test
/content/diffusion_local/train/REAL/2752 (7).jpg,real,diffusion,cifar_object,train
/content/general_ai_local/AiArtData/AiArtData/Realistic-Images.jpg,fake,general_ai,AiArtData,train
/content/diffusion_local/train/FAKE/5347 (6).jpg,fake,diffusion,cifar_object,train
/content/intel_local/seg_train/seg_train/sea/14593.jpg,real,intel,sea,train
/content/intel_local/seg_test/seg_test/buildings/20968.jpg,real,intel,buildings,test
/content/gan_local/real_vs_fake/real-vs-fake/test/real/03724.jpg,real,gan,face,test
/content/intel_local/seg_train/seg_train/sea/2616.jpg,real,intel,sea,train
/content/intel_local/seg_train/seg_train/forest/3958.jpg,real,intel,forest,train
/content/gan_local/real_vs_fake/real-vs-fake/train/real/05863.jpg,real,gan,face,train
/content/general_ai_local/AiArtData/AiArtData/hXN3TDj3BCU8aYUFBbKG_5.3945x.jpg,fake,general_ai,AiArtData,train
/content/gan_local/real_vs_fake/real-vs-fake/valid/real/10415.jpg,real,gan,face,valid
/content/intel_local/seg_test/seg_test/street/20388.jpg,real,intel,street,test
/content/intel_local/seg_train/seg_train/sea/11653.jpg,real,intel,sea,train
/content/gan_local/real_vs_fake/real-vs-fake/test/real/44281.jpg,real,gan,face,test
/content/gan_local/real_vs_fake/real-vs-fake/train/real/44897.jpg,real,gan,face,train
/content/diffusion_local/train/FAKE/1104 (4).jpg,fake,diffusion,cifar_object,train
/content/gan_local/real_vs_fake/real-vs-fake/train/fake/2HCJYA7Z21.jpg,fake,gan,face,train
/content/intel_local/seg_test/seg_test/glacier/22606.jpg,real,intel,glacier,test
/content/diffusion_local/train/FAKE/5941 (4).jpg,fake,diffusion,cifar_object,train
/content/gan_local/real_vs_fake/real-vs-fake/train/real/66536.jpg,real,gan,face,train
/content/gan_local/real_vs_fake/real-vs-fake/train/fake/ABV57HP8F3.jpg,fake,gan,face,train
/content/diffusion_local/train/REAL/0482 (8).jpg,real,diffusion,cifar_object,train
/content/intel_local/seg_train/seg_train/glacier/205.jpg,real,intel,glacier,train
/content/gan_local/real_vs_fake/real-vs-fake/train/real/14901.jpg,real,gan,face,train
/content/gan_local/real_vs_fake/real-vs-fake/train/fake/K77YGFEAHW.jpg,fake,gan,face,train
/content/intel_local/seg_train/seg_train/street/9652.jpg,real,intel,street,train
/content/diffusion_local/train/REAL/4916 (3).jpg,real,diffusion,cifar_object,train
/content/intel_local/seg_train/seg_train/street/10224.jpg,real,intel,street,train
/content/diffusion_local/train/FAKE/1554 (8).jpg,fake,diffusion,cifar_object,train
/content/diffusion_local/train/FAKE/5850 (7).jpg,fake,diffusion,cifar_object,train
/content/diffusion_local/test/FAKE/620.jpg,fake,diffusion,cifar_object,test
/content/diffusion_local/train/FAKE/2465 (8).jpg,fake,diffusion,cifar_object,train
/content/diffusion_local/train/FAKE/5963.jpg,fake,diffusion,cifar_object,train
/content/diffusion_local/train/REAL/1412 (5).jpg,real,diffusion,cifar_object,train
/content/gan_local/real_vs_fake/real-vs-fake/train/fake/51J671SIQB.jpg,fake,gan,face,train
/content/gan_local/real_vs_fake/real-vs-fake/train/real/14241.jpg,real,gan,face,train
/content/gan_local/real_vs_fake/real-vs-fake/train/real/22229.jpg,real,gan,face,train
/content/diffusion_local/train/REAL/4587 (6).jpg,real,diffusion,cifar_object,train
/content/intel_local/seg_train/seg_train/glacier/18603.jpg,real,intel,glacier,train
/content/diffusion_local/test/REAL/0572 (9).jpg,real,diffusion,cifar_object,test
/content/gan_local/real_vs_fake/real-vs-fake/train/fake/0A7043GFJA.jpg,fake,gan,face,train
/content/intel_local/seg_train/seg_train/glacier/11609.jpg,real,intel,glacier,train
/content/gan_local/real_vs_fake/real-vs-fake/train/fake/OW5NM4DI3D.jpg,fake,gan,face,train
/content/intel_local/seg_train/seg_train/buildings/6958.jpg,real,intel,buildings,train
/content/intel_local/seg_train/seg_train/street/1731.jpg,real,intel,street,train
/content/intel_local/seg_train/seg_train/buildings/12973.jpg,real,intel,buildings,train
/content/gan_local/real_vs_fake/real-vs-fake/train/real/17240.jpg,real,gan,face,train
/content/diffusion_local/train/FAKE/2402 (9).jpg,fake,diffusion,cifar_object,train
/content/diffusion_local/train/FAKE/1875 (8).jpg,fake,diffusion,cifar_object,train
/content/gan_local/real_vs_fake/real-vs-fake/train/fake/JKW6VZ45JR.jpg,fake,gan,face,train
/content/intel_local/seg_train/seg_train/buildings/1482.jpg,real,intel,buildings,train
/content/gan_local/real_vs_fake/real-vs-fake/train/fake/K4JA4YGSP1.jpg,fake,gan,face,train
/content/gan_local/real_vs_fake/real-vs-fake/train/fake/G3GTMU340Z.jpg,fake,gan,face,train
/content/intel_local/seg_train/seg_train/forest/6910.jpg,real,intel,forest,train
/content/gan_local/real_vs_fake/real-vs-fake/train/fake/Z26AX2ZXSQ.jpg,fake,gan,face,train
/content/intel_local/seg_train/seg_train/buildings/15729.jpg,real,intel,buildings,train
/content/diffusion_local/train/REAL/4066 (8).jpg,real,diffusion,cifar_object,train
/content/gan_local/real_vs_fake/real-vs-fake/valid/fake/RRLS4QCX47.jpg,fake,gan,face,valid
/content/diffusion_local/train/FAKE/2085 (4).jpg,fake,diffusion,cifar_object,train
/content/gan_local/real_vs_fake/real-vs-fake/train/real/01936.jpg,real,gan,face,train
/content/diffusion_local/train/REAL/2324 (5).jpg,real,diffusion,cifar_object,train
/content/diffusion_local/test/FAKE/832 (2).jpg,fake,diffusion,cifar_object,test
/content/gan_local/real_vs_fake/real-vs-fake/test/fake/BI6R6DIK3J.jpg,fake,gan,face,test
/content/intel_local/seg_train/seg_train/street/3274.jpg,real,intel,street,train
/content/diffusion_local/train/REAL/2224 (5).jpg,real,diffusion,cifar_object,train
/content/diffusion_local/train/FAKE/5024.jpg,fake,diffusion,cifar_object,train
/content/diffusion_local/train/FAKE/1802 (5).jpg,fake,diffusion,cifar_object,train
/content/general_ai_local/RealArt/RealArt/Van-Gogh-Self-Portrait-ft-min-pwoxk5den6j39ictcu0bhuupqqucvoep6902vpd6rs.jpg,real,general_ai,RealArt,train
/content/diffusion_local/train/FAKE/1138.jpg,fake,diffusion,cifar_object,train
/content/intel_local/seg_train/seg_train/street/19704.jpg,real,intel,street,train
/content/intel_local/seg_train/seg_train/sea/9263.jpg,real,intel,sea,train
/content/diffusion_local/test/FAKE/524 (5).jpg,fake,diffusion,cifar_object,test
/content/general_ai_local/AiArtData/AiArtData/1fQEPjVkihxmK4iRm8dyVcA.png,fake,general_ai,AiArtData,train
/content/gan_local/real_vs_fake/real-vs-fake/train/real/09980.jpg,real,gan,face,train
/content/diffusion_local/test/REAL/0381.jpg,real,diffusion,cifar_object,test
/content/intel_local/seg_train/seg_train/mountain/16225.jpg,real,intel,mountain,train
/content/diffusion_local/train/REAL/0343 (5).jpg,real,diffusion,cifar_object,train
/content/intel_local/seg_train/seg_train/sea/8884.jpg,real,intel,sea,train
/content/diffusion_local/train/FAKE/3687 (8).jpg,fake,diffusion,cifar_object,train
/content/general_ai_local/AiArtData/AiArtData/3048941-inline-i-2-why-google-deep-dreams-of-dogs.jpg,fake,general_ai,AiArtData,train
/content/diffusion_local/train/REAL/1960 (4).jpg,real,diffusion,cifar_object,train
/content/diffusion_local/train/REAL/0926 (10).jpg,real,diffusion,cifar_object,train
/content/diffusion_local/train/REAL/2425 (6).jpg,real,diffusion,cifar_object,train
/content/diffusion_local/train/REAL/0113 (8).jpg,real,diffusion,cifar_object,train
/content/gan_local/real_vs_fake/real-vs-fake/test/real/54951.jpg,real,gan,face,test
/content/diffusion_local/train/REAL/2812 (10).jpg,real,diffusion,cifar_object,train
/content/gan_local/real_vs_fake/real-vs-fake/train/fake/LVLQ5RCMLX.jpg,fake,gan,face,train
/content/intel_local/seg_train/seg_train/glacier/7746.jpg,real,intel,glacier,train
/content/gan_local/real_vs_fake/real-vs-fake/test/real/41033.jpg,real,gan,face,test
/content/intel_local/seg_test/seg_test/forest/23123.jpg,real,intel,forest,test
/content/intel_local/seg_train/seg_train/sea/11186.jpg,real,intel,sea,train
/content/gan_local/real_vs_fake/real-vs-fake/train/real/06089.jpg,real,gan,face,train
/content/diffusion_local/train/REAL/0543 (10).jpg,real,diffusion,cifar_object,train
/content/gan_local/real_vs_fake/real-vs-fake/valid/real/26298.jpg,real,gan,face,valid
/content/gan_local/real_vs_fake/real-vs-fake/train/fake/3GVR1XMM84.jpg,fake,gan,face,train
/content/diffusion_local/train/FAKE/2917 (9).jpg,fake,diffusion,cifar_object,train
/content/gan_local/real_vs_fake/real-vs-fake/valid/fake/KDM8GLLI7F.jpg,fake,gan,face,valid
/content/diffusion_local/train/REAL/3207 (8).jpg,real,diffusion,cifar_object,train
/content/intel_local/seg_train/seg_train/buildings/18289.jpg,real,intel,buildings,train
/content/diffusion_local/train/FAKE/3823 (8).jpg,fake,diffusion,cifar_object,train
/content/diffusion_local/train/REAL/2662 (7).jpg,real,diffusion,cifar_object,train
/content/gan_local/real_vs_fake/real-vs-fake/train/real/69341.jpg,real,gan,face,train
/content/gan_local/real_vs_fake/real-vs-fake/train/fake/0HVX586WXJ.jpg,fake,gan,face,train
/content/gan_local/real_vs_fake/real-vs-fake/train/fake/93UD3OGID0.jpg,fake,gan,face,train
/content/intel_local/seg_test/seg_test/sea/23579.jpg,real,intel,sea,test
/content/intel_local/seg_train/seg_train/street/723.jpg,real,intel,street,train
/content/diffusion_local/test/REAL/0062.jpg,real,diffusion,cifar_object,test
/content/diffusion_local/train/FAKE/3805 (5).jpg,fake,diffusion,cifar_object,train
/content/gan_local/real_vs_fake/real-vs-fake/train/real/53017.jpg,real,gan,face,train
/content/gan_local/real_vs_fake/real-vs-fake/train/real/33282.jpg,real,gan,face,train
/content/gan_local/real_vs_fake/real-vs-fake/train/real/09232.jpg,real,gan,face,train
/content/general_ai_local/AiArtData/AiArtData/zoomout_1.jpg,fake,general_ai,AiArtData,train
/content/intel_local/seg_train/seg_train/forest/430.jpg,real,intel,forest,train
/content/diffusion_local/train/FAKE/2022.jpg,fake,diffusion,cifar_object,train
/content/intel_local/seg_train/seg_train/mountain/20019.jpg,real,intel,mountain,train
/content/gan_local/real_vs_fake/real-vs-fake/train/fake/5IBYQ1NBSG.jpg,fake,gan,face,train
/content/intel_local/seg_train/seg_train/street/16954.jpg,real,intel,street,train
/content/intel_local/seg_test/seg_test/mountain/21119.jpg,real,intel,mountain,test
/content/intel_local/seg_test/seg_test/glacier/22029.jpg,real,intel,glacier,test
/content/gan_local/real_vs_fake/real-vs-fake/train/fake/AEIHMF1G3K.jpg,fake,gan,face,train
/content/gan_local/real_vs_fake/real-vs-fake/train/fake/AZT8KJQBES.jpg,fake,gan,face,train
/content/diffusion_local/train/FAKE/4963 (3).jpg,fake,diffusion,cifar_object,train
/content/diffusion_local/train/FAKE/3828.jpg,fake,diffusion,cifar_object,train
/content/diffusion_local/train/REAL/1818 (5).jpg,real,diffusion,cifar_object,train
/content/diffusion_local/train/REAL/4564 (10).jpg,real,diffusion,cifar_object,train
/content/intel_local/seg_train/seg_train/buildings/9785.jpg,real,intel,buildings,train
/content/general_ai_local/RealArt/RealArt/images34.jpg,real,general_ai,RealArt,train
/content/diffusion_local/train/FAKE/2346.jpg,fake,diffusion,cifar_object,train
/content/gan_local/real_vs_fake/real-vs-fake/valid/fake/5ABZN4ISJF.jpg,fake,gan,face,valid
/content/diffusion_local/train/FAKE/4509 (8).jpg,fake,diffusion,cifar_object,train
/content/diffusion_local/train/FAKE/5226 (5).jpg,fake,diffusion,cifar_object,train
/content/gan_local/real_vs_fake/real-vs-fake/train/fake/E4BPGZB4C9.jpg,fake,gan,face,train
/content/diffusion_local/train/FAKE/3047.jpg,fake,diffusion,cifar_object,train
/content/diffusion_local/train/FAKE/3054.jpg,fake,diffusion,cifar_object,train
/content/gan_local/real_vs_fake/real-vs-fake/train/fake/83QZH7HV2H.jpg,fake,gan,face,train
/content/intel_local/seg_test/seg_test/mountain/21013.jpg,real,intel,mountain,test
/content/gan_local/real_vs_fake/real-vs-fake/train/real/15331.jpg,real,gan,face,train
/content/intel_local/seg_train/seg_train/glacier/933.jpg,real,intel,glacier,train
/content/diffusion_local/train/REAL/3056 (10).jpg,real,diffusion,cifar_object,train
/content/intel_local/seg_train/seg_train/buildings/5444.jpg,real,intel,buildings,train
/content/diffusion_local/train/FAKE/1746 (4).jpg,fake,diffusion,cifar_object,train
/content/gan_local/real_vs_fake/real-vs-fake/train/fake/FY2M226604.jpg,fake,gan,face,train
/content/diffusion_local/train/FAKE/1518 (7).jpg,fake,diffusion,cifar_object,train
/content/intel_local/seg_train/seg_train/mountain/18701.jpg,real,intel,mountain,train
/content/gan_local/real_vs_fake/real-vs-fake/train/fake/CCOZ5LIXUN.jpg,fake,gan,face,train
/content/diffusion_local/train/REAL/2558 (5).jpg,real,diffusion,cifar_object,train
/content/diffusion_local/test/REAL/0736 (4).jpg,real,diffusion,cifar_object,test
/content/diffusion_local/test/FAKE/538 (4).jpg,fake,diffusion,cifar_object,test
/content/gan_local/real_vs_fake/real-vs-fake/train/fake/QHRMONKCIR.jpg,fake,gan,face,train
/content/gan_local/real_vs_fake/real-vs-fake/train/fake/H42KG6WLA9.jpg,fake,gan,face,train
/content/diffusion_local/train/REAL/1341 (8).jpg,real,diffusion,cifar_object,train
/content/intel_local/seg_train/seg_train/street/7079.jpg,real,intel,street,train
/content/diffusion_local/train/REAL/2667 (4).jpg,real,diffusion,cifar_object,train
/content/gan_local/real_vs_fake/real-vs-fake/valid/fake/TNZSEHD8U0.jpg,fake,gan,face,valid
/content/diffusion_local/train/FAKE/3872 (2).jpg,fake,diffusion,cifar_object,train
/content/diffusion_local/train/FAKE/2876 (2).jpg,fake,diffusion,cifar_object,train
/content/diffusion_local/train/FAKE/3861 (6).jpg,fake,diffusion,cifar_object,train
/content/diffusion_local/train/FAKE/5429.jpg,fake,diffusion,cifar_object,train
/content/gan_local/real_vs_fake/real-vs-fake/train/real/13584.jpg,real,gan,face,train
/content/intel_local/seg_train/seg_train/street/17473.jpg,real,intel,street,train
/content/intel_local/seg_test/seg_test/sea/20168.jpg,real,intel,sea,test
/content/gan_local/real_vs_fake/real-vs-fake/train/real/62554.jpg,real,gan,face,train
/content/gan_local/real_vs_fake/real-vs-fake/train/fake/JLVM4O8SRB.jpg,fake,gan,face,train
/content/general_ai_local/AiArtData/AiArtData/ai-generated-8175497_1280.jpg,fake,general_ai,AiArtData,train
/content/intel_local/seg_train/seg_train/forest/12539.jpg,real,intel,forest,train
/content/gan_local/real_vs_fake/real-vs-fake/train/fake/0IB1IR942B.jpg,fake,gan,face,train
/content/intel_local/seg_train/seg_train/buildings/12168.jpg,real,intel,buildings,train
/content/gan_local/real_vs_fake/real-vs-fake/test/fake/NSLJTI0Q4Q.jpg,fake,gan,face,test
/content/diffusion_local/train/REAL/0159.jpg,real,diffusion,cifar_object,train
/content/diffusion_local/train/FAKE/1131 (9).jpg,fake,diffusion,cifar_object,train
/content/gan_local/real_vs_fake/real-vs-fake/train/fake/PSNW81F4X8.jpg,fake,gan,face,train
/content/diffusion_local/train/FAKE/3783 (3).jpg,fake,diffusion,cifar_object,train
/content/gan_local/real_vs_fake/real-vs-fake/train/fake/I4219EJ6SB.jpg,fake,gan,face,train
/content/intel_local/seg_test/seg_test/sea/20722.jpg,real,intel,sea,test
/content/diffusion_local/train/FAKE/1818 (6).jpg,fake,diffusion,cifar_object,train
/content/diffusion_local/test/FAKE/346 (7).jpg,fake,diffusion,cifar_object,test
/content/gan_local/real_vs_fake/real-vs-fake/train/real/26957.jpg,real,gan,face,train
/content/diffusion_local/train/FAKE/4300 (2).jpg,fake,diffusion,cifar_object,train
/content/diffusion_local/train/REAL/1624 (9).jpg,real,diffusion,cifar_object,train
/content/gan_local/real_vs_fake/real-vs-fake/train/fake/YXFNQXHQTK.jpg,fake,gan,face,train
/content/general_ai_local/AiArtData/AiArtData/g_in_the_center_of_a_beautiful_landscap_b555fb6f-fb9c-4bb1-827d-ef7b1df41a7a.png,fake,general_ai,AiArtData,train
/content/gan_local/real_vs_fake/real-vs-fake/train/fake/2DB731CPNS.jpg,fake,gan,face,train
/content/gan_local/real_vs_fake/real-vs-fake/train/real/42723.jpg,real,gan,face,train
/content/gan_local/real_vs_fake/real-vs-fake/train/fake/8VNXWPKALW.jpg,fake,gan,face,train
/content/gan_local/real_vs_fake/real-vs-fake/train/real/58578.jpg,real,gan,face,train
/content/general_ai_local/RealArt/RealArt/AdobeStock_502229899.jpeg,real,general_ai,RealArt,train
/content/diffusion_local/train/REAL/1653 (9).jpg,real,diffusion,cifar_object,train
/content/gan_local/real_vs_fake/real-vs-fake/train/fake/21CDSEAZX8.jpg,fake,gan,face,train
/content/gan_local/real_vs_fake/real-vs-fake/train/fake/MWPJH75MWR.jpg,fake,gan,face,train
/content/intel_local/seg_train/seg_train/street/16440.jpg,real,intel,street,train
/content/intel_local/seg_train/seg_train/sea/19716.jpg,real,intel,sea,train
/content/gan_local/real_vs_fake/real-vs-fake/train/fake/YHVCZU7DWE.jpg,fake,gan,face,train
/content/diffusion_local/train/FAKE/5463.jpg,fake,diffusion,cifar_object,train
/content/intel_local/seg_train/seg_train/buildings/17594.jpg,real,intel,buildings,train
/content/diffusion_local/train/FAKE/4985 (6).jpg,fake,diffusion,cifar_object,train
/content/diffusion_local/train/REAL/4464 (2).jpg,real,diffusion,cifar_object,train
/content/intel_local/seg_train/seg_train/mountain/6728.jpg,real,intel,mountain,train
/content/diffusion_local/test/FAKE/552 (6).jpg,fake,diffusion,cifar_object,test
/content/diffusion_local/train/FAKE/3256 (10).jpg,fake,diffusion,cifar_object,train
/content/intel_local/seg_train/seg_train/buildings/10185.jpg,real,intel,buildings,train
/content/gan_local/real_vs_fake/real-vs-fake/valid/fake/4HXIVC80D8.jpg,fake,gan,face,valid
/content/diffusion_local/train/REAL/2758 (8).jpg,real,diffusion,cifar_object,train
/content/diffusion_local/train/REAL/0015 (7).jpg,real,diffusion,cifar_object,train
/content/gan_local/real_vs_fake/real-vs-fake/train/fake/G5NPH56FSM.jpg,fake,gan,face,train
/content/intel_local/seg_train/seg_train/glacier/14993.jpg,real,intel,glacier,train
/content/intel_local/seg_train/seg_train/buildings/18672.jpg,real,intel,buildings,train
/content/gan_local/real_vs_fake/real-vs-fake/valid/real/48209.jpg,real,gan,face,valid
/content/diffusion_local/train/FAKE/3723 (9).jpg,fake,diffusion,cifar_object,train
/content/general_ai_local/AiArtData/AiArtData/il_570xN.4707958416_2553.jpg,fake,general_ai,AiArtData,train
/content/diffusion_local/train/FAKE/2335 (7).jpg,fake,diffusion,cifar_object,train
/content/intel_local/seg_train/seg_train/street/5760.jpg,real,intel,street,train
/content/gan_local/real_vs_fake/real-vs-fake/train/fake/MEWS0V4M9X.jpg,fake,gan,face,train
/content/gan_local/real_vs_fake/real-vs-fake/test/real/60479.jpg,real,gan,face,test
/content/diffusion_local/test/FAKE/714 (8).jpg,fake,diffusion,cifar_object,test
/content/intel_local/seg_train/seg_train/glacier/7314.jpg,real,intel,glacier,train
/content/gan_local/real_vs_fake/real-vs-fake/train/real/20627.jpg,real,gan,face,train
/content/intel_local/seg_test/seg_test/glacier/22123.jpg,real,intel,glacier,test
/content/intel_local/seg_train/seg_train/forest/6153.jpg,real,intel,forest,train
/content/diffusion_local/train/REAL/2452 (10).jpg,real,diffusion,cifar_object,train
/content/intel_local/seg_train/seg_train/glacier/9674.jpg,real,intel,glacier,train
/content/intel_local/seg_train/seg_train/street/5949.jpg,real,intel,street,train
/content/intel_local/seg_train/seg_train/sea/19224.jpg,real,intel,sea,train
/content/gan_local/real_vs_fake/real-vs-fake/train/fake/IV426DMKUB.jpg,fake,gan,face,train
/content/diffusion_local/test/FAKE/822 (10).jpg,fake,diffusion,cifar_object,test
/content/diffusion_local/train/FAKE/3178 (5).jpg,fake,diffusion,cifar_object,train
/content/general_ai_local/AiArtData/AiArtData/HD-wallpaper-ai-landscape-2023-digital-art.jpg,fake,general_ai,AiArtData,train
/content/general_ai_local/RealArt/RealArt/eCC81e-DOrsay-Art-Gallery.-Photo-by-DeAgostini_Getty-Images_1-a169874-scaled.jpg,real,general_ai,RealArt,train
/content/diffusion_local/test/REAL/0078 (6).jpg,real,diffusion,cifar_object,test
/content/intel_local/seg_train/seg_train/forest/13142.jpg,real,intel,forest,train
/content/intel_local/seg_train/seg_train/mountain/1738.jpg,real,intel,mountain,train
/content/gan_local/real_vs_fake/real-vs-fake/train/real/36209.jpg,real,gan,face,train
/content/gan_local/real_vs_fake/real-vs-fake/train/fake/OI1NJAZ53R.jpg,fake,gan,face,train
/content/diffusion_local/train/REAL/1053 (4).jpg,real,diffusion,cifar_object,train
/content/diffusion_local/train/FAKE/5285 (6).jpg,fake,diffusion,cifar_object,train
/content/diffusion_local/train/FAKE/5266 (6).jpg,fake,diffusion,cifar_object,train
/content/intel_local/seg_train/seg_train/mountain/8223.jpg,real,intel,mountain,train
/content/diffusion_local/train/REAL/0853 (7).jpg,real,diffusion,cifar_object,train
/content/gan_local/real_vs_fake/real-vs-fake/train/real/69632.jpg,real,gan,face,train
/content/intel_local/seg_train/seg_train/forest/10346.jpg,real,intel,forest,train
/content/gan_local/real_vs_fake/real-vs-fake/train/fake/Q4UG2Z6TLF.jpg,fake,gan,face,train
/content/intel_local/seg_train/seg_train/glacier/10996.jpg,real,intel,glacier,train
/content/gan_local/real_vs_fake/real-vs-fake/train/fake/W3W17P49ZN.jpg,fake,gan,face,train
/content/diffusion_local/train/REAL/3645 (10).jpg,real,diffusion,cifar_object,train
/content/diffusion_local/train/FAKE/2814 (8).jpg,fake,diffusion,cifar_object,train
/content/diffusion_local/test/REAL/0460 (8).jpg,real,diffusion,cifar_object,test
/content/intel_local/seg_train/seg_train/mountain/8235.jpg,real,intel,mountain,train
/content/intel_local/seg_test/seg_test/sea/22616.jpg,real,intel,sea,test
/content/diffusion_local/train/REAL/2307 (2).jpg,real,diffusion,cifar_object,train
/content/diffusion_local/train/FAKE/4609 (2).jpg,fake,diffusion,cifar_object,train
/content/intel_local/seg_train/seg_train/forest/18028.jpg,real,intel,forest,train
/content/diffusion_local/test/REAL/0425 (3).jpg,real,diffusion,cifar_object,test
/content/general_ai_local/AiArtData/AiArtData/ious-different-styles-instatnly-with-Fotor-free-online-AI-portrait-generator.jpg,fake,general_ai,AiArtData,train
/content/intel_local/seg_train/seg_train/sea/5338.jpg,real,intel,sea,train
/content/diffusion_local/train/REAL/0401 (8).jpg,real,diffusion,cifar_object,train
/content/diffusion_local/train/FAKE/4923.jpg,fake,diffusion,cifar_object,train
/content/gan_local/real_vs_fake/real-vs-fake/train/real/31325.jpg,real,gan,face,train
/content/diffusion_local/train/FAKE/2683 (4).jpg,fake,diffusion,cifar_object,train
/content/gan_local/real_vs_fake/real-vs-fake/train/fake/QAWSTG98UF.jpg,fake,gan,face,train
/content/intel_local/seg_train/seg_train/glacier/10589.jpg,real,intel,glacier,train
/content/intel_local/seg_train/seg_train/buildings/3056.jpg,real,intel,buildings,train
/content/gan_local/real_vs_fake/real-vs-fake/test/fake/U1PV2C5MY6.jpg,fake,gan,face,test
/content/intel_local/seg_train/seg_train/glacier/1373.jpg,real,intel,glacier,train
/content/intel_local/seg_train/seg_train/mountain/3465.jpg,real,intel,mountain,train
/content/intel_local/seg_train/seg_train/buildings/2478.jpg,real,intel,buildings,train
/content/diffusion_local/train/FAKE/1484 (9).jpg,fake,diffusion,cifar_object,train
/content/intel_local/seg_train/seg_train/mountain/6735.jpg,real,intel,mountain,train
/content/diffusion_local/train/REAL/0588 (3).jpg,real,diffusion,cifar_object,train
/content/intel_local/seg_train/seg_train/forest/18038.jpg,real,intel,forest,train
/content/intel_local/seg_train/seg_train/forest/10542.jpg,real,intel,forest,train
/content/diffusion_local/train/FAKE/4247 (5).jpg,fake,diffusion,cifar_object,train
/content/diffusion_local/test/REAL/0043 (6).jpg,real,diffusion,cifar_object,test
/content/diffusion_local/train/FAKE/5373 (6).jpg,fake,diffusion,cifar_object,train
/content/intel_local/seg_train/seg_train/sea/10274.jpg,real,intel,sea,train
/content/intel_local/seg_train/seg_train/forest/9579.jpg,real,intel,forest,train
/content/diffusion_local/train/REAL/1462 (7).jpg,real,diffusion,cifar_object,train
/content/gan_local/real_vs_fake/real-vs-fake/train/fake/UAF2GLE3SD.jpg,fake,gan,face,train
/content/general_ai_local/AiArtData/AiArtData/1BoIwK3flsWLkT57s18Bpgg.png,fake,general_ai,AiArtData,train
/content/intel_local/seg_train/seg_train/forest/19563.jpg,real,intel,forest,train
/content/diffusion_local/train/REAL/1905.jpg,real,diffusion,cifar_object,train
/content/gan_local/real_vs_fake/real-vs-fake/train/real/53787.jpg,real,gan,face,train
/content/intel_local/seg_test/seg_test/sea/22508.jpg,real,intel,sea,test
/content/diffusion_local/test/FAKE/652 (8).jpg,fake,diffusion,cifar_object,test
/content/gan_local/real_vs_fake/real-vs-fake/train/fake/0LUFDJNRX4.jpg,fake,gan,face,train
/content/gan_local/real_vs_fake/real-vs-fake/train/real/17472.jpg,real,gan,face,train
/content/diffusion_local/train/FAKE/3575 (8).jpg,fake,diffusion,cifar_object,train
/content/gan_local/real_vs_fake/real-vs-fake/train/fake/BRY1LCIPU4.jpg,fake,gan,face,train
/content/diffusion_local/train/FAKE/2832 (7).jpg,fake,diffusion,cifar_object,train
/content/diffusion_local/train/FAKE/3151 (5).jpg,fake,diffusion,cifar_object,train
/content/general_ai_local/AiArtData/AiArtData/AI-Art.jpeg,fake,general_ai,AiArtData,train
/content/general_ai_local/AiArtData/AiArtData/NeseDevenot_02.jpg,fake,general_ai,AiArtData,train
/content/diffusion_local/train/FAKE/4937 (9).jpg,fake,diffusion,cifar_object,train
/content/diffusion_local/test/FAKE/617 (5).jpg,fake,diffusion,cifar_object,test
/content/intel_local/seg_train/seg_train/sea/4446.jpg,real,intel,sea,train
/content/diffusion_local/train/REAL/3357.jpg,real,diffusion,cifar_object,train
/content/gan_local/real_vs_fake/real-vs-fake/train/fake/EKCTCJAJGS.jpg,fake,gan,face,train
/content/diffusion_local/train/REAL/1438 (4).jpg,real,diffusion,cifar_object,train
/content/gan_local/real_vs_fake/real-vs-fake/test/real/17690.jpg,real,gan,face,test
/content/gan_local/real_vs_fake/real-vs-fake/train/real/67013.jpg,real,gan,face,train
/content/intel_local/seg_test/seg_test/mountain/21038.jpg,real,intel,mountain,test
/content/diffusion_local/train/FAKE/3676 (3).jpg,fake,diffusion,cifar_object,train
/content/intel_local/seg_train/seg_train/forest/7972.jpg,real,intel,forest,train
/content/intel_local/seg_train/seg_train/glacier/12035.jpg,real,intel,glacier,train
/content/intel_local/seg_train/seg_train/mountain/5163.jpg,real,intel,mountain,train
/content/diffusion_local/train/REAL/3228 (6).jpg,real,diffusion,cifar_object,train
/content/gan_local/real_vs_fake/real-vs-fake/train/fake/DR9805WTW7.jpg,fake,gan,face,train
/content/gan_local/real_vs_fake/real-vs-fake/test/real/67294.jpg,real,gan,face,test
/content/gan_local/real_vs_fake/real-vs-fake/train/fake/92MLDUDWYG.jpg,fake,gan,face,train
/content/gan_local/real_vs_fake/real-vs-fake/valid/real/08861.jpg,real,gan,face,valid
/content/intel_local/seg_test/seg_test/buildings/22665.jpg,real,intel,buildings,test
/content/intel_local/seg_train/seg_train/sea/19098.jpg,real,intel,sea,train
/content/diffusion_local/train/REAL/3254 (4).jpg,real,diffusion,cifar_object,train
/content/diffusion_local/train/REAL/2851 (2).jpg,real,diffusion,cifar_object,train
/content/gan_local/real_vs_fake/real-vs-fake/test/fake/FFX8357YK8.jpg,fake,gan,face,test
/content/gan_local/real_vs_fake/real-vs-fake/train/real/23385.jpg,real,gan,face,train
/content/diffusion_local/test/REAL/0894 (4).jpg,real,diffusion,cifar_object,test
/content/intel_local/seg_train/seg_train/buildings/10809.jpg,real,intel,buildings,train
/content/gan_local/real_vs_fake/real-vs-fake/test/fake/RECOK3KVZ0.jpg,fake,gan,face,test
/content/general_ai_local/RealArt/RealArt/180222162827-the-kiss-story-top-card-image.jpg,real,general_ai,RealArt,train
/content/diffusion_local/train/REAL/3157 (8).jpg,real,diffusion,cifar_object,train
/content/diffusion_local/train/FAKE/4308 (5).jpg,fake,diffusion,cifar_object,train
/content/general_ai_local/RealArt/RealArt/sunset-ocean-beautiful-scenery-paint-by-number.jpg,real,general_ai,RealArt,train
/content/general_ai_local/AiArtData/AiArtData/psychedelic-planet-surreal-landscape-water-painting-ai-generated-art_843679-2589.jpg,fake,general_ai,AiArtData,train
/content/diffusion_local/train/FAKE/1041 (3).jpg,fake,diffusion,cifar_object,train
/content/general_ai_local/AiArtData/AiArtData/79ee7c59b0b2a08f9438487b729469ae.jpg,fake,general_ai,AiArtData,train
/content/intel_local/seg_train/seg_train/sea/5362.jpg,real,intel,sea,train
/content/intel_local/seg_train/seg_train/street/18990.jpg,real,intel,street,train
/content/diffusion_local/train/REAL/1028 (9).jpg,real,diffusion,cifar_object,train
/content/diffusion_local/train/REAL/3317.jpg,real,diffusion,cifar_object,train
/content/diffusion_local/train/FAKE/1950 (10).jpg,fake,diffusion,cifar_object,train
/content/intel_local/seg_train/seg_train/forest/10731.jpg,real,intel,forest,train
/content/diffusion_local/train/FAKE/4879.jpg,fake,diffusion,cifar_object,train
/content/gan_local/real_vs_fake/real-vs-fake/train/fake/LOZR1GJ3OG.jpg,fake,gan,face,train
/content/gan_local/real_vs_fake/real-vs-fake/train/fake/R6MB37UZF9.jpg,fake,gan,face,train
/content/diffusion_local/train/REAL/4242 (7).jpg,real,diffusion,cifar_object,train
/content/general_ai_local/AiArtData/AiArtData/tsia-navigating-ai-landscape-blog-hero.png,fake,general_ai,AiArtData,train
/content/intel_local/seg_train/seg_train/mountain/4483.jpg,real,intel,mountain,train
/content/gan_local/real_vs_fake/real-vs-fake/train/real/25196.jpg,real,gan,face,train
/content/intel_local/seg_test/seg_test/mountain/23936.jpg,real,intel,mountain,test
/content/gan_local/real_vs_fake/real-vs-fake/train/fake/3O1R05GUYK.jpg,fake,gan,face,train
/content/gan_local/real_vs_fake/real-vs-fake/train/fake/HJCXFFWVY3.jpg,fake,gan,face,train
/content/general_ai_local/RealArt/RealArt/_128319873_975784e5-9c6c-441e-9d3e-c77a84d5013f.jpg,real,general_ai,RealArt,train
/content/intel_local/seg_train/seg_train/street/15873.jpg,real,intel,street,train
/content/gan_local/real_vs_fake/real-vs-fake/train/fake/SYS45VSRFH.jpg,fake,gan,face,train
/content/gan_local/real_vs_fake/real-vs-fake/valid/real/56374.jpg,real,gan,face,valid
/content/gan_local/real_vs_fake/real-vs-fake/train/fake/6OBLS6TEGH.jpg,fake,gan,face,train
/content/gan_local/real_vs_fake/real-vs-fake/valid/fake/ND3VQ80KCN.jpg,fake,gan,face,valid
/content/gan_local/real_vs_fake/real-vs-fake/test/real/22052.jpg,real,gan,face,test
/content/diffusion_local/train/FAKE/4674 (7).jpg,fake,diffusion,cifar_object,train
/content/general_ai_local/RealArt/RealArt/beauty-nature-scenery-landscape-background-nature-composition-beautiful-landscape-PA57M3.jpg,real,general_ai,RealArt,train
/content/gan_local/real_vs_fake/real-vs-fake/train/fake/EL6AVJVELR.jpg,fake,gan,face,train
/content/gan_local/real_vs_fake/real-vs-fake/test/real/12534.jpg,real,gan,face,test
/content/gan_local/real_vs_fake/real-vs-fake/test/fake/O7S1HOX97A.jpg,fake,gan,face,test
/content/gan_local/real_vs_fake/real-vs-fake/valid/real/36176.jpg,real,gan,face,valid
/content/diffusion_local/test/FAKE/425 (8).jpg,fake,diffusion,cifar_object,test
/content/general_ai_local/RealArt/RealArt/5c09c4dc82dc441dfb26975fe8dc1634.jpg,real,general_ai,RealArt,train
/content/intel_local/seg_test/seg_test/sea/21649.jpg,real,intel,sea,test
/content/gan_local/real_vs_fake/real-vs-fake/valid/fake/IE6RE5SY3V.jpg,fake,gan,face,valid
/content/gan_local/real_vs_fake/real-vs-fake/train/fake/X80UTFYMME.jpg,fake,gan,face,train
/content/general_ai_local/AiArtData/AiArtData/196027s_art_of_cow_getting_abducted_by_UFO_in_midwest.jpg,fake,general_ai,AiArtData,train
/content/gan_local/real_vs_fake/real-vs-fake/train/fake/1JNLSYOE4W.jpg,fake,gan,face,train
/content/diffusion_local/train/FAKE/1543 (8).jpg,fake,diffusion,cifar_object,train
/content/general_ai_local/AiArtData/AiArtData/Vincent-progress.jpg,fake,general_ai,AiArtData,train
/content/general_ai_local/RealArt/RealArt/bear-painting-abstract-animal-art-kent-paulette.jpg,real,general_ai,RealArt,train
/content/intel_local/seg_test/seg_test/sea/20848.jpg,real,intel,sea,test
/content/diffusion_local/train/REAL/2401 (10).jpg,real,diffusion,cifar_object,train
/content/gan_local/real_vs_fake/real-vs-fake/train/fake/8ADDMR1A30.jpg,fake,gan,face,train
/content/diffusion_local/train/REAL/4004.jpg,real,diffusion,cifar_object,train
/content/intel_local/seg_train/seg_train/sea/14573.jpg,real,intel,sea,train
/content/intel_local/seg_train/seg_train/sea/2015.jpg,real,intel,sea,train
/content/diffusion_local/train/FAKE/1255 (7).jpg,fake,diffusion,cifar_object,train
/content/gan_local/real_vs_fake/real-vs-fake/train/fake/RSMRNHW12A.jpg,fake,gan,face,train
/content/diffusion_local/test/REAL/0487 (10).jpg,real,diffusion,cifar_object,test
/content/gan_local/real_vs_fake/real-vs-fake/valid/real/30883.jpg,real,gan,face,valid
/content/diffusion_local/train/REAL/0037 (5).jpg,real,diffusion,cifar_object,train
/content/intel_local/seg_train/seg_train/sea/13757.jpg,real,intel,sea,train
/content/gan_local/real_vs_fake/real-vs-fake/train/fake/MRPNEEPS2A.jpg,fake,gan,face,train
/content/gan_local/real_vs_fake/real-vs-fake/test/fake/V6LDU6OBLP.jpg,fake,gan,face,test
/content/gan_local/real_vs_fake/real-vs-fake/train/fake/L79M5Z71VX.jpg,fake,gan,face,train
/content/gan_local/real_vs_fake/real-vs-fake/train/real/21969.jpg,real,gan,face,train
/content/gan_local/real_vs_fake/real-vs-fake/train/fake/2OSH43RQ6Y.jpg,fake,gan,face,train
/content/gan_local/real_vs_fake/real-vs-fake/train/fake/D215H8P4IU.jpg,fake,gan,face,train
/content/diffusion_local/train/FAKE/5789 (6).jpg,fake,diffusion,cifar_object,train
/content/diffusion_local/train/FAKE/3496 (2).jpg,fake,diffusion,cifar_object,train
/content/diffusion_local/train/REAL/0233 (7).jpg,real,diffusion,cifar_object,train
/content/gan_local/real_vs_fake/real-vs-fake/train/fake/SFYKC3LLDY.jpg,fake,gan,face,train
/content/diffusion_local/train/FAKE/4872 (4).jpg,fake,diffusion,cifar_object,train
/content/intel_local/seg_train/seg_train/forest/6876.jpg,real,intel,forest,train
/content/diffusion_local/train/REAL/3974 (3).jpg,real,diffusion,cifar_object,train
/content/diffusion_local/train/FAKE/2161.jpg,fake,diffusion,cifar_object,train
/content/intel_local/seg_train/seg_train/sea/7318.jpg,real,intel,sea,train
/content/gan_local/real_vs_fake/real-vs-fake/train/real/36821.jpg,real,gan,face,train
/content/diffusion_local/train/FAKE/3340 (6).jpg,fake,diffusion,cifar_object,train
/content/intel_local/seg_train/seg_train/glacier/16003.jpg,real,intel,glacier,train
/content/diffusion_local/train/REAL/3080 (6).jpg,real,diffusion,cifar_object,train
/content/diffusion_local/train/REAL/3826 (7).jpg,real,diffusion,cifar_object,train
/content/intel_local/seg_train/seg_train/sea/3032.jpg,real,intel,sea,train
/content/diffusion_local/train/FAKE/3751 (9).jpg,fake,diffusion,cifar_object,train
/content/intel_local/seg_train/seg_train/buildings/5696.jpg,real,intel,buildings,train
/content/gan_local/real_vs_fake/real-vs-fake/train/fake/8V13S10DZ6.jpg,fake,gan,face,train
/content/diffusion_local/train/REAL/1255 (7).jpg,real,diffusion,cifar_object,train
/content/general_ai_local/AiArtData/AiArtData/ai-art-illustration-landscape-hd-wallpaper-preview.jpg,fake,general_ai,AiArtData,train
/content/diffusion_local/train/FAKE/4254 (2).jpg,fake,diffusion,cifar_object,train
/content/intel_local/seg_test/seg_test/street/22801.jpg,real,intel,street,test
/content/intel_local/seg_train/seg_train/glacier/12366.jpg,real,intel,glacier,train
/content/intel_local/seg_train/seg_train/sea/1116.jpg,real,intel,sea,train
/content/general_ai_local/AiArtData/AiArtData/a-3-718x523.jpeg,fake,general_ai,AiArtData,train
/content/intel_local/seg_train/seg_train/street/19352.jpg,real,intel,street,train
/content/diffusion_local/test/FAKE/455 (7).jpg,fake,diffusion,cifar_object,test
/content/diffusion_local/train/REAL/1716 (2).jpg,real,diffusion,cifar_object,train
/content/diffusion_local/train/REAL/4286 (5).jpg,real,diffusion,cifar_object,train
/content/intel_local/seg_train/seg_train/mountain/16179.jpg,real,intel,mountain,train
/content/gan_local/real_vs_fake/real-vs-fake/train/fake/FG127V2KCY.jpg,fake,gan,face,train
/content/gan_local/real_vs_fake/real-vs-fake/train/fake/KWL4FVMKNH.jpg,fake,gan,face,train
/content/intel_local/seg_train/seg_train/forest/10223.jpg,real,intel,forest,train
/content/general_ai_local/RealArt/RealArt/homepage-usp-photo-2_600x.jpg,real,general_ai,RealArt,train
/content/diffusion_local/test/FAKE/117.jpg,fake,diffusion,cifar_object,test
/content/diffusion_local/train/REAL/0280 (6).jpg,real,diffusion,cifar_object,train
/content/diffusion_local/train/REAL/2592.jpg,real,diffusion,cifar_object,train
/content/diffusion_local/train/FAKE/3471 (4).jpg,fake,diffusion,cifar_object,train
/content/gan_local/real_vs_fake/real-vs-fake/train/real/36043.jpg,real,gan,face,train
/content/gan_local/real_vs_fake/real-vs-fake/train/fake/UOVZ96SPZH.jpg,fake,gan,face,train
/content/diffusion_local/train/REAL/0011 (10).jpg,real,diffusion,cifar_object,train
/content/gan_local/real_vs_fake/real-vs-fake/train/real/00611.jpg,real,gan,face,train
/content/gan_local/real_vs_fake/real-vs-fake/test/fake/GW1LY79YIZ.jpg,fake,gan,face,test
/content/gan_local/real_vs_fake/real-vs-fake/test/real/61400.jpg,real,gan,face,test
/content/gan_local/real_vs_fake/real-vs-fake/train/real/27480.jpg,real,gan,face,train
/content/gan_local/real_vs_fake/real-vs-fake/valid/fake/3XZPEJ7BVV.jpg,fake,gan,face,valid
/content/diffusion_local/train/REAL/0116 (10).jpg,real,diffusion,cifar_object,train
/content/diffusion_local/train/REAL/4155 (9).jpg,real,diffusion,cifar_object,train
/content/diffusion_local/train/FAKE/4042 (6).jpg,fake,diffusion,cifar_object,train
/content/gan_local/real_vs_fake/real-vs-fake/train/fake/T5U2497573.jpg,fake,gan,face,train
/content/diffusion_local/train/FAKE/4520 (7).jpg,fake,diffusion,cifar_object,train
/content/diffusion_local/train/FAKE/3959 (8).jpg,fake,diffusion,cifar_object,train
/content/diffusion_local/train/FAKE/4287 (4).jpg,fake,diffusion,cifar_object,train
/content/gan_local/real_vs_fake/real-vs-fake/test/fake/VNNRW4948V.jpg,fake,gan,face,test
/content/diffusion_local/test/REAL/0936 (9).jpg,real,diffusion,cifar_object,test
/content/intel_local/seg_train/seg_train/forest/10707.jpg,real,intel,forest,train
/content/intel_local/seg_train/seg_train/sea/18716.jpg,real,intel,sea,train
/content/intel_local/seg_train/seg_train/street/14280.jpg,real,intel,street,train
/content/diffusion_local/train/FAKE/2963 (10).jpg,fake,diffusion,cifar_object,train
/content/diffusion_local/test/REAL/0248 (9).jpg,real,diffusion,cifar_object,test
/content/diffusion_local/train/FAKE/3205 (3).jpg,fake,diffusion,cifar_object,train
/content/intel_local/seg_train/seg_train/mountain/4228.jpg,real,intel,mountain,train
/content/gan_local/real_vs_fake/real-vs-fake/train/fake/4VUFB2B3W1.jpg,fake,gan,face,train
/content/diffusion_local/test/FAKE/469 (5).jpg,fake,diffusion,cifar_object,test
/content/diffusion_local/train/REAL/1741 (9).jpg,real,diffusion,cifar_object,train
/content/gan_local/real_vs_fake/real-vs-fake/train/real/37445.jpg,real,gan,face,train
/content/gan_local/real_vs_fake/real-vs-fake/train/fake/26AMHRHC5P.jpg,fake,gan,face,train
/content/gan_local/real_vs_fake/real-vs-fake/train/real/66095.jpg,real,gan,face,train
/content/diffusion_local/train/REAL/3321 (4).jpg,real,diffusion,cifar_object,train
/content/gan_local/real_vs_fake/real-vs-fake/test/fake/4TD9XFYMTZ.jpg,fake,gan,face,test
/content/intel_local/seg_train/seg_train/street/150.jpg,real,intel,street,train
/content/intel_local/seg_train/seg_train/mountain/1612.jpg,real,intel,mountain,train
/content/general_ai_local/AiArtData/AiArtData/89644a996fdd0cfc9e06398c64320fbe.jpg,fake,general_ai,AiArtData,train
/content/gan_local/real_vs_fake/real-vs-fake/train/real/21235.jpg,real,gan,face,train
/content/intel_local/seg_test/seg_test/glacier/20418.jpg,real,intel,glacier,test
/content/intel_local/seg_train/seg_train/buildings/16793.jpg,real,intel,buildings,train
/content/intel_local/seg_train/seg_train/street/17497.jpg,real,intel,street,train
/content/intel_local/seg_train/seg_train/mountain/3138.jpg,real,intel,mountain,train
/content/gan_local/real_vs_fake/real-vs-fake/test/fake/73BZX1OTL1.jpg,fake,gan,face,test
/content/gan_local/real_vs_fake/real-vs-fake/valid/fake/77DPD6BOE6.jpg,fake,gan,face,valid
/content/general_ai_local/AiArtData/AiArtData/AI_image.png,fake,general_ai,AiArtData,train
/content/diffusion_local/test/FAKE/463 (6).jpg,fake,diffusion,cifar_object,test
/content/general_ai_local/RealArt/RealArt/152752.jpg,real,general_ai,RealArt,train
/content/gan_local/real_vs_fake/real-vs-fake/train/fake/FQZ495P5VZ.jpg,fake,gan,face,train
/content/diffusion_local/train/FAKE/5581 (9).jpg,fake,diffusion,cifar_object,train
/content/intel_local/seg_train/seg_train/buildings/14035.jpg,real,intel,buildings,train
/content/intel_local/seg_train/seg_train/buildings/11302.jpg,real,intel,buildings,train
/content/gan_local/real_vs_fake/real-vs-fake/train/real/63748.jpg,real,gan,face,train
/content/gan_local/real_vs_fake/real-vs-fake/valid/fake/HXI2VY1INQ.jpg,fake,gan,face,valid
/content/gan_local/real_vs_fake/real-vs-fake/valid/fake/RYK6GUHV5I.jpg,fake,gan,face,valid
/content/diffusion_local/train/FAKE/1841 (10).jpg,fake,diffusion,cifar_object,train
/content/general_ai_local/RealArt/RealArt/peoplegrove-og_image.jpg,real,general_ai,RealArt,train
/content/gan_local/real_vs_fake/real-vs-fake/train/real/44005.jpg,real,gan,face,train
/content/gan_local/real_vs_fake/real-vs-fake/valid/fake/VK3T9XD08C.jpg,fake,gan,face,valid
/content/intel_local/seg_train/seg_train/buildings/17891.jpg,real,intel,buildings,train
/content/general_ai_local/AiArtData/AiArtData/history-of-AI-art.jpg,fake,general_ai,AiArtData,train
/content/gan_local/real_vs_fake/real-vs-fake/train/fake/8IQPSPRH1Z.jpg,fake,gan,face,train
/content/intel_local/seg_train/seg_train/buildings/15693.jpg,real,intel,buildings,train
/content/diffusion_local/train/FAKE/1400 (6).jpg,fake,diffusion,cifar_object,train
/content/intel_local/seg_test/seg_test/street/22351.jpg,real,intel,street,test
/content/gan_local/real_vs_fake/real-vs-fake/valid/real/24423.jpg,real,gan,face,valid
/content/intel_local/seg_test/seg_test/mountain/24165.jpg,real,intel,mountain,test
/content/general_ai_local/AiArtData/AiArtData/merlin_212276709_3104aef5-3dc4-4288-bb44-9e5624db0b37-articleLarge.jpg,fake,general_ai,AiArtData,train
/content/intel_local/seg_train/seg_train/mountain/5296.jpg,real,intel,mountain,train
/content/gan_local/real_vs_fake/real-vs-fake/train/fake/AECMRK0D7G.jpg,fake,gan,face,train
/content/intel_local/seg_train/seg_train/glacier/7552.jpg,real,intel,glacier,train
/content/intel_local/seg_train/seg_train/street/19010.jpg,real,intel,street,train
/content/diffusion_local/train/FAKE/3541 (5).jpg,fake,diffusion,cifar_object,train
/content/intel_local/seg_train/seg_train/sea/9292.jpg,real,intel,sea,train
/content/diffusion_local/test/FAKE/814 (2).jpg,fake,diffusion,cifar_object,test
/content/intel_local/seg_train/seg_train/street/9412.jpg,real,intel,street,train
/content/diffusion_local/train/FAKE/3908 (3).jpg,fake,diffusion,cifar_object,train
/content/diffusion_local/test/FAKE/29 (7).jpg,fake,diffusion,cifar_object,test
/content/gan_local/real_vs_fake/real-vs-fake/train/fake/BZW0NZ8O3P.jpg,fake,gan,face,train
/content/gan_local/real_vs_fake/real-vs-fake/test/real/43627.jpg,real,gan,face,test
/content/diffusion_local/train/REAL/2762 (2).jpg,real,diffusion,cifar_object,train
/content/diffusion_local/train/REAL/3624 (3).jpg,real,diffusion,cifar_object,train
/content/intel_local/seg_train/seg_train/glacier/16797.jpg,real,intel,glacier,train
/content/diffusion_local/train/FAKE/3844 (2).jpg,fake,diffusion,cifar_object,train
/content/gan_local/real_vs_fake/real-vs-fake/train/fake/CM5GN8MBX3.jpg,fake,gan,face,train
/content/gan_local/real_vs_fake/real-vs-fake/valid/fake/5945UPP56N.jpg,fake,gan,face,valid
/content/intel_local/seg_train/seg_train/glacier/16335.jpg,real,intel,glacier,train
/content/intel_local/seg_train/seg_train/sea/5938.jpg,real,intel,sea,train
/content/gan_local/real_vs_fake/real-vs-fake/train/fake/NYRJ7ULVW4.jpg,fake,gan,face,train
/content/diffusion_local/test/REAL/0404 (7).jpg,real,diffusion,cifar_object,test
/content/gan_local/real_vs_fake/real-vs-fake/train/fake/7W0VEASMCM.jpg,fake,gan,face,train
/content/gan_local/real_vs_fake/real-vs-fake/train/fake/MBUFBIMGYI.jpg,fake,gan,face,train
/content/diffusion_local/train/REAL/1038.jpg,real,diffusion,cifar_object,train
/content/intel_local/seg_train/seg_train/forest/11046.jpg,real,intel,forest,train
/content/intel_local/seg_train/seg_train/forest/11296.jpg,real,intel,forest,train
/content/gan_local/real_vs_fake/real-vs-fake/train/real/58656.jpg,real,gan,face,train
/content/gan_local/real_vs_fake/real-vs-fake/train/fake/DVBL10M377.jpg,fake,gan,face,train
/content/diffusion_local/train/FAKE/2574 (4).jpg,fake,diffusion,cifar_object,train
/content/gan_local/real_vs_fake/real-vs-fake/train/real/20705.jpg,real,gan,face,train
/content/gan_local/real_vs_fake/real-vs-fake/train/fake/KOSNS5RNK3.jpg,fake,gan,face,train
/content/gan_local/real_vs_fake/real-vs-fake/train/real/53357.jpg,real,gan,face,train
/content/diffusion_local/test/REAL/0219 (2).jpg,real,diffusion,cifar_object,test
/content/intel_local/seg_train/seg_train/forest/2131.jpg,real,intel,forest,train
/content/gan_local/real_vs_fake/real-vs-fake/train/fake/XVGY96LR0S.jpg,fake,gan,face,train
/content/gan_local/real_vs_fake/real-vs-fake/valid/real/17125.jpg,real,gan,face,valid
/content/intel_local/seg_train/seg_train/sea/1682.jpg,real,intel,sea,train
/content/gan_local/real_vs_fake/real-vs-fake/test/fake/AOWAUTIJO4.jpg,fake,gan,face,test
/content/gan_local/real_vs_fake/real-vs-fake/train/fake/NUSV5YLLSY.jpg,fake,gan,face,train
/content/intel_local/seg_test/seg_test/glacier/20164.jpg,real,intel,glacier,test
/content/diffusion_local/train/FAKE/1766.jpg,fake,diffusion,cifar_object,train
/content/gan_local/real_vs_fake/real-vs-fake/valid/fake/2FPRRWGPFM.jpg,fake,gan,face,valid
/content/diffusion_local/test/FAKE/14 (4).jpg,fake,diffusion,cifar_object,test
/content/intel_local/seg_train/seg_train/mountain/17429.jpg,real,intel,mountain,train
/content/diffusion_local/train/REAL/0982.jpg,real,diffusion,cifar_object,train
/content/diffusion_local/train/FAKE/1145 (2).jpg,fake,diffusion,cifar_object,train
/content/diffusion_local/train/FAKE/2889.jpg,fake,diffusion,cifar_object,train
/content/diffusion_local/train/REAL/1128 (5).jpg,real,diffusion,cifar_object,train
/content/gan_local/real_vs_fake/real-vs-fake/train/real/18267.jpg,real,gan,face,train
/content/diffusion_local/train/REAL/4875.jpg,real,diffusion,cifar_object,train
/content/diffusion_local/train/REAL/0160 (8).jpg,real,diffusion,cifar_object,train
/content/gan_local/real_vs_fake/real-vs-fake/test/fake/2NOYOD9PAS.jpg,fake,gan,face,test
/content/diffusion_local/train/REAL/4625 (4).jpg,real,diffusion,cifar_object,train
/content/diffusion_local/train/FAKE/5523 (5).jpg,fake,diffusion,cifar_object,train
/content/gan_local/real_vs_fake/real-vs-fake/train/fake/66BMRJ1O5N.jpg,fake,gan,face,train
/content/intel_local/seg_test/seg_test/forest/21769.jpg,real,intel,forest,test
/content/gan_local/real_vs_fake/real-vs-fake/test/real/13683.jpg,real,gan,face,test
/content/intel_local/seg_train/seg_train/buildings/17491.jpg,real,intel,buildings,train
/content/diffusion_local/train/FAKE/2691 (6).jpg,fake,diffusion,cifar_object,train
/content/diffusion_local/train/FAKE/5977 (4).jpg,fake,diffusion,cifar_object,train
/content/intel_local/seg_train/seg_train/sea/18403.jpg,real,intel,sea,train
/content/gan_local/real_vs_fake/real-vs-fake/train/fake/R48LGKBS13.jpg,fake,gan,face,train
/content/gan_local/real_vs_fake/real-vs-fake/test/fake/H773OPO12K.jpg,fake,gan,face,test
/content/intel_local/seg_test/seg_test/sea/24088.jpg,real,intel,sea,test
/content/diffusion_local/test/REAL/0923 (3).jpg,real,diffusion,cifar_object,test
/content/gan_local/real_vs_fake/real-vs-fake/valid/fake/1XSSW4JS52.jpg,fake,gan,face,valid
/content/diffusion_local/train/FAKE/4059 (9).jpg,fake,diffusion,cifar_object,train
/content/gan_local/real_vs_fake/real-vs-fake/train/real/10898.jpg,real,gan,face,train
/content/diffusion_local/train/FAKE/1299 (8).jpg,fake,diffusion,cifar_object,train
/content/gan_local/real_vs_fake/real-vs-fake/valid/real/53696.jpg,real,gan,face,valid
/content/intel_local/seg_train/seg_train/street/10238.jpg,real,intel,street,train
/content/diffusion_local/train/REAL/4977.jpg,real,diffusion,cifar_object,train
/content/diffusion_local/train/REAL/0454 (6).jpg,real,diffusion,cifar_object,train
/content/intel_local/seg_train/seg_train/street/8410.jpg,real,intel,street,train
/content/diffusion_local/test/FAKE/881 (10).jpg,fake,diffusion,cifar_object,test
/content/gan_local/real_vs_fake/real-vs-fake/train/fake/DAZUHP2MOT.jpg,fake,gan,face,train
/content/gan_local/real_vs_fake/real-vs-fake/train/fake/Z8N52KP8GS.jpg,fake,gan,face,train
/content/diffusion_local/train/REAL/4748 (4).jpg,real,diffusion,cifar_object,train
/content/gan_local/real_vs_fake/real-vs-fake/train/fake/PLYJBHBQH8.jpg,fake,gan,face,train
/content/diffusion_local/train/REAL/1299 (3).jpg,real,diffusion,cifar_object,train
/content/diffusion_local/train/FAKE/3569 (10).jpg,fake,diffusion,cifar_object,train
/content/diffusion_local/train/REAL/4378 (2).jpg,real,diffusion,cifar_object,train
/content/diffusion_local/train/FAKE/4792 (3).jpg,fake,diffusion,cifar_object,train
/content/general_ai_local/AiArtData/AiArtData/1u7_j9GJ8BuLJv529Og-Tgg.png,fake,general_ai,AiArtData,train
/content/gan_local/real_vs_fake/real-vs-fake/train/fake/3SIQOTZ6ZX.jpg,fake,gan,face,train
/content/gan_local/real_vs_fake/real-vs-fake/train/fake/GSZ9EHVMPU.jpg,fake,gan,face,train
/content/diffusion_local/train/FAKE/4106 (8).jpg,fake,diffusion,cifar_object,train
/content/general_ai_local/AiArtData/AiArtData/fpostersmallwall_textureproduct750x1000.u2.jpg,fake,general_ai,AiArtData,train
/content/gan_local/real_vs_fake/real-vs-fake/test/fake/X3672PPXRJ.jpg,fake,gan,face,test
/content/gan_local/real_vs_fake/real-vs-fake/train/fake/28RSLR8ZXJ.jpg,fake,gan,face,train
/content/diffusion_local/train/FAKE/5784 (5).jpg,fake,diffusion,cifar_object,train
/content/diffusion_local/train/REAL/1558 (3).jpg,real,diffusion,cifar_object,train
/content/gan_local/real_vs_fake/real-vs-fake/train/real/21922.jpg,real,gan,face,train
/content/diffusion_local/train/REAL/2836 (4).jpg,real,diffusion,cifar_object,train
/content/diffusion_local/train/FAKE/4386 (5).jpg,fake,diffusion,cifar_object,train
/content/diffusion_local/train/FAKE/4425 (2).jpg,fake,diffusion,cifar_object,train
/content/intel_local/seg_train/seg_train/mountain/13705.jpg,real,intel,mountain,train
/content/diffusion_local/train/REAL/0043 (8).jpg,real,diffusion,cifar_object,train
/content/diffusion_local/train/REAL/3464 (3).jpg,real,diffusion,cifar_object,train
/content/diffusion_local/train/REAL/3895 (10).jpg,real,diffusion,cifar_object,train
/content/gan_local/real_vs_fake/real-vs-fake/train/fake/NBRPXPQ3R0.jpg,fake,gan,face,train
/content/gan_local/real_vs_fake/real-vs-fake/valid/real/66907.jpg,real,gan,face,valid
/content/intel_local/seg_train/seg_train/sea/17101.jpg,real,intel,sea,train
/content/gan_local/real_vs_fake/real-vs-fake/valid/real/69823.jpg,real,gan,face,valid
/content/diffusion_local/train/REAL/2748 (8).jpg,real,diffusion,cifar_object,train
/content/gan_local/real_vs_fake/real-vs-fake/train/real/63125.jpg,real,gan,face,train
/content/diffusion_local/train/REAL/4217.jpg,real,diffusion,cifar_object,train
/content/diffusion_local/test/FAKE/357 (3).jpg,fake,diffusion,cifar_object,test
/content/gan_local/real_vs_fake/real-vs-fake/train/real/35173.jpg,real,gan,face,train
/content/intel_local/seg_train/seg_train/street/2121.jpg,real,intel,street,train
/content/intel_local/seg_test/seg_test/forest/22897.jpg,real,intel,forest,test
/content/diffusion_local/train/FAKE/1691 (4).jpg,fake,diffusion,cifar_object,train
/content/diffusion_local/train/FAKE/1735 (3).jpg,fake,diffusion,cifar_object,train
/content/diffusion_local/train/FAKE/5374 (7).jpg,fake,diffusion,cifar_object,train
/content/diffusion_local/test/REAL/0457 (6).jpg,real,diffusion,cifar_object,test
/content/intel_local/seg_train/seg_train/street/16521.jpg,real,intel,street,train
/content/intel_local/seg_train/seg_train/buildings/7544.jpg,real,intel,buildings,train
/content/general_ai_local/AiArtData/AiArtData/landscapes.png,fake,general_ai,AiArtData,train
/content/gan_local/real_vs_fake/real-vs-fake/train/fake/KYAGUZ7H13.jpg,fake,gan,face,train
/content/gan_local/real_vs_fake/real-vs-fake/train/fake/DDL04HMCP6.jpg,fake,gan,face,train
/content/gan_local/real_vs_fake/real-vs-fake/train/real/12225.jpg,real,gan,face,train
/content/gan_local/real_vs_fake/real-vs-fake/test/fake/BT9WIUFKLZ.jpg,fake,gan,face,test
/content/diffusion_local/train/REAL/3476 (7).jpg,real,diffusion,cifar_object,train
/content/diffusion_local/train/REAL/1540 (9).jpg,real,diffusion,cifar_object,train
/content/diffusion_local/train/FAKE/2597 (6).jpg,fake,diffusion,cifar_object,train
/content/intel_local/seg_train/seg_train/glacier/12593.jpg,real,intel,glacier,train
/content/gan_local/real_vs_fake/real-vs-fake/train/real/22994.jpg,real,gan,face,train
/content/diffusion_local/train/FAKE/5006 (8).jpg,fake,diffusion,cifar_object,train
/content/gan_local/real_vs_fake/real-vs-fake/train/fake/LJSZBKX3XJ.jpg,fake,gan,face,train
/content/gan_local/real_vs_fake/real-vs-fake/train/fake/GHQ24WVGGO.jpg,fake,gan,face,train
/content/gan_local/real_vs_fake/real-vs-fake/test/real/04947.jpg,real,gan,face,test
/content/diffusion_local/train/FAKE/4461 (5).jpg,fake,diffusion,cifar_object,train
/content/gan_local/real_vs_fake/real-vs-fake/train/real/23685.jpg,real,gan,face,train
/content/diffusion_local/train/REAL/0644 (3).jpg,real,diffusion,cifar_object,train
/content/gan_local/real_vs_fake/real-vs-fake/test/real/38769.jpg,real,gan,face,test
/content/gan_local/real_vs_fake/real-vs-fake/valid/fake/TOJ00BPB46.jpg,fake,gan,face,valid
/content/gan_local/real_vs_fake/real-vs-fake/train/real/26726.jpg,real,gan,face,train
/content/gan_local/real_vs_fake/real-vs-fake/train/fake/TLMT2K7COT.jpg,fake,gan,face,train
/content/gan_local/real_vs_fake/real-vs-fake/train/fake/FEEAXXDNZ9.jpg,fake,gan,face,train
/content/gan_local/real_vs_fake/real-vs-fake/train/real/53718.jpg,real,gan,face,train
/content/gan_local/real_vs_fake/real-vs-fake/train/fake/QTH6W5QGDY.jpg,fake,gan,face,train
/content/intel_local/seg_train/seg_train/mountain/14600.jpg,real,intel,mountain,train
/content/general_ai_local/AiArtData/AiArtData/midjourney-52.jpg,fake,general_ai,AiArtData,train
/content/gan_local/real_vs_fake/real-vs-fake/train/fake/39R9GP9U25.jpg,fake,gan,face,train
/content/intel_local/seg_train/seg_train/street/13196.jpg,real,intel,street,train
/content/gan_local/real_vs_fake/real-vs-fake/train/real/48366.jpg,real,gan,face,train
/content/diffusion_local/train/FAKE/5419 (7).jpg,fake,diffusion,cifar_object,train
/content/intel_local/seg_train/seg_train/street/4978.jpg,real,intel,street,train
/content/gan_local/real_vs_fake/real-vs-fake/train/fake/8D7RQST8OE.jpg,fake,gan,face,train
/content/diffusion_local/train/FAKE/3066 (4).jpg,fake,diffusion,cifar_object,train
/content/intel_local/seg_train/seg_train/mountain/6000.jpg,real,intel,mountain,train
/content/gan_local/real_vs_fake/real-vs-fake/test/real/27761.jpg,real,gan,face,test
/content/intel_local/seg_train/seg_train/sea/2109.jpg,real,intel,sea,train
/content/intel_local/seg_test/seg_test/street/22408.jpg,real,intel,street,test
/content/gan_local/real_vs_fake/real-vs-fake/train/fake/A3T1O0TCZU.jpg,fake,gan,face,train
/content/intel_local/seg_train/seg_train/sea/11543.jpg,real,intel,sea,train
/content/diffusion_local/train/FAKE/3163 (2).jpg,fake,diffusion,cifar_object,train
/content/intel_local/seg_test/seg_test/glacier/24109.jpg,real,intel,glacier,test
/content/diffusion_local/train/FAKE/1093 (10).jpg,fake,diffusion,cifar_object,train
/content/diffusion_local/train/FAKE/2792 (6).jpg,fake,diffusion,cifar_object,train
/content/gan_local/real_vs_fake/real-vs-fake/train/fake/N99FMLKU5T.jpg,fake,gan,face,train
/content/gan_local/real_vs_fake/real-vs-fake/train/real/35023.jpg,real,gan,face,train
/content/gan_local/real_vs_fake/real-vs-fake/train/real/14967.jpg,real,gan,face,train
/content/diffusion_local/test/FAKE/716 (7).jpg,fake,diffusion,cifar_object,test
/content/gan_local/real_vs_fake/real-vs-fake/train/real/56655.jpg,real,gan,face,train
/content/diffusion_local/train/FAKE/3210 (8).jpg,fake,diffusion,cifar_object,train
/content/diffusion_local/train/REAL/4518 (8).jpg,real,diffusion,cifar_object,train
/content/gan_local/real_vs_fake/real-vs-fake/valid/fake/4G1W3WCYOC.jpg,fake,gan,face,valid
/content/gan_local/real_vs_fake/real-vs-fake/train/real/49931.jpg,real,gan,face,train
/content/diffusion_local/train/REAL/2460 (4).jpg,real,diffusion,cifar_object,train
/content/diffusion_local/train/FAKE/3278 (3).jpg,fake,diffusion,cifar_object,train
/content/diffusion_local/train/REAL/2314 (3).jpg,real,diffusion,cifar_object,train
/content/diffusion_local/test/FAKE/398 (10).jpg,fake,diffusion,cifar_object,test
/content/intel_local/seg_train/seg_train/street/8657.jpg,real,intel,street,train
/content/gan_local/real_vs_fake/real-vs-fake/valid/fake/LOVE0ENT2G.jpg,fake,gan,face,valid
/content/diffusion_local/train/REAL/4230 (5).jpg,real,diffusion,cifar_object,train
/content/diffusion_local/train/FAKE/2060 (10).jpg,fake,diffusion,cifar_object,train
/content/gan_local/real_vs_fake/real-vs-fake/train/fake/8W1VRF40SI.jpg,fake,gan,face,train
/content/intel_local/seg_test/seg_test/sea/23855.jpg,real,intel,sea,test
/content/general_ai_local/AiArtData/AiArtData/macron-rev.jpg,fake,general_ai,AiArtData,train
/content/diffusion_local/train/REAL/2340 (9).jpg,real,diffusion,cifar_object,train
/content/intel_local/seg_train/seg_train/sea/13804.jpg,real,intel,sea,train
/content/gan_local/real_vs_fake/real-vs-fake/valid/fake/A1UZXUL7SC.jpg,fake,gan,face,valid
/content/gan_local/real_vs_fake/real-vs-fake/test/fake/NRNCHXT3YQ.jpg,fake,gan,face,test
/content/diffusion_local/test/FAKE/920 (5).jpg,fake,diffusion,cifar_object,test
/content/diffusion_local/train/FAKE/3818 (3).jpg,fake,diffusion,cifar_object,train
/content/gan_local/real_vs_fake/real-vs-fake/train/fake/8BJRKGXTDX.jpg,fake,gan,face,train
/content/diffusion_local/train/FAKE/1239 (10).jpg,fake,diffusion,cifar_object,train
/content/general_ai_local/RealArt/RealArt/Science-of-Attraction-feat.jpg,real,general_ai,RealArt,train
/content/intel_local/seg_train/seg_train/mountain/14029.jpg,real,intel,mountain,train
/content/diffusion_local/train/REAL/3838 (9).jpg,real,diffusion,cifar_object,train
/content/diffusion_local/train/FAKE/4126.jpg,fake,diffusion,cifar_object,train
/content/diffusion_local/train/FAKE/1305 (5).jpg,fake,diffusion,cifar_object,train
/content/gan_local/real_vs_fake/real-vs-fake/valid/real/13078.jpg,real,gan,face,valid
/content/diffusion_local/train/FAKE/3587 (4).jpg,fake,diffusion,cifar_object,train
/content/gan_local/real_vs_fake/real-vs-fake/test/fake/MLWDP2LKRJ.jpg,fake,gan,face,test
/content/gan_local/real_vs_fake/real-vs-fake/train/fake/51JVJF6F8X.jpg,fake,gan,face,train
/content/gan_local/real_vs_fake/real-vs-fake/train/fake/PHGLLTT55K.jpg,fake,gan,face,train
/content/intel_local/seg_train/seg_train/glacier/19820.jpg,real,intel,glacier,train
/content/gan_local/real_vs_fake/real-vs-fake/train/real/65668.jpg,real,gan,face,train
/content/intel_local/seg_test/seg_test/sea/23955.jpg,real,intel,sea,test
/content/diffusion_local/train/REAL/1171 (6).jpg,real,diffusion,cifar_object,train
/content/intel_local/seg_test/seg_test/mountain/23343.jpg,real,intel,mountain,test
/content/diffusion_local/test/FAKE/315 (6).jpg,fake,diffusion,cifar_object,test
/content/general_ai_local/RealArt/RealArt/people-person.jpg,real,general_ai,RealArt,train
/content/gan_local/real_vs_fake/real-vs-fake/train/real/10555.jpg,real,gan,face,train
/content/gan_local/real_vs_fake/real-vs-fake/train/real/12157.jpg,real,gan,face,train
/content/gan_local/real_vs_fake/real-vs-fake/train/fake/CVSSDGI63N.jpg,fake,gan,face,train
/content/gan_local/real_vs_fake/real-vs-fake/valid/real/49449.jpg,real,gan,face,valid
/content/gan_local/real_vs_fake/real-vs-fake/train/fake/Q0L7LM2ENP.jpg,fake,gan,face,train
/content/general_ai_local/RealArt/RealArt/9320811-NWDRYHDP-6.jpg,real,general_ai,RealArt,train
/content/intel_local/seg_train/seg_train/mountain/7836.jpg,real,intel,mountain,train
/content/gan_local/real_vs_fake/real-vs-fake/train/fake/KE7JK4VBJS.jpg,fake,gan,face,train
/content/gan_local/real_vs_fake/real-vs-fake/valid/fake/5ATD5BNTDJ.jpg,fake,gan,face,valid
/content/intel_local/seg_train/seg_train/buildings/12716.jpg,real,intel,buildings,train
/content/gan_local/real_vs_fake/real-vs-fake/train/fake/J5JLZ3GRZO.jpg,fake,gan,face,train
/content/intel_local/seg_test/seg_test/buildings/21554.jpg,real,intel,buildings,test
/content/gan_local/real_vs_fake/real-vs-fake/valid/fake/BMNIEOD14M.jpg,fake,gan,face,valid
/content/gan_local/real_vs_fake/real-vs-fake/train/fake/NC5C4JZK1Z.jpg,fake,gan,face,train
/content/intel_local/seg_train/seg_train/street/12622.jpg,real,intel,street,train
/content/diffusion_local/train/REAL/2691 (3).jpg,real,diffusion,cifar_object,train
/content/gan_local/real_vs_fake/real-vs-fake/train/real/53845.jpg,real,gan,face,train
/content/gan_local/real_vs_fake/real-vs-fake/test/real/17730.jpg,real,gan,face,test
/content/diffusion_local/test/FAKE/216 (8).jpg,fake,diffusion,cifar_object,test
/content/general_ai_local/AiArtData/AiArtData/188PNRFVDD0f9aTkdz34WYA.png,fake,general_ai,AiArtData,train
/content/gan_local/real_vs_fake/real-vs-fake/train/real/24624.jpg,real,gan,face,train
/content/diffusion_local/train/FAKE/5997 (5).jpg,fake,diffusion,cifar_object,train
/content/diffusion_local/train/REAL/3124 (7).jpg,real,diffusion,cifar_object,train
/content/diffusion_local/train/REAL/4092 (10).jpg,real,diffusion,cifar_object,train
/content/diffusion_local/test/FAKE/372 (6).jpg,fake,diffusion,cifar_object,test
/content/diffusion_local/train/FAKE/2899.jpg,fake,diffusion,cifar_object,train
/content/diffusion_local/train/REAL/2528 (4).jpg,real,diffusion,cifar_object,train
/content/diffusion_local/train/FAKE/5045 (4).jpg,fake,diffusion,cifar_object,train
/content/intel_local/seg_test/seg_test/sea/24076.jpg,real,intel,sea,test
/content/gan_local/real_vs_fake/real-vs-fake/train/fake/YRNOFY0I84.jpg,fake,gan,face,train
/content/diffusion_local/train/FAKE/2004 (6).jpg,fake,diffusion,cifar_object,train
/content/diffusion_local/train/FAKE/5406 (10).jpg,fake,diffusion,cifar_object,train
/content/intel_local/seg_test/seg_test/street/20806.jpg,real,intel,street,test
/content/gan_local/real_vs_fake/real-vs-fake/train/fake/07YKRRAH71.jpg,fake,gan,face,train
/content/gan_local/real_vs_fake/real-vs-fake/train/fake/5T7VPLJ2H1.jpg,fake,gan,face,train
/content/intel_local/seg_train/seg_train/street/16143.jpg,real,intel,street,train
/content/gan_local/real_vs_fake/real-vs-fake/train/fake/ZAZZ88S3K2.jpg,fake,gan,face,train
/content/intel_local/seg_train/seg_train/forest/10239.jpg,real,intel,forest,train
/content/diffusion_local/train/FAKE/2841 (9).jpg,fake,diffusion,cifar_object,train
/content/diffusion_local/train/FAKE/3917 (4).jpg,fake,diffusion,cifar_object,train
/content/diffusion_local/train/FAKE/3582.jpg,fake,diffusion,cifar_object,train
/content/gan_local/real_vs_fake/real-vs-fake/test/real/13905.jpg,real,gan,face,test
/content/gan_local/real_vs_fake/real-vs-fake/train/fake/HGUZC039Y7.jpg,fake,gan,face,train
/content/gan_local/real_vs_fake/real-vs-fake/train/fake/LKAZQXIELC.jpg,fake,gan,face,train
/content/diffusion_local/train/FAKE/3377.jpg,fake,diffusion,cifar_object,train
/content/diffusion_local/train/REAL/3776 (4).jpg,real,diffusion,cifar_object,train
/content/gan_local/real_vs_fake/real-vs-fake/train/fake/115XGO3UGK.jpg,fake,gan,face,train
/content/gan_local/real_vs_fake/real-vs-fake/valid/fake/45N6JIE3GG.jpg,fake,gan,face,valid
/content/diffusion_local/train/FAKE/2147 (7).jpg,fake,diffusion,cifar_object,train
/content/intel_local/seg_train/seg_train/mountain/15263.jpg,real,intel,mountain,train
/content/gan_local/real_vs_fake/real-vs-fake/test/real/60662.jpg,real,gan,face,test
/content/intel_local/seg_test/seg_test/glacier/20477.jpg,real,intel,glacier,test
/content/intel_local/seg_train/seg_train/buildings/17094.jpg,real,intel,buildings,train
/content/intel_local/seg_train/seg_train/glacier/11727.jpg,real,intel,glacier,train
/content/intel_local/seg_train/seg_train/glacier/6416.jpg,real,intel,glacier,train
/content/diffusion_local/train/REAL/4747 (8).jpg,real,diffusion,cifar_object,train
/content/intel_local/seg_train/seg_train/glacier/7038.jpg,real,intel,glacier,train
/content/gan_local/real_vs_fake/real-vs-fake/valid/fake/5Q9S442YA4.jpg,fake,gan,face,valid
/content/diffusion_local/train/REAL/4813 (10).jpg,real,diffusion,cifar_object,train
/content/diffusion_local/train/FAKE/4189 (10).jpg,fake,diffusion,cifar_object,train
/content/diffusion_local/train/FAKE/3714 (2).jpg,fake,diffusion,cifar_object,train
/content/gan_local/real_vs_fake/real-vs-fake/train/real/28786.jpg,real,gan,face,train
/content/gan_local/real_vs_fake/real-vs-fake/train/real/09089.jpg,real,gan,face,train
/content/diffusion_local/train/FAKE/4970 (5).jpg,fake,diffusion,cifar_object,train
/content/general_ai_local/AiArtData/AiArtData/3e9bc32a-1d77-4f0a-b0df-199c80060385-1024x1024.jpg,fake,general_ai,AiArtData,train
/content/intel_local/seg_train/seg_train/street/9124.jpg,real,intel,street,train
/content/diffusion_local/train/REAL/0147 (6).jpg,real,diffusion,cifar_object,train
/content/intel_local/seg_train/seg_train/buildings/2385.jpg,real,intel,buildings,train
/content/general_ai_local/AiArtData/AiArtData/illustrator-fantasy-world-scenery-japan-with-mountain-generate-ai_661039-1069.jpg,fake,general_ai,AiArtData,train
/content/intel_local/seg_train/seg_train/street/17769.jpg,real,intel,street,train
/content/intel_local/seg_train/seg_train/street/16959.jpg,real,intel,street,train
/content/diffusion_local/train/FAKE/5346 (2).jpg,fake,diffusion,cifar_object,train
/content/diffusion_local/train/FAKE/2571.jpg,fake,diffusion,cifar_object,train
/content/gan_local/real_vs_fake/real-vs-fake/test/fake/I82IIB3H4Q.jpg,fake,gan,face,test
/content/intel_local/seg_train/seg_train/forest/2600.jpg,real,intel,forest,train
/content/gan_local/real_vs_fake/real-vs-fake/train/fake/3UQ1LFB119.jpg,fake,gan,face,train
/content/gan_local/real_vs_fake/real-vs-fake/train/fake/ABJSXORBZD.jpg,fake,gan,face,train
/content/gan_local/real_vs_fake/real-vs-fake/train/real/50863.jpg,real,gan,face,train
/content/gan_local/real_vs_fake/real-vs-fake/valid/fake/O14RS6MUNS.jpg,fake,gan,face,valid
/content/gan_local/real_vs_fake/real-vs-fake/valid/fake/048ZO17F5M.jpg,fake,gan,face,valid
/content/intel_local/seg_train/seg_train/buildings/10921.jpg,real,intel,buildings,train
/content/gan_local/real_vs_fake/real-vs-fake/train/real/42859.jpg,real,gan,face,train
/content/diffusion_local/train/FAKE/1027 (2).jpg,fake,diffusion,cifar_object,train
/content/intel_local/seg_train/seg_train/forest/5950.jpg,real,intel,forest,train
/content/gan_local/real_vs_fake/real-vs-fake/train/fake/BAQQGZG0T5.jpg,fake,gan,face,train
/content/gan_local/real_vs_fake/real-vs-fake/train/fake/6KLV4UQ884.jpg,fake,gan,face,train
/content/diffusion_local/train/REAL/3291 (10).jpg,real,diffusion,cifar_object,train
/content/gan_local/real_vs_fake/real-vs-fake/train/real/57634.jpg,real,gan,face,train
/content/intel_local/seg_train/seg_train/mountain/5907.jpg,real,intel,mountain,train
/content/intel_local/seg_train/seg_train/sea/4958.jpg,real,intel,sea,train
/content/diffusion_local/train/FAKE/3892 (5).jpg,fake,diffusion,cifar_object,train
/content/general_ai_local/RealArt/RealArt/1200px-Claude_Monet2C_Impression2C_soleil_levant.jpg,real,general_ai,RealArt,train
/content/diffusion_local/train/FAKE/4762 (3).jpg,fake,diffusion,cifar_object,train
/content/diffusion_local/train/FAKE/4105 (6).jpg,fake,diffusion,cifar_object,train
/content/gan_local/real_vs_fake/real-vs-fake/train/real/09576.jpg,real,gan,face,train
/content/gan_local/real_vs_fake/real-vs-fake/train/fake/3WTR4IXVYR.jpg,fake,gan,face,train
/content/diffusion_local/train/FAKE/1146 (3).jpg,fake,diffusion,cifar_object,train
/content/intel_local/seg_test/seg_test/street/23349.jpg,real,intel,street,test
/content/diffusion_local/train/FAKE/5441.jpg,fake,diffusion,cifar_object,train
/content/intel_local/seg_train/seg_train/forest/4348.jpg,real,intel,forest,train
/content/diffusion_local/train/FAKE/2604 (10).jpg,fake,diffusion,cifar_object,train
/content/general_ai_local/AiArtData/AiArtData/can-artificial-intelligence-systems-like-dall-e-or-midjourney-perform-creative-tasks_8.jpg,fake,general_ai,AiArtData,train
/content/diffusion_local/train/FAKE/1374.jpg,fake,diffusion,cifar_object,train
/content/intel_local/seg_train/seg_train/forest/11372.jpg,real,intel,forest,train
/content/gan_local/real_vs_fake/real-vs-fake/valid/fake/ZRUZQEQ2Q3.jpg,fake,gan,face,valid
/content/intel_local/seg_train/seg_train/mountain/14605.jpg,real,intel,mountain,train
/content/gan_local/real_vs_fake/real-vs-fake/train/real/50965.jpg,real,gan,face,train
/content/diffusion_local/train/FAKE/5226 (3).jpg,fake,diffusion,cifar_object,train
/content/intel_local/seg_train/seg_train/buildings/15973.jpg,real,intel,buildings,train
/content/gan_local/real_vs_fake/real-vs-fake/train/fake/92JGC1GNGS.jpg,fake,gan,face,train
/content/diffusion_local/test/FAKE/926 (5).jpg,fake,diffusion,cifar_object,test
/content/diffusion_local/train/FAKE/3328 (6).jpg,fake,diffusion,cifar_object,train
/content/gan_local/real_vs_fake/real-vs-fake/valid/real/38054.jpg,real,gan,face,valid
/content/intel_local/seg_train/seg_train/buildings/17225.jpg,real,intel,buildings,train
/content/gan_local/real_vs_fake/real-vs-fake/valid/fake/HE633OOY8N.jpg,fake,gan,face,valid
/content/general_ai_local/AiArtData/AiArtData/sharing-thumb.jpg,fake,general_ai,AiArtData,train
/content/diffusion_local/test/FAKE/458 (7).jpg,fake,diffusion,cifar_object,test
/content/diffusion_local/train/REAL/2373 (5).jpg,real,diffusion,cifar_object,train
/content/gan_local/real_vs_fake/real-vs-fake/train/real/14977.jpg,real,gan,face,train
/content/diffusion_local/train/REAL/0183 (8).jpg,real,diffusion,cifar_object,train
/content/gan_local/real_vs_fake/real-vs-fake/train/real/40628.jpg,real,gan,face,train
/content/gan_local/real_vs_fake/real-vs-fake/test/fake/CSQHFXNC70.jpg,fake,gan,face,test
/content/general_ai_local/AiArtData/AiArtData/Gopnik_ai_art.jpg,fake,general_ai,AiArtData,train
/content/diffusion_local/test/REAL/0920 (6).jpg,real,diffusion,cifar_object,test
/content/general_ai_local/AiArtData/AiArtData/Ai-art-for-authors-cover-image.jpg,fake,general_ai,AiArtData,train
/content/intel_local/seg_train/seg_train/street/5448.jpg,real,intel,street,train
/content/intel_local/seg_train/seg_train/buildings/3768.jpg,real,intel,buildings,train
/content/intel_local/seg_test/seg_test/sea/20942.jpg,real,intel,sea,test
/content/diffusion_local/train/FAKE/4211 (4).jpg,fake,diffusion,cifar_object,train
/content/gan_local/real_vs_fake/real-vs-fake/train/fake/D7KGVMCD0D.jpg,fake,gan,face,train
/content/gan_local/real_vs_fake/real-vs-fake/train/fake/M2O7CBGYIR.jpg,fake,gan,face,train
/content/gan_local/real_vs_fake/real-vs-fake/train/real/35224.jpg,real,gan,face,train
/content/general_ai_local/RealArt/RealArt/cafe-terrace-on-the-place-du-f.jpg,real,general_ai,RealArt,train
/content/gan_local/real_vs_fake/real-vs-fake/train/real/39744.jpg,real,gan,face,train
/content/gan_local/real_vs_fake/real-vs-fake/train/real/68836.jpg,real,gan,face,train
/content/gan_local/real_vs_fake/real-vs-fake/train/fake/OLNX7UT27B.jpg,fake,gan,face,train
/content/gan_local/real_vs_fake/real-vs-fake/train/fake/GIMXX0O8FF.jpg,fake,gan,face,train
/content/gan_local/real_vs_fake/real-vs-fake/test/fake/X8VXXYZ5G8.jpg,fake,gan,face,test
/content/diffusion_local/train/REAL/3852 (5).jpg,real,diffusion,cifar_object,train
/content/intel_local/seg_train/seg_train/forest/12490.jpg,real,intel,forest,train
/content/general_ai_local/AiArtData/AiArtData/Top-7-Amazing-Artworks-Meet-the-AI-Art-Makers-of-the-Future-AI-generated-eyes_face-of-a-woman.jpg,fake,general_ai,AiArtData,train
/content/intel_local/seg_test/seg_test/street/20592.jpg,real,intel,street,test
/content/gan_local/real_vs_fake/real-vs-fake/train/fake/1KZLH39CCI.jpg,fake,gan,face,train
/content/gan_local/real_vs_fake/real-vs-fake/valid/fake/TGM9J0RTYR.jpg,fake,gan,face,valid
/content/diffusion_local/train/FAKE/3127 (7).jpg,fake,diffusion,cifar_object,train
/content/gan_local/real_vs_fake/real-vs-fake/train/real/34391.jpg,real,gan,face,train
/content/intel_local/seg_train/seg_train/mountain/5120.jpg,real,intel,mountain,train
/content/general_ai_local/RealArt/RealArt/360_F_196873357_Z8LRgbrFSLloSUP1QEqaVAi3OBbVIaWh.jpg,real,general_ai,RealArt,train
/content/gan_local/real_vs_fake/real-vs-fake/train/real/66260.jpg,real,gan,face,train
/content/diffusion_local/train/FAKE/2497 (8).jpg,fake,diffusion,cifar_object,train
/content/diffusion_local/train/FAKE/3764 (2).jpg,fake,diffusion,cifar_object,train
/content/general_ai_local/RealArt/RealArt/Bluebirdprojectpainting.jpg,real,general_ai,RealArt,train
/content/diffusion_local/train/FAKE/2640 (7).jpg,fake,diffusion,cifar_object,train
/content/intel_local/seg_test/seg_test/street/22425.jpg,real,intel,street,test
/content/diffusion_local/train/FAKE/3990 (10).jpg,fake,diffusion,cifar_object,train
/content/diffusion_local/train/FAKE/2163 (10).jpg,fake,diffusion,cifar_object,train
/content/gan_local/real_vs_fake/real-vs-fake/train/fake/U6XMU567QN.jpg,fake,gan,face,train
/content/intel_local/seg_train/seg_train/forest/7955.jpg,real,intel,forest,train
/content/gan_local/real_vs_fake/real-vs-fake/train/fake/PI05TZV7I7.jpg,fake,gan,face,train
/content/gan_local/real_vs_fake/real-vs-fake/train/real/54668.jpg,real,gan,face,train
/content/diffusion_local/train/FAKE/2171 (9).jpg,fake,diffusion,cifar_object,train
/content/general_ai_local/AiArtData/AiArtData/230726115314-01-lensa-selfie.jpg,fake,general_ai,AiArtData,train
/content/general_ai_local/RealArt/RealArt/il_570xN.354623508_9g1k.jpg,real,general_ai,RealArt,train
/content/gan_local/real_vs_fake/real-vs-fake/train/fake/9B1PFLG5KU.jpg,fake,gan,face,train
/content/gan_local/real_vs_fake/real-vs-fake/test/fake/5YQGZ87A50.jpg,fake,gan,face,test
/content/intel_local/seg_train/seg_train/buildings/14218.jpg,real,intel,buildings,train
/content/intel_local/seg_test/seg_test/sea/21729.jpg,real,intel,sea,test
/content/gan_local/real_vs_fake/real-vs-fake/test/fake/UF6PO655NQ.jpg,fake,gan,face,test
/content/general_ai_local/AiArtData/AiArtData/detectingai_02_wide-490b899012edf8bee6419139f70e38d991cbd644-s1100-c50.jpg,fake,general_ai,AiArtData,train
/content/gan_local/real_vs_fake/real-vs-fake/valid/real/37412.jpg,real,gan,face,valid
/content/diffusion_local/test/REAL/0488 (4).jpg,real,diffusion,cifar_object,test
/content/gan_local/real_vs_fake/real-vs-fake/train/fake/8DXGJ44OU4.jpg,fake,gan,face,train
/content/diffusion_local/train/FAKE/4803 (10).jpg,fake,diffusion,cifar_object,train
/content/gan_local/real_vs_fake/real-vs-fake/train/real/63391.jpg,real,gan,face,train
/content/gan_local/real_vs_fake/real-vs-fake/valid/fake/9R7EA1TF67.jpg,fake,gan,face,valid
/content/intel_local/seg_train/seg_train/sea/8453.jpg,real,intel,sea,train
/content/gan_local/real_vs_fake/real-vs-fake/train/real/57543.jpg,real,gan,face,train
/content/intel_local/seg_train/seg_train/glacier/10389.jpg,real,intel,glacier,train
/content/gan_local/real_vs_fake/real-vs-fake/train/fake/TDQBEL5SNY.jpg,fake,gan,face,train
/content/gan_local/real_vs_fake/real-vs-fake/train/real/65614.jpg,real,gan,face,train
/content/intel_local/seg_train/seg_train/forest/3774.jpg,real,intel,forest,train
/content/diffusion_local/train/REAL/3950 (8).jpg,real,diffusion,cifar_object,train
/content/diffusion_local/train/FAKE/1429 (5).jpg,fake,diffusion,cifar_object,train
/content/diffusion_local/train/FAKE/5951 (4).jpg,fake,diffusion,cifar_object,train
/content/gan_local/real_vs_fake/real-vs-fake/train/fake/1EC98LYJMA.jpg,fake,gan,face,train
/content/gan_local/real_vs_fake/real-vs-fake/train/real/32683.jpg,real,gan,face,train
/content/diffusion_local/train/REAL/2698 (4).jpg,real,diffusion,cifar_object,train
/content/gan_local/real_vs_fake/real-vs-fake/train/real/30291.jpg,real,gan,face,train
/content/gan_local/real_vs_fake/real-vs-fake/train/fake/51TWTWXVX7.jpg,fake,gan,face,train
/content/gan_local/real_vs_fake/real-vs-fake/valid/fake/OZ4M3FBMA4.jpg,fake,gan,face,valid
/content/gan_local/real_vs_fake/real-vs-fake/train/real/20938.jpg,real,gan,face,train
/content/intel_local/seg_train/seg_train/forest/11679.jpg,real,intel,forest,train
/content/gan_local/real_vs_fake/real-vs-fake/valid/fake/G3ROEPRPKB.jpg,fake,gan,face,valid
/content/gan_local/real_vs_fake/real-vs-fake/train/fake/IS970JK058.jpg,fake,gan,face,train
/content/gan_local/real_vs_fake/real-vs-fake/train/fake/X4SHKE13AE.jpg,fake,gan,face,train
/content/general_ai_local/AiArtData/AiArtData/befunky-collage_58-sixteen_nine.jpg,fake,general_ai,AiArtData,train
/content/gan_local/real_vs_fake/real-vs-fake/train/fake/32HNKAB7PT.jpg,fake,gan,face,train
/content/intel_local/seg_train/seg_train/buildings/4500.jpg,real,intel,buildings,train
/content/gan_local/real_vs_fake/real-vs-fake/test/fake/0JSCG0GGBR.jpg,fake,gan,face,test
/content/intel_local/seg_train/seg_train/buildings/6024.jpg,real,intel,buildings,train
/content/diffusion_local/train/REAL/4272 (10).jpg,real,diffusion,cifar_object,train
/content/gan_local/real_vs_fake/real-vs-fake/valid/fake/NLWNLSY57T.jpg,fake,gan,face,valid
/content/gan_local/real_vs_fake/real-vs-fake/train/real/61128.jpg,real,gan,face,train
/content/gan_local/real_vs_fake/real-vs-fake/train/fake/WDKETA79MP.jpg,fake,gan,face,train
/content/gan_local/real_vs_fake/real-vs-fake/train/fake/CE8VNZEIDG.jpg,fake,gan,face,train
/content/gan_local/real_vs_fake/real-vs-fake/test/fake/9F84HPEBJC.jpg,fake,gan,face,test
/content/gan_local/real_vs_fake/real-vs-fake/train/fake/GRP0J1R2FG.jpg,fake,gan,face,train
/content/gan_local/real_vs_fake/real-vs-fake/train/fake/MABX9FP0CT.jpg,fake,gan,face,train
/content/intel_local/seg_train/seg_train/forest/16060.jpg,real,intel,forest,train
/content/diffusion_local/train/REAL/1254.jpg,real,diffusion,cifar_object,train
/content/gan_local/real_vs_fake/real-vs-fake/train/fake/5C9AD2ETMF.jpg,fake,gan,face,train
/content/intel_local/seg_train/seg_train/glacier/11469.jpg,real,intel,glacier,train
/content/intel_local/seg_train/seg_train/street/3069.jpg,real,intel,street,train
/content/gan_local/real_vs_fake/real-vs-fake/valid/real/39026.jpg,real,gan,face,valid
/content/general_ai_local/RealArt/RealArt/3F302C18-1DA6-4372-8E313E2FF2CF4D86_source.png,real,general_ai,RealArt,train
/content/gan_local/real_vs_fake/real-vs-fake/train/fake/QO59GA0PY1.jpg,fake,gan,face,train
/content/diffusion_local/test/REAL/0628 (3).jpg,real,diffusion,cifar_object,test
/content/intel_local/seg_train/seg_train/sea/62.jpg,real,intel,sea,train
/content/intel_local/seg_train/seg_train/sea/16136.jpg,real,intel,sea,train
/content/gan_local/real_vs_fake/real-vs-fake/test/fake/IXL39ZSDRW.jpg,fake,gan,face,test
/content/gan_local/real_vs_fake/real-vs-fake/valid/fake/IMT1F9IHGM.jpg,fake,gan,face,valid
/content/diffusion_local/test/REAL/0426 (5).jpg,real,diffusion,cifar_object,test
/content/diffusion_local/train/REAL/0985 (6).jpg,real,diffusion,cifar_object,train
/content/gan_local/real_vs_fake/real-vs-fake/test/real/31775.jpg,real,gan,face,test
/content/diffusion_local/train/FAKE/1879 (6).jpg,fake,diffusion,cifar_object,train
/content/diffusion_local/test/FAKE/806 (9).jpg,fake,diffusion,cifar_object,test
/content/intel_local/seg_train/seg_train/street/14537.jpg,real,intel,street,train
/content/intel_local/seg_test/seg_test/mountain/20691.jpg,real,intel,mountain,test
/content/gan_local/real_vs_fake/real-vs-fake/valid/real/16830.jpg,real,gan,face,valid
/content/gan_local/real_vs_fake/real-vs-fake/train/fake/G2HYCNVG1M.jpg,fake,gan,face,train
/content/diffusion_local/train/FAKE/5496 (5).jpg,fake,diffusion,cifar_object,train
/content/gan_local/real_vs_fake/real-vs-fake/train/real/42209.jpg,real,gan,face,train
/content/diffusion_local/test/FAKE/102 (8).jpg,fake,diffusion,cifar_object,test
/content/gan_local/real_vs_fake/real-vs-fake/test/fake/F5MQYXXWUU.jpg,fake,gan,face,test
/content/diffusion_local/train/REAL/4119 (4).jpg,real,diffusion,cifar_object,train
/content/intel_local/seg_train/seg_train/glacier/19844.jpg,real,intel,glacier,train
/content/gan_local/real_vs_fake/real-vs-fake/train/fake/KRYMMU7LAR.jpg,fake,gan,face,train
/content/diffusion_local/train/FAKE/5967 (2).jpg,fake,diffusion,cifar_object,train
/content/general_ai_local/AiArtData/AiArtData/529D7B2E-8BBA-4082-9CF3-871EC70DB41D-63f30f8004ece-jpeg__700.jpg,fake,general_ai,AiArtData,train
/content/diffusion_local/train/FAKE/4626.jpg,fake,diffusion,cifar_object,train
/content/gan_local/real_vs_fake/real-vs-fake/test/fake/P8K0OHBCP3.jpg,fake,gan,face,test
/content/intel_local/seg_train/seg_train/street/14482.jpg,real,intel,street,train
/content/gan_local/real_vs_fake/real-vs-fake/train/real/47783.jpg,real,gan,face,train
/content/diffusion_local/train/FAKE/2007 (4).jpg,fake,diffusion,cifar_object,train
/content/diffusion_local/test/FAKE/811 (6).jpg,fake,diffusion,cifar_object,test
/content/diffusion_local/train/FAKE/5019 (9).jpg,fake,diffusion,cifar_object,train
/content/diffusion_local/train/FAKE/5981.jpg,fake,diffusion,cifar_object,train
/content/diffusion_local/train/REAL/1820 (7).jpg,real,diffusion,cifar_object,train
/content/diffusion_local/train/FAKE/5077.jpg,fake,diffusion,cifar_object,train
/content/diffusion_local/train/FAKE/5142 (9).jpg,fake,diffusion,cifar_object,train
/content/intel_local/seg_train/seg_train/glacier/16434.jpg,real,intel,glacier,train
/content/gan_local/real_vs_fake/real-vs-fake/test/fake/V8OX0PEUHT.jpg,fake,gan,face,test
/content/intel_local/seg_train/seg_train/street/12089.jpg,real,intel,street,train
/content/intel_local/seg_test/seg_test/sea/23381.jpg,real,intel,sea,test
/content/gan_local/real_vs_fake/real-vs-fake/train/fake/8IRESA8EW5.jpg,fake,gan,face,train
/content/diffusion_local/train/REAL/2217 (9).jpg,real,diffusion,cifar_object,train
/content/gan_local/real_vs_fake/real-vs-fake/train/real/01533.jpg,real,gan,face,train
/content/gan_local/real_vs_fake/real-vs-fake/train/fake/QAGFZ229F2.jpg,fake,gan,face,train
/content/diffusion_local/train/FAKE/2022 (7).jpg,fake,diffusion,cifar_object,train
/content/diffusion_local/train/REAL/4417 (2).jpg,real,diffusion,cifar_object,train
/content/diffusion_local/train/REAL/3091 (7).jpg,real,diffusion,cifar_object,train
/content/gan_local/real_vs_fake/real-vs-fake/train/real/49398.jpg,real,gan,face,train
/content/gan_local/real_vs_fake/real-vs-fake/train/fake/3OI114NA0F.jpg,fake,gan,face,train
/content/gan_local/real_vs_fake/real-vs-fake/train/fake/MRN9N2LNN8.jpg,fake,gan,face,train
/content/gan_local/real_vs_fake/real-vs-fake/train/fake/HEC2WAVSLD.jpg,fake,gan,face,train
/content/diffusion_local/train/FAKE/3909.jpg,fake,diffusion,cifar_object,train
/content/diffusion_local/train/FAKE/5539 (2).jpg,fake,diffusion,cifar_object,train
/content/diffusion_local/train/FAKE/4685 (2).jpg,fake,diffusion,cifar_object,train
/content/intel_local/seg_train/seg_train/street/9484.jpg,real,intel,street,train
/content/intel_local/seg_train/seg_train/mountain/1907.jpg,real,intel,mountain,train
/content/gan_local/real_vs_fake/real-vs-fake/train/real/40976.jpg,real,gan,face,train
/content/gan_local/real_vs_fake/real-vs-fake/train/real/45405.jpg,real,gan,face,train
/content/diffusion_local/train/REAL/3695 (4).jpg,real,diffusion,cifar_object,train
/content/gan_local/real_vs_fake/real-vs-fake/train/fake/CEYXWHEHGB.jpg,fake,gan,face,train
/content/intel_local/seg_train/seg_train/sea/7931.jpg,real,intel,sea,train
/content/diffusion_local/train/REAL/3849 (9).jpg,real,diffusion,cifar_object,train
/content/intel_local/seg_train/seg_train/sea/19854.jpg,real,intel,sea,train
/content/diffusion_local/train/REAL/1707.jpg,real,diffusion,cifar_object,train
/content/gan_local/real_vs_fake/real-vs-fake/test/real/30187.jpg,real,gan,face,test
/content/diffusion_local/train/FAKE/5112 (3).jpg,fake,diffusion,cifar_object,train
/content/diffusion_local/train/FAKE/5234 (3).jpg,fake,diffusion,cifar_object,train
/content/diffusion_local/train/FAKE/2121 (7).jpg,fake,diffusion,cifar_object,train
/content/diffusion_local/train/REAL/0671 (10).jpg,real,diffusion,cifar_object,train
/content/general_ai_local/RealArt/RealArt/sunset-trees-abstract-painting-3.jpg,real,general_ai,RealArt,train
/content/intel_local/seg_train/seg_train/buildings/18037.jpg,real,intel,buildings,train
/content/intel_local/seg_test/seg_test/street/23008.jpg,real,intel,street,test
/content/intel_local/seg_train/seg_train/glacier/10640.jpg,real,intel,glacier,train
/content/diffusion_local/train/FAKE/5236 (4).jpg,fake,diffusion,cifar_object,train
/content/gan_local/real_vs_fake/real-vs-fake/train/real/67946.jpg,real,gan,face,train
/content/intel_local/seg_train/seg_train/buildings/19973.jpg,real,intel,buildings,train
/content/intel_local/seg_train/seg_train/glacier/14073.jpg,real,intel,glacier,train
/content/gan_local/real_vs_fake/real-vs-fake/train/fake/YHA21FJKDL.jpg,fake,gan,face,train
/content/gan_local/real_vs_fake/real-vs-fake/train/real/62655.jpg,real,gan,face,train
/content/diffusion_local/test/REAL/0740 (10).jpg,real,diffusion,cifar_object,test
/content/gan_local/real_vs_fake/real-vs-fake/train/fake/9K94NUZ50B.jpg,fake,gan,face,train
/content/gan_local/real_vs_fake/real-vs-fake/train/fake/XWCCO2ATDS.jpg,fake,gan,face,train
/content/general_ai_local/AiArtData/AiArtData/skynews-ai-art-generator-tim-flach_6121312.jpg,fake,general_ai,AiArtData,train
/content/diffusion_local/train/FAKE/2327 (6).jpg,fake,diffusion,cifar_object,train
/content/intel_local/seg_train/seg_train/forest/12664.jpg,real,intel,forest,train
/content/diffusion_local/train/FAKE/3405.jpg,fake,diffusion,cifar_object,train
/content/gan_local/real_vs_fake/real-vs-fake/train/real/50900.jpg,real,gan,face,train
/content/intel_local/seg_train/seg_train/glacier/9201.jpg,real,intel,glacier,train
/content/intel_local/seg_train/seg_train/buildings/4797.jpg,real,intel,buildings,train
/content/gan_local/real_vs_fake/real-vs-fake/test/fake/GPXBT6NVKR.jpg,fake,gan,face,test
/content/diffusion_local/train/FAKE/4697 (10).jpg,fake,diffusion,cifar_object,train
/content/gan_local/real_vs_fake/real-vs-fake/valid/fake/P1A25SC8BK.jpg,fake,gan,face,valid
/content/diffusion_local/train/FAKE/1969 (6).jpg,fake,diffusion,cifar_object,train
/content/intel_local/seg_train/seg_train/street/11714.jpg,real,intel,street,train
/content/intel_local/seg_train/seg_train/sea/13680.jpg,real,intel,sea,train
/content/intel_local/seg_train/seg_train/forest/4191.jpg,real,intel,forest,train
/content/general_ai_local/AiArtData/AiArtData/3c958e87e755ddec3003722eb91e787a.jpg,fake,general_ai,AiArtData,train
/content/gan_local/real_vs_fake/real-vs-fake/train/fake/R8EQ2NUA5R.jpg,fake,gan,face,train
/content/gan_local/real_vs_fake/real-vs-fake/train/fake/KEFM2SAV5J.jpg,fake,gan,face,train
/content/gan_local/real_vs_fake/real-vs-fake/train/real/25121.jpg,real,gan,face,train
/content/diffusion_local/train/FAKE/5700 (6).jpg,fake,diffusion,cifar_object,train
/content/diffusion_local/train/FAKE/2486 (3).jpg,fake,diffusion,cifar_object,train
/content/diffusion_local/test/FAKE/602 (10).jpg,fake,diffusion,cifar_object,test
/content/diffusion_local/train/REAL/2875 (7).jpg,real,diffusion,cifar_object,train
/content/intel_local/seg_train/seg_train/glacier/4962.jpg,real,intel,glacier,train
/content/diffusion_local/test/REAL/0331 (4).jpg,real,diffusion,cifar_object,test
/content/intel_local/seg_train/seg_train/forest/8276.jpg,real,intel,forest,train
/content/gan_local/real_vs_fake/real-vs-fake/train/real/67070.jpg,real,gan,face,train
/content/intel_local/seg_train/seg_train/sea/11743.jpg,real,intel,sea,train
/content/gan_local/real_vs_fake/real-vs-fake/train/fake/FL6VNZKB6J.jpg,fake,gan,face,train
/content/diffusion_local/train/REAL/4567 (5).jpg,real,diffusion,cifar_object,train
/content/intel_local/seg_train/seg_train/buildings/11363.jpg,real,intel,buildings,train
/content/gan_local/real_vs_fake/real-vs-fake/train/fake/JYJZ8K7MB0.jpg,fake,gan,face,train
/content/gan_local/real_vs_fake/real-vs-fake/train/fake/CQUYQU8EQ9.jpg,fake,gan,face,train
/content/intel_local/seg_test/seg_test/street/22450.jpg,real,intel,street,test
/content/diffusion_local/train/FAKE/2352 (5).jpg,fake,diffusion,cifar_object,train
/content/gan_local/real_vs_fake/real-vs-fake/train/real/36681.jpg,real,gan,face,train
/content/intel_local/seg_train/seg_train/glacier/16382.jpg,real,intel,glacier,train
/content/intel_local/seg_train/seg_train/glacier/13244.jpg,real,intel,glacier,train
/content/diffusion_local/train/FAKE/3430 (9).jpg,fake,diffusion,cifar_object,train
/content/gan_local/real_vs_fake/real-vs-fake/valid/fake/YKQU72J1H2.jpg,fake,gan,face,valid
/content/gan_local/real_vs_fake/real-vs-fake/train/fake/DO1D7AADCK.jpg,fake,gan,face,train
/content/diffusion_local/test/FAKE/118 (5).jpg,fake,diffusion,cifar_object,test
/content/diffusion_local/train/REAL/0206 (8).jpg,real,diffusion,cifar_object,train
/content/gan_local/real_vs_fake/real-vs-fake/train/fake/NFLCDMIPSV.jpg,fake,gan,face,train
/content/intel_local/seg_train/seg_train/glacier/6575.jpg,real,intel,glacier,train
/content/intel_local/seg_train/seg_train/buildings/6503.jpg,real,intel,buildings,train
/content/diffusion_local/test/REAL/0200 (2).jpg,real,diffusion,cifar_object,test
/content/intel_local/seg_test/seg_test/mountain/23578.jpg,real,intel,mountain,test
/content/gan_local/real_vs_fake/real-vs-fake/test/fake/JWL8V88BTP.jpg,fake,gan,face,test
/content/diffusion_local/train/FAKE/4940 (10).jpg,fake,diffusion,cifar_object,train
/content/diffusion_local/train/FAKE/2433 (8).jpg,fake,diffusion,cifar_object,train
/content/diffusion_local/test/FAKE/333 (5).jpg,fake,diffusion,cifar_object,test
/content/diffusion_local/train/FAKE/1633 (5).jpg,fake,diffusion,cifar_object,train
/content/gan_local/real_vs_fake/real-vs-fake/train/fake/NCW3Y45OGM.jpg,fake,gan,face,train
/content/diffusion_local/train/FAKE/5800 (8).jpg,fake,diffusion,cifar_object,train
/content/intel_local/seg_train/seg_train/mountain/17209.jpg,real,intel,mountain,train
/content/diffusion_local/train/FAKE/2960 (9).jpg,fake,diffusion,cifar_object,train
/content/diffusion_local/train/REAL/1703 (6).jpg,real,diffusion,cifar_object,train
/content/intel_local/seg_train/seg_train/glacier/15813.jpg,real,intel,glacier,train
/content/diffusion_local/train/REAL/3307 (4).jpg,real,diffusion,cifar_object,train
/content/diffusion_local/train/FAKE/3914 (6).jpg,fake,diffusion,cifar_object,train
/content/intel_local/seg_train/seg_train/glacier/6499.jpg,real,intel,glacier,train
/content/diffusion_local/test/FAKE/623.jpg,fake,diffusion,cifar_object,test
/content/intel_local/seg_train/seg_train/mountain/1993.jpg,real,intel,mountain,train
/content/gan_local/real_vs_fake/real-vs-fake/train/fake/EAMUI0ZHE7.jpg,fake,gan,face,train
/content/diffusion_local/train/REAL/3493 (10).jpg,real,diffusion,cifar_object,train
/content/diffusion_local/train/FAKE/3417 (4).jpg,fake,diffusion,cifar_object,train
/content/intel_local/seg_train/seg_train/mountain/12515.jpg,real,intel,mountain,train
/content/diffusion_local/train/FAKE/1899 (10).jpg,fake,diffusion,cifar_object,train
/content/intel_local/seg_train/seg_train/street/8381.jpg,real,intel,street,train
/content/intel_local/seg_train/seg_train/buildings/17605.jpg,real,intel,buildings,train
/content/intel_local/seg_train/seg_train/mountain/15034.jpg,real,intel,mountain,train
/content/gan_local/real_vs_fake/real-vs-fake/train/real/11275.jpg,real,gan,face,train
/content/gan_local/real_vs_fake/real-vs-fake/train/real/33699.jpg,real,gan,face,train
/content/intel_local/seg_train/seg_train/forest/16032.jpg,real,intel,forest,train
/content/diffusion_local/train/FAKE/1823.jpg,fake,diffusion,cifar_object,train
/content/gan_local/real_vs_fake/real-vs-fake/test/fake/CRX2NQ0HKY.jpg,fake,gan,face,test
/content/intel_local/seg_train/seg_train/street/9.jpg,real,intel,street,train
/content/diffusion_local/test/REAL/0741 (9).jpg,real,diffusion,cifar_object,test
/content/gan_local/real_vs_fake/real-vs-fake/train/fake/Y2CD19JS1O.jpg,fake,gan,face,train
/content/diffusion_local/train/REAL/1966 (7).jpg,real,diffusion,cifar_object,train
/content/gan_local/real_vs_fake/real-vs-fake/train/real/12486.jpg,real,gan,face,train
/content/intel_local/seg_train/seg_train/buildings/10672.jpg,real,intel,buildings,train
/content/intel_local/seg_train/seg_train/buildings/3339.jpg,real,intel,buildings,train
/content/gan_local/real_vs_fake/real-vs-fake/valid/real/26223.jpg,real,gan,face,valid
/content/gan_local/real_vs_fake/real-vs-fake/train/real/34840.jpg,real,gan,face,train
/content/intel_local/seg_train/seg_train/glacier/15213.jpg,real,intel,glacier,train
/content/gan_local/real_vs_fake/real-vs-fake/train/real/57401.jpg,real,gan,face,train
/content/gan_local/real_vs_fake/real-vs-fake/train/real/59840.jpg,real,gan,face,train
/content/intel_local/seg_train/seg_train/street/12777.jpg,real,intel,street,train
/content/diffusion_local/train/REAL/0299 (6).jpg,real,diffusion,cifar_object,train
/content/gan_local/real_vs_fake/real-vs-fake/valid/fake/1NEYMVJWO9.jpg,fake,gan,face,valid
/content/diffusion_local/train/REAL/1579 (5).jpg,real,diffusion,cifar_object,train
/content/gan_local/real_vs_fake/real-vs-fake/test/fake/GORN89CQ6T.jpg,fake,gan,face,test
/content/diffusion_local/train/REAL/4945 (6).jpg,real,diffusion,cifar_object,train
/content/gan_local/real_vs_fake/real-vs-fake/test/real/61562.jpg,real,gan,face,test
/content/diffusion_local/test/FAKE/929 (2).jpg,fake,diffusion,cifar_object,test
/content/gan_local/real_vs_fake/real-vs-fake/train/fake/6LY0XJI0WQ.jpg,fake,gan,face,train
/content/gan_local/real_vs_fake/real-vs-fake/train/fake/MY95T6V2T1.jpg,fake,gan,face,train
/content/intel_local/seg_train/seg_train/forest/6287.jpg,real,intel,forest,train
/content/general_ai_local/RealArt/RealArt/.amazonaws.com2Fpublic2Fimages2Fcb32a00a-bf52-48fe-9ba6-4e21cf4c1c57_800x800.png,real,general_ai,RealArt,train
/content/gan_local/real_vs_fake/real-vs-fake/train/real/03389.jpg,real,gan,face,train
/content/gan_local/real_vs_fake/real-vs-fake/valid/fake/M4HHD00DRW.jpg,fake,gan,face,valid
/content/gan_local/real_vs_fake/real-vs-fake/train/fake/QJLOASASIY.jpg,fake,gan,face,train
/content/gan_local/real_vs_fake/real-vs-fake/train/real/02877.jpg,real,gan,face,train
/content/diffusion_local/train/REAL/0441 (7).jpg,real,diffusion,cifar_object,train
/content/diffusion_local/train/FAKE/3245 (10).jpg,fake,diffusion,cifar_object,train
/content/gan_local/real_vs_fake/real-vs-fake/test/real/11763.jpg,real,gan,face,test
/content/diffusion_local/train/FAKE/4779 (2).jpg,fake,diffusion,cifar_object,train
/content/intel_local/seg_train/seg_train/sea/10715.jpg,real,intel,sea,train
/content/diffusion_local/train/FAKE/4578 (4).jpg,fake,diffusion,cifar_object,train
/content/gan_local/real_vs_fake/real-vs-fake/train/fake/Y23GHL45UI.jpg,fake,gan,face,train
/content/intel_local/seg_test/seg_test/glacier/20458.jpg,real,intel,glacier,test
/content/diffusion_local/train/FAKE/5435 (7).jpg,fake,diffusion,cifar_object,train
/content/gan_local/real_vs_fake/real-vs-fake/train/real/48208.jpg,real,gan,face,train
/content/gan_local/real_vs_fake/real-vs-fake/train/fake/GJUQMVATAI.jpg,fake,gan,face,train
/content/gan_local/real_vs_fake/real-vs-fake/train/fake/0FP64X6MCF.jpg,fake,gan,face,train
/content/gan_local/real_vs_fake/real-vs-fake/valid/real/66658.jpg,real,gan,face,valid
/content/diffusion_local/train/FAKE/1905 (5).jpg,fake,diffusion,cifar_object,train
/content/gan_local/real_vs_fake/real-vs-fake/train/real/00525.jpg,real,gan,face,train
/content/diffusion_local/test/FAKE/375 (10).jpg,fake,diffusion,cifar_object,test
/content/intel_local/seg_train/seg_train/street/15298.jpg,real,intel,street,train
/content/gan_local/real_vs_fake/real-vs-fake/train/real/10091.jpg,real,gan,face,train
/content/diffusion_local/train/FAKE/3367 (9).jpg,fake,diffusion,cifar_object,train
/content/general_ai_local/AiArtData/AiArtData/65b2f49a8e6bfcb8d19eed88898da02d.jpg,fake,general_ai,AiArtData,train
/content/gan_local/real_vs_fake/real-vs-fake/train/real/05337.jpg,real,gan,face,train
/content/diffusion_local/train/FAKE/5358 (7).jpg,fake,diffusion,cifar_object,train
/content/gan_local/real_vs_fake/real-vs-fake/train/fake/BLO3XZMD2T.jpg,fake,gan,face,train
/content/intel_local/seg_train/seg_train/street/3879.jpg,real,intel,street,train
/content/gan_local/real_vs_fake/real-vs-fake/train/real/23180.jpg,real,gan,face,train
/content/diffusion_local/train/FAKE/4567.jpg,fake,diffusion,cifar_object,train
/content/gan_local/real_vs_fake/real-vs-fake/train/fake/9B8DTVQPXB.jpg,fake,gan,face,train
/content/gan_local/real_vs_fake/real-vs-fake/test/fake/9SB5XUNRTB.jpg,fake,gan,face,test
/content/diffusion_local/train/FAKE/1030 (10).jpg,fake,diffusion,cifar_object,train
/content/general_ai_local/AiArtData/AiArtData/640px-22Mona_Lisa22_with_DeepDream_effect_using_VGG16_network_trained_on_ImageNet.jpg,fake,general_ai,AiArtData,train
/content/gan_local/real_vs_fake/real-vs-fake/train/fake/SHS778XRK0.jpg,fake,gan,face,train
/content/intel_local/seg_train/seg_train/glacier/5792.jpg,real,intel,glacier,train
/content/diffusion_local/test/FAKE/57.jpg,fake,diffusion,cifar_object,test
/content/general_ai_local/AiArtData/AiArtData/ai-ethicsconference-poster_v5_0.jpg,fake,general_ai,AiArtData,train
/content/gan_local/real_vs_fake/real-vs-fake/train/fake/OSWVB2LG8J.jpg,fake,gan,face,train
/content/gan_local/real_vs_fake/real-vs-fake/valid/fake/ITOOSA3SEE.jpg,fake,gan,face,valid
/content/intel_local/seg_train/seg_train/mountain/12237.jpg,real,intel,mountain,train
/content/diffusion_local/train/FAKE/5356 (10).jpg,fake,diffusion,cifar_object,train
/content/diffusion_local/train/REAL/3306 (6).jpg,real,diffusion,cifar_object,train
/content/diffusion_local/train/FAKE/1014 (5).jpg,fake,diffusion,cifar_object,train
/content/gan_local/real_vs_fake/real-vs-fake/train/real/03355.jpg,real,gan,face,train
/content/general_ai_local/RealArt/RealArt/63l8iooc5eobpz5bjjc6ig.jpg,real,general_ai,RealArt,train
/content/gan_local/real_vs_fake/real-vs-fake/valid/fake/Z4IH7DBYAD.jpg,fake,gan,face,valid
/content/diffusion_local/train/FAKE/2073 (4).jpg,fake,diffusion,cifar_object,train
/content/diffusion_local/train/FAKE/1692.jpg,fake,diffusion,cifar_object,train
/content/diffusion_local/train/REAL/0298.jpg,real,diffusion,cifar_object,train
/content/diffusion_local/test/FAKE/438 (9).jpg,fake,diffusion,cifar_object,test
/content/intel_local/seg_train/seg_train/forest/17470.jpg,real,intel,forest,train
/content/general_ai_local/AiArtData/AiArtData/dalle-midjourney.png,fake,general_ai,AiArtData,train
/content/gan_local/real_vs_fake/real-vs-fake/train/real/13040.jpg,real,gan,face,train
/content/intel_local/seg_train/seg_train/buildings/14898.jpg,real,intel,buildings,train
/content/gan_local/real_vs_fake/real-vs-fake/train/fake/MKLX1EV84F.jpg,fake,gan,face,train
/content/gan_local/real_vs_fake/real-vs-fake/train/fake/FXK70BY4AJ.jpg,fake,gan,face,train
/content/intel_local/seg_test/seg_test/sea/21393.jpg,real,intel,sea,test
/content/diffusion_local/train/FAKE/3317 (2).jpg,fake,diffusion,cifar_object,train
/content/intel_local/seg_test/seg_test/buildings/22255.jpg,real,intel,buildings,test
/content/gan_local/real_vs_fake/real-vs-fake/train/fake/DM5C6DE3EW.jpg,fake,gan,face,train
/content/intel_local/seg_train/seg_train/glacier/1013.jpg,real,intel,glacier,train
/content/gan_local/real_vs_fake/real-vs-fake/train/fake/MFPCQ23NAN.jpg,fake,gan,face,train
/content/general_ai_local/AiArtData/AiArtData/stability-ai-landscape.jpg,fake,general_ai,AiArtData,train
/content/intel_local/seg_test/seg_test/glacier/23320.jpg,real,intel,glacier,test
/content/diffusion_local/train/REAL/1765 (8).jpg,real,diffusion,cifar_object,train
/content/intel_local/seg_test/seg_test/street/22826.jpg,real,intel,street,test
/content/diffusion_local/train/FAKE/1470.jpg,fake,diffusion,cifar_object,train
/content/gan_local/real_vs_fake/real-vs-fake/train/real/13367.jpg,real,gan,face,train
/content/diffusion_local/test/FAKE/309.jpg,fake,diffusion,cifar_object,test
/content/diffusion_local/train/FAKE/2732 (5).jpg,fake,diffusion,cifar_object,train
/content/intel_local/seg_test/seg_test/glacier/21329.jpg,real,intel,glacier,test
/content/gan_local/real_vs_fake/real-vs-fake/valid/fake/K8FK74SFOP.jpg,fake,gan,face,valid
/content/gan_local/real_vs_fake/real-vs-fake/train/real/40855.jpg,real,gan,face,train
/content/diffusion_local/train/FAKE/1628 (7).jpg,fake,diffusion,cifar_object,train
/content/gan_local/real_vs_fake/real-vs-fake/test/fake/KZR8B445SU.jpg,fake,gan,face,test
/content/gan_local/real_vs_fake/real-vs-fake/train/fake/F3WMRHMKP4.jpg,fake,gan,face,train
/content/diffusion_local/test/REAL/0364 (6).jpg,real,diffusion,cifar_object,test
/content/diffusion_local/train/FAKE/4839 (7).jpg,fake,diffusion,cifar_object,train
/content/gan_local/real_vs_fake/real-vs-fake/valid/fake/1Q0HDTPVCZ.jpg,fake,gan,face,valid
/content/diffusion_local/train/FAKE/5675 (3).jpg,fake,diffusion,cifar_object,train
/content/gan_local/real_vs_fake/real-vs-fake/train/fake/DPN40N6P2V.jpg,fake,gan,face,train
/content/diffusion_local/train/REAL/2730 (3).jpg,real,diffusion,cifar_object,train
/content/diffusion_local/train/FAKE/2853 (8).jpg,fake,diffusion,cifar_object,train
/content/intel_local/seg_train/seg_train/forest/18660.jpg,real,intel,forest,train
/content/diffusion_local/test/FAKE/342 (7).jpg,fake,diffusion,cifar_object,test
/content/diffusion_local/train/REAL/4300 (5).jpg,real,diffusion,cifar_object,train
/content/intel_local/seg_train/seg_train/glacier/4295.jpg,real,intel,glacier,train
/content/diffusion_local/train/REAL/1115 (10).jpg,real,diffusion,cifar_object,train
/content/diffusion_local/train/FAKE/2648 (4).jpg,fake,diffusion,cifar_object,train
/content/gan_local/real_vs_fake/real-vs-fake/train/fake/EUJCXCLOHC.jpg,fake,gan,face,train
/content/general_ai_local/RealArt/RealArt/shutterstock_1020032878-scaled.jpg,real,general_ai,RealArt,train
/content/diffusion_local/train/REAL/2820 (10).jpg,real,diffusion,cifar_object,train
/content/diffusion_local/train/FAKE/3518 (3).jpg,fake,diffusion,cifar_object,train
/content/diffusion_local/train/FAKE/3448 (4).jpg,fake,diffusion,cifar_object,train
/content/general_ai_local/AiArtData/AiArtData/1000_F_557173172_OZOK6P7w9PBUajB5n9YKcGlvMYumKKaL.jpg,fake,general_ai,AiArtData,train
/content/diffusion_local/train/FAKE/1067.jpg,fake,diffusion,cifar_object,train
/content/gan_local/real_vs_fake/real-vs-fake/train/fake/LI3VISGZ7E.jpg,fake,gan,face,train
/content/general_ai_local/AiArtData/AiArtData/1JfLNu1-TgkKhhX-e_FgpOA.png,fake,general_ai,AiArtData,train
/content/diffusion_local/test/REAL/0113 (5).jpg,real,diffusion,cifar_object,test
/content/diffusion_local/train/REAL/1815 (4).jpg,real,diffusion,cifar_object,train
/content/intel_local/seg_train/seg_train/street/12465.jpg,real,intel,street,train
/content/gan_local/real_vs_fake/real-vs-fake/train/fake/55LHNS59SQ.jpg,fake,gan,face,train
/content/diffusion_local/test/FAKE/102 (2).jpg,fake,diffusion,cifar_object,test
/content/gan_local/real_vs_fake/real-vs-fake/train/fake/LBIIF4MF06.jpg,fake,gan,face,train
/content/intel_local/seg_train/seg_train/mountain/10575.jpg,real,intel,mountain,train
/content/gan_local/real_vs_fake/real-vs-fake/train/fake/MYHX9KO8O8.jpg,fake,gan,face,train
/content/diffusion_local/train/FAKE/1115 (4).jpg,fake,diffusion,cifar_object,train
/content/gan_local/real_vs_fake/real-vs-fake/valid/real/20417.jpg,real,gan,face,valid
/content/diffusion_local/train/FAKE/3553 (10).jpg,fake,diffusion,cifar_object,train
/content/gan_local/real_vs_fake/real-vs-fake/train/fake/MBJ4VCHNYU.jpg,fake,gan,face,train
/content/diffusion_local/test/FAKE/841 (3).jpg,fake,diffusion,cifar_object,test
/content/gan_local/real_vs_fake/real-vs-fake/valid/real/57948.jpg,real,gan,face,valid
/content/diffusion_local/test/REAL/0474 (10).jpg,real,diffusion,cifar_object,test
/content/diffusion_local/train/REAL/3407 (7).jpg,real,diffusion,cifar_object,train
/content/intel_local/seg_test/seg_test/mountain/22761.jpg,real,intel,mountain,test
/content/gan_local/real_vs_fake/real-vs-fake/train/fake/RIVAFS06VS.jpg,fake,gan,face,train
/content/general_ai_local/AiArtData/AiArtData/ai-art.jpg,fake,general_ai,AiArtData,train
/content/intel_local/seg_train/seg_train/buildings/17264.jpg,real,intel,buildings,train
/content/diffusion_local/train/REAL/3272 (10).jpg,real,diffusion,cifar_object,train
/content/intel_local/seg_train/seg_train/forest/17855.jpg,real,intel,forest,train
/content/diffusion_local/train/REAL/0389 (6).jpg,real,diffusion,cifar_object,train
/content/intel_local/seg_train/seg_train/buildings/14182.jpg,real,intel,buildings,train
/content/general_ai_local/RealArt/RealArt/Indigenous-Peoples-Myanmar-Meriem-Gray--World-Bank-1440x600.png,real,general_ai,RealArt,train
/content/intel_local/seg_train/seg_train/mountain/14743.jpg,real,intel,mountain,train
/content/intel_local/seg_train/seg_train/glacier/9564.jpg,real,intel,glacier,train
/content/intel_local/seg_test/seg_test/street/21892.jpg,real,intel,street,test
/content/diffusion_local/train/FAKE/3048 (2).jpg,fake,diffusion,cifar_object,train
/content/diffusion_local/train/FAKE/2784 (9).jpg,fake,diffusion,cifar_object,train
/content/intel_local/seg_train/seg_train/street/19772.jpg,real,intel,street,train
/content/intel_local/seg_train/seg_train/street/396.jpg,real,intel,street,train
/content/diffusion_local/train/FAKE/5518 (8).jpg,fake,diffusion,cifar_object,train
/content/gan_local/real_vs_fake/real-vs-fake/train/real/49953.jpg,real,gan,face,train
/content/intel_local/seg_train/seg_train/buildings/13135.jpg,real,intel,buildings,train
/content/gan_local/real_vs_fake/real-vs-fake/train/real/44405.jpg,real,gan,face,train
/content/diffusion_local/train/FAKE/2150 (6).jpg,fake,diffusion,cifar_object,train
/content/gan_local/real_vs_fake/real-vs-fake/valid/fake/DQCFRH93OH.jpg,fake,gan,face,valid
/content/gan_local/real_vs_fake/real-vs-fake/train/real/04486.jpg,real,gan,face,train
/content/intel_local/seg_train/seg_train/glacier/3288.jpg,real,intel,glacier,train
/content/diffusion_local/train/FAKE/4357 (2).jpg,fake,diffusion,cifar_object,train
/content/diffusion_local/train/FAKE/4717.jpg,fake,diffusion,cifar_object,train
/content/intel_local/seg_train/seg_train/buildings/9007.jpg,real,intel,buildings,train
/content/intel_local/seg_test/seg_test/sea/20811.jpg,real,intel,sea,test
/content/diffusion_local/train/FAKE/1355 (7).jpg,fake,diffusion,cifar_object,train
/content/intel_local/seg_test/seg_test/buildings/20074.jpg,real,intel,buildings,test
/content/intel_local/seg_train/seg_train/mountain/14198.jpg,real,intel,mountain,train
/content/gan_local/real_vs_fake/real-vs-fake/test/real/29560.jpg,real,gan,face,test
/content/intel_local/seg_train/seg_train/sea/9648.jpg,real,intel,sea,train
/content/general_ai_local/RealArt/RealArt/pngtree-beautiful-natural-scenery-like-in-a-fairyland-used-as-phone-wallpaper-image_1949463.jpg,real,general_ai,RealArt,train
/content/diffusion_local/train/REAL/2396 (5).jpg,real,diffusion,cifar_object,train
/content/gan_local/real_vs_fake/real-vs-fake/test/fake/TRTRV9INPZ.jpg,fake,gan,face,test
/content/intel_local/seg_train/seg_train/forest/257.jpg,real,intel,forest,train
/content/intel_local/seg_train/seg_train/buildings/9095.jpg,real,intel,buildings,train
/content/diffusion_local/train/FAKE/1971 (9).jpg,fake,diffusion,cifar_object,train
/content/diffusion_local/train/REAL/1635 (6).jpg,real,diffusion,cifar_object,train
/content/diffusion_local/train/FAKE/2053 (9).jpg,fake,diffusion,cifar_object,train
/content/diffusion_local/train/REAL/0379 (4).jpg,real,diffusion,cifar_object,train
/content/gan_local/real_vs_fake/real-vs-fake/train/fake/KDB97LN4TP.jpg,fake,gan,face,train
/content/gan_local/real_vs_fake/real-vs-fake/train/fake/H1Z60V2GFI.jpg,fake,gan,face,train
/content/gan_local/real_vs_fake/real-vs-fake/train/real/20291.jpg,real,gan,face,train
/content/diffusion_local/train/FAKE/4934 (10).jpg,fake,diffusion,cifar_object,train
/content/diffusion_local/train/FAKE/4438 (9).jpg,fake,diffusion,cifar_object,train
/content/diffusion_local/train/FAKE/1136 (8).jpg,fake,diffusion,cifar_object,train
/content/intel_local/seg_train/seg_train/mountain/5799.jpg,real,intel,mountain,train
/content/intel_local/seg_train/seg_train/mountain/3896.jpg,real,intel,mountain,train
/content/diffusion_local/train/REAL/1449 (10).jpg,real,diffusion,cifar_object,train
/content/intel_local/seg_train/seg_train/glacier/1062.jpg,real,intel,glacier,train
/content/general_ai_local/RealArt/RealArt/4c1d531b-165d-4df6-89a6-0bd99446a31d_3c9c923a-84bb-4512-bb2d-4a16568285bd.jpg,real,general_ai,RealArt,train
/content/intel_local/seg_train/seg_train/mountain/13343.jpg,real,intel,mountain,train
/content/gan_local/real_vs_fake/real-vs-fake/train/fake/0O9IJZ5FYB.jpg,fake,gan,face,train
/content/intel_local/seg_test/seg_test/buildings/21779.jpg,real,intel,buildings,test
/content/gan_local/real_vs_fake/real-vs-fake/train/real/03938.jpg,real,gan,face,train
/content/intel_local/seg_test/seg_test/glacier/22859.jpg,real,intel,glacier,test
/content/gan_local/real_vs_fake/real-vs-fake/train/real/28099.jpg,real,gan,face,train
/content/diffusion_local/train/FAKE/1714 (6).jpg,fake,diffusion,cifar_object,train
/content/gan_local/real_vs_fake/real-vs-fake/test/fake/OTK9QMIJ5W.jpg,fake,gan,face,test
/content/gan_local/real_vs_fake/real-vs-fake/train/fake/ZKL6FJUOWL.jpg,fake,gan,face,train
/content/gan_local/real_vs_fake/real-vs-fake/test/fake/NFAMKHRKV1.jpg,fake,gan,face,test
/content/diffusion_local/train/FAKE/1493 (2).jpg,fake,diffusion,cifar_object,train
/content/diffusion_local/train/REAL/2070 (4).jpg,real,diffusion,cifar_object,train
/content/gan_local/real_vs_fake/real-vs-fake/test/real/28959.jpg,real,gan,face,test
/content/general_ai_local/RealArt/RealArt/Mother_sea_otter_with_sleeping_pup.jpeg,real,general_ai,RealArt,train
/content/diffusion_local/test/REAL/0328 (5).jpg,real,diffusion,cifar_object,test
/content/gan_local/real_vs_fake/real-vs-fake/train/fake/AKJPYEGVS1.jpg,fake,gan,face,train
/content/intel_local/seg_train/seg_train/sea/16306.jpg,real,intel,sea,train
/content/gan_local/real_vs_fake/real-vs-fake/valid/real/49741.jpg,real,gan,face,valid
/content/gan_local/real_vs_fake/real-vs-fake/valid/real/48991.jpg,real,gan,face,valid
/content/diffusion_local/train/FAKE/4407 (9).jpg,fake,diffusion,cifar_object,train
/content/gan_local/real_vs_fake/real-vs-fake/test/fake/2L0HTX4YVF.jpg,fake,gan,face,test
/content/intel_local/seg_train/seg_train/glacier/6716.jpg,real,intel,glacier,train
/content/diffusion_local/train/REAL/0214 (9).jpg,real,diffusion,cifar_object,train
/content/gan_local/real_vs_fake/real-vs-fake/train/fake/7JCPOR58PB.jpg,fake,gan,face,train
/content/diffusion_local/train/FAKE/1964 (4).jpg,fake,diffusion,cifar_object,train
/content/diffusion_local/train/FAKE/4074 (5).jpg,fake,diffusion,cifar_object,train
/content/intel_local/seg_train/seg_train/sea/4798.jpg,real,intel,sea,train
/content/gan_local/real_vs_fake/real-vs-fake/valid/fake/OW1CT19I9E.jpg,fake,gan,face,valid
/content/diffusion_local/train/REAL/1093 (4).jpg,real,diffusion,cifar_object,train
/content/gan_local/real_vs_fake/real-vs-fake/train/fake/8NV61AI9HP.jpg,fake,gan,face,train
/content/gan_local/real_vs_fake/real-vs-fake/test/real/65980.jpg,real,gan,face,test
/content/intel_local/seg_train/seg_train/sea/14817.jpg,real,intel,sea,train
/content/intel_local/seg_train/seg_train/buildings/10480.jpg,real,intel,buildings,train
/content/general_ai_local/AiArtData/AiArtData/ai-generated-7787714_1280.jpg,fake,general_ai,AiArtData,train
/content/gan_local/real_vs_fake/real-vs-fake/valid/fake/4J9626RF50.jpg,fake,gan,face,valid
/content/gan_local/real_vs_fake/real-vs-fake/test/fake/7QFX3PAQE2.jpg,fake,gan,face,test
/content/gan_local/real_vs_fake/real-vs-fake/test/fake/MFS11LF30M.jpg,fake,gan,face,test
/content/diffusion_local/test/FAKE/865 (9).jpg,fake,diffusion,cifar_object,test
/content/diffusion_local/train/REAL/0288 (2).jpg,real,diffusion,cifar_object,train
/content/diffusion_local/test/FAKE/118 (6).jpg,fake,diffusion,cifar_object,test
/content/intel_local/seg_train/seg_train/sea/10378.jpg,real,intel,sea,train
/content/gan_local/real_vs_fake/real-vs-fake/train/fake/HM8F2YTFAT.jpg,fake,gan,face,train
/content/diffusion_local/train/REAL/1850 (5).jpg,real,diffusion,cifar_object,train
/content/gan_local/real_vs_fake/real-vs-fake/test/fake/5EXBU4U9GV.jpg,fake,gan,face,test
/content/gan_local/real_vs_fake/real-vs-fake/test/real/54568.jpg,real,gan,face,test
/content/general_ai_local/AiArtData/AiArtData/5274772_0f37_5.jpg,fake,general_ai,AiArtData,train
/content/gan_local/real_vs_fake/real-vs-fake/train/real/38633.jpg,real,gan,face,train
/content/diffusion_local/test/FAKE/948 (3).jpg,fake,diffusion,cifar_object,test
/content/gan_local/real_vs_fake/real-vs-fake/train/real/61633.jpg,real,gan,face,train
/content/intel_local/seg_test/seg_test/forest/21125.jpg,real,intel,forest,test
/content/general_ai_local/AiArtData/AiArtData/tp-composite-ai-art-new.jpg,fake,general_ai,AiArtData,train
/content/diffusion_local/train/REAL/4862 (7).jpg,real,diffusion,cifar_object,train
/content/intel_local/seg_train/seg_train/sea/1342.jpg,real,intel,sea,train
/content/gan_local/real_vs_fake/real-vs-fake/train/fake/YKXR4ZVDRL.jpg,fake,gan,face,train
/content/diffusion_local/train/REAL/4570 (6).jpg,real,diffusion,cifar_object,train
/content/intel_local/seg_train/seg_train/street/7718.jpg,real,intel,street,train
/content/intel_local/seg_train/seg_train/glacier/1510.jpg,real,intel,glacier,train
/content/gan_local/real_vs_fake/real-vs-fake/train/fake/BC2GPMR57Q.jpg,fake,gan,face,train
/content/gan_local/real_vs_fake/real-vs-fake/train/fake/NKKMTA9VAT.jpg,fake,gan,face,train
/content/diffusion_local/train/FAKE/2246 (7).jpg,fake,diffusion,cifar_object,train
/content/diffusion_local/train/FAKE/3393 (5).jpg,fake,diffusion,cifar_object,train
/content/gan_local/real_vs_fake/real-vs-fake/train/real/10343.jpg,real,gan,face,train
/content/gan_local/real_vs_fake/real-vs-fake/train/real/00583.jpg,real,gan,face,train
/content/gan_local/real_vs_fake/real-vs-fake/train/fake/R31EKGJDXS.jpg,fake,gan,face,train
/content/gan_local/real_vs_fake/real-vs-fake/train/fake/2AZQVS9UNV.jpg,fake,gan,face,train
/content/intel_local/seg_test/seg_test/buildings/22330.jpg,real,intel,buildings,test
/content/gan_local/real_vs_fake/real-vs-fake/train/fake/ZP9JK60L50.jpg,fake,gan,face,train
/content/diffusion_local/train/REAL/3907 (7).jpg,real,diffusion,cifar_object,train
/content/gan_local/real_vs_fake/real-vs-fake/train/fake/AEEKH4V4ZZ.jpg,fake,gan,face,train
/content/intel_local/seg_test/seg_test/glacier/22518.jpg,real,intel,glacier,test
/content/general_ai_local/RealArt/RealArt/people-movement_740563843.jpg,real,general_ai,RealArt,train
/content/gan_local/real_vs_fake/real-vs-fake/test/real/65735.jpg,real,gan,face,test
/content/gan_local/real_vs_fake/real-vs-fake/train/fake/NNAZ41YZSE.jpg,fake,gan,face,train
/content/gan_local/real_vs_fake/real-vs-fake/train/real/52512.jpg,real,gan,face,train
/content/diffusion_local/train/FAKE/3827 (7).jpg,fake,diffusion,cifar_object,train
/content/diffusion_local/test/FAKE/47 (3).jpg,fake,diffusion,cifar_object,test
/content/intel_local/seg_train/seg_train/sea/18027.jpg,real,intel,sea,train
/content/intel_local/seg_train/seg_train/street/7457.jpg,real,intel,street,train
/content/intel_local/seg_train/seg_train/buildings/14161.jpg,real,intel,buildings,train
/content/diffusion_local/train/FAKE/2604 (8).jpg,fake,diffusion,cifar_object,train
/content/intel_local/seg_test/seg_test/sea/24304.jpg,real,intel,sea,test
/content/general_ai_local/AiArtData/AiArtData/images18.jpg,fake,general_ai,AiArtData,train
/content/diffusion_local/train/FAKE/2231.jpg,fake,diffusion,cifar_object,train
/content/diffusion_local/train/FAKE/2027 (5).jpg,fake,diffusion,cifar_object,train
/content/diffusion_local/test/FAKE/119 (10).jpg,fake,diffusion,cifar_object,test
/content/intel_local/seg_train/seg_train/forest/966.jpg,real,intel,forest,train
/content/gan_local/real_vs_fake/real-vs-fake/test/fake/17DNTPV69I.jpg,fake,gan,face,test
/content/diffusion_local/train/REAL/4583 (8).jpg,real,diffusion,cifar_object,train
/content/gan_local/real_vs_fake/real-vs-fake/train/real/16870.jpg,real,gan,face,train
/content/gan_local/real_vs_fake/real-vs-fake/train/fake/3BD6JMZ71N.jpg,fake,gan,face,train
/content/gan_local/real_vs_fake/real-vs-fake/train/real/52494.jpg,real,gan,face,train
/content/gan_local/real_vs_fake/real-vs-fake/train/fake/YBB1LRYJRY.jpg,fake,gan,face,train
/content/gan_local/real_vs_fake/real-vs-fake/train/real/38781.jpg,real,gan,face,train
/content/gan_local/real_vs_fake/real-vs-fake/train/real/43462.jpg,real,gan,face,train
/content/intel_local/seg_train/seg_train/forest/15572.jpg,real,intel,forest,train
/content/gan_local/real_vs_fake/real-vs-fake/train/real/41207.jpg,real,gan,face,train
/content/gan_local/real_vs_fake/real-vs-fake/test/fake/JYX0MH6U12.jpg,fake,gan,face,test
/content/diffusion_local/train/REAL/1584 (8).jpg,real,diffusion,cifar_object,train
/content/gan_local/real_vs_fake/real-vs-fake/train/fake/AEMAXINMOR.jpg,fake,gan,face,train
/content/diffusion_local/train/FAKE/1198 (8).jpg,fake,diffusion,cifar_object,train
/content/diffusion_local/train/FAKE/4199 (6).jpg,fake,diffusion,cifar_object,train
/content/gan_local/real_vs_fake/real-vs-fake/train/fake/6TB9ZMBAGD.jpg,fake,gan,face,train
/content/intel_local/seg_test/seg_test/forest/23984.jpg,real,intel,forest,test
/content/intel_local/seg_train/seg_train/street/11799.jpg,real,intel,street,train
/content/diffusion_local/train/FAKE/5198 (5).jpg,fake,diffusion,cifar_object,train
/content/diffusion_local/test/FAKE/295 (6).jpg,fake,diffusion,cifar_object,test
/content/intel_local/seg_train/seg_train/street/10938.jpg,real,intel,street,train
/content/diffusion_local/train/FAKE/5198 (10).jpg,fake,diffusion,cifar_object,train
/content/gan_local/real_vs_fake/real-vs-fake/train/real/29652.jpg,real,gan,face,train
/content/diffusion_local/test/FAKE/584 (7).jpg,fake,diffusion,cifar_object,test
/content/gan_local/real_vs_fake/real-vs-fake/test/real/43230.jpg,real,gan,face,test
/content/diffusion_local/test/FAKE/157 (7).jpg,fake,diffusion,cifar_object,test
/content/general_ai_local/AiArtData/AiArtData/GettyImages-1096829784-copy.jpg,fake,general_ai,AiArtData,train
/content/gan_local/real_vs_fake/real-vs-fake/train/fake/GBIU30PKTU.jpg,fake,gan,face,train
/content/general_ai_local/RealArt/RealArt/Fireflies_product_800x.jpg,real,general_ai,RealArt,train
/content/gan_local/real_vs_fake/real-vs-fake/test/fake/TDTZ2ULT6U.jpg,fake,gan,face,test
/content/gan_local/real_vs_fake/real-vs-fake/test/fake/E7LPTBRL8H.jpg,fake,gan,face,test
/content/intel_local/seg_train/seg_train/mountain/9285.jpg,real,intel,mountain,train
/content/general_ai_local/AiArtData/AiArtData/le_penguin_in_leather_armor_0_517c9353-4e20-4b7d-a13e-e39e63ddf8bf-1024x1024.png,fake,general_ai,AiArtData,train
/content/diffusion_local/train/FAKE/1133 (10).jpg,fake,diffusion,cifar_object,train
/content/diffusion_local/test/FAKE/447 (3).jpg,fake,diffusion,cifar_object,test
/content/intel_local/seg_train/seg_train/glacier/9587.jpg,real,intel,glacier,train
/content/diffusion_local/test/FAKE/294 (9).jpg,fake,diffusion,cifar_object,test
/content/intel_local/seg_train/seg_train/glacier/18834.jpg,real,intel,glacier,train
/content/intel_local/seg_train/seg_train/glacier/8374.jpg,real,intel,glacier,train
/content/gan_local/real_vs_fake/real-vs-fake/train/real/16232.jpg,real,gan,face,train
/content/gan_local/real_vs_fake/real-vs-fake/valid/real/48292.jpg,real,gan,face,valid
/content/gan_local/real_vs_fake/real-vs-fake/train/real/65873.jpg,real,gan,face,train
/content/diffusion_local/train/REAL/1030 (10).jpg,real,diffusion,cifar_object,train
/content/diffusion_local/train/REAL/2104 (6).jpg,real,diffusion,cifar_object,train
/content/gan_local/real_vs_fake/real-vs-fake/train/real/14039.jpg,real,gan,face,train
/content/diffusion_local/test/REAL/0913 (2).jpg,real,diffusion,cifar_object,test
/content/diffusion_local/train/FAKE/3872.jpg,fake,diffusion,cifar_object,train
/content/general_ai_local/AiArtData/AiArtData/Various-AI-portraits-generated-by-Fotor.jpg,fake,general_ai,AiArtData,train
/content/gan_local/real_vs_fake/real-vs-fake/train/fake/MVE030BBOG.jpg,fake,gan,face,train
/content/diffusion_local/train/FAKE/1230 (4).jpg,fake,diffusion,cifar_object,train
/content/gan_local/real_vs_fake/real-vs-fake/train/fake/YC6CREEVZ9.jpg,fake,gan,face,train
/content/gan_local/real_vs_fake/real-vs-fake/train/fake/BQP6P0WCBY.jpg,fake,gan,face,train
/content/diffusion_local/test/FAKE/211 (10).jpg,fake,diffusion,cifar_object,test
/content/gan_local/real_vs_fake/real-vs-fake/train/real/43841.jpg,real,gan,face,train
/content/diffusion_local/train/FAKE/2895 (6).jpg,fake,diffusion,cifar_object,train
/content/general_ai_local/AiArtData/AiArtData/08_No-more-lost-in-translation.jpg,fake,general_ai,AiArtData,train
/content/general_ai_local/RealArt/RealArt/jennifer-lawrence.jpg,real,general_ai,RealArt,train
/content/diffusion_local/test/REAL/0276 (8).jpg,real,diffusion,cifar_object,test
/content/intel_local/seg_train/seg_train/glacier/1346.jpg,real,intel,glacier,train
/content/diffusion_local/train/FAKE/4177 (2).jpg,fake,diffusion,cifar_object,train
/content/gan_local/real_vs_fake/real-vs-fake/train/real/54877.jpg,real,gan,face,train
/content/diffusion_local/train/REAL/1786 (8).jpg,real,diffusion,cifar_object,train
/content/general_ai_local/AiArtData/AiArtData/Simon_HERO.png,fake,general_ai,AiArtData,train
/content/general_ai_local/AiArtData/AiArtData/1000_F_588347899_rcxPfuXCi7gXABcOl1TuboinIVfa6ggf.jpg,fake,general_ai,AiArtData,train
/content/intel_local/seg_train/seg_train/buildings/5025.jpg,real,intel,buildings,train
/content/gan_local/real_vs_fake/real-vs-fake/train/real/35482.jpg,real,gan,face,train
/content/gan_local/real_vs_fake/real-vs-fake/test/fake/HC4VDLMSYS.jpg,fake,gan,face,test
/content/gan_local/real_vs_fake/real-vs-fake/train/fake/LZF7FVBZ6I.jpg,fake,gan,face,train
/content/intel_local/seg_train/seg_train/mountain/8895.jpg,real,intel,mountain,train
/content/gan_local/real_vs_fake/real-vs-fake/train/real/61055.jpg,real,gan,face,train
/content/diffusion_local/test/FAKE/639 (6).jpg,fake,diffusion,cifar_object,test
/content/gan_local/real_vs_fake/real-vs-fake/train/fake/5GX52E3VUR.jpg,fake,gan,face,train
/content/intel_local/seg_train/seg_train/sea/6691.jpg,real,intel,sea,train
/content/intel_local/seg_train/seg_train/mountain/9209.jpg,real,intel,mountain,train
/content/diffusion_local/train/FAKE/4825 (10).jpg,fake,diffusion,cifar_object,train
/content/gan_local/real_vs_fake/real-vs-fake/valid/fake/WQTI663ESI.jpg,fake,gan,face,valid
/content/diffusion_local/train/FAKE/3747 (2).jpg,fake,diffusion,cifar_object,train
/content/gan_local/real_vs_fake/real-vs-fake/train/fake/X7E5XJC1TB.jpg,fake,gan,face,train
/content/diffusion_local/train/REAL/1271 (3).jpg,real,diffusion,cifar_object,train
/content/gan_local/real_vs_fake/real-vs-fake/train/fake/K24QALDI55.jpg,fake,gan,face,train
/content/diffusion_local/train/REAL/3392 (4).jpg,real,diffusion,cifar_object,train
/content/intel_local/seg_test/seg_test/forest/23979.jpg,real,intel,forest,test
/content/gan_local/real_vs_fake/real-vs-fake/train/real/65717.jpg,real,gan,face,train
/content/diffusion_local/train/FAKE/4741 (5).jpg,fake,diffusion,cifar_object,train
/content/gan_local/real_vs_fake/real-vs-fake/valid/real/45236.jpg,real,gan,face,valid
/content/gan_local/real_vs_fake/real-vs-fake/train/fake/DV9B46RR73.jpg,fake,gan,face,train
/content/diffusion_local/test/REAL/0393 (2).jpg,real,diffusion,cifar_object,test
/content/diffusion_local/train/FAKE/4402 (3).jpg,fake,diffusion,cifar_object,train
/content/diffusion_local/test/FAKE/707 (4).jpg,fake,diffusion,cifar_object,test
/content/gan_local/real_vs_fake/real-vs-fake/train/fake/Z88V1QU6PD.jpg,fake,gan,face,train
/content/intel_local/seg_train/seg_train/mountain/7018.jpg,real,intel,mountain,train
/content/diffusion_local/train/REAL/4304 (7).jpg,real,diffusion,cifar_object,train
/content/gan_local/real_vs_fake/real-vs-fake/test/fake/2NI33ECS0A.jpg,fake,gan,face,test
/content/gan_local/real_vs_fake/real-vs-fake/train/fake/5VR9MEX9Y0.jpg,fake,gan,face,train
/content/intel_local/seg_train/seg_train/sea/10351.jpg,real,intel,sea,train
/content/diffusion_local/train/FAKE/2429 (10).jpg,fake,diffusion,cifar_object,train
/content/gan_local/real_vs_fake/real-vs-fake/train/fake/X608TOOXXA.jpg,fake,gan,face,train
/content/gan_local/real_vs_fake/real-vs-fake/train/real/63939.jpg,real,gan,face,train
/content/diffusion_local/train/FAKE/1996 (6).jpg,fake,diffusion,cifar_object,train
/content/general_ai_local/AiArtData/AiArtData/Animals04april2023.jpg,fake,general_ai,AiArtData,train
/content/gan_local/real_vs_fake/real-vs-fake/train/real/16360.jpg,real,gan,face,train
/content/diffusion_local/test/REAL/0144 (5).jpg,real,diffusion,cifar_object,test
/content/gan_local/real_vs_fake/real-vs-fake/valid/fake/19CD659B0U.jpg,fake,gan,face,valid
/content/diffusion_local/train/FAKE/4177.jpg,fake,diffusion,cifar_object,train
/content/diffusion_local/train/REAL/4818 (2).jpg,real,diffusion,cifar_object,train
/content/diffusion_local/train/FAKE/1478 (9).jpg,fake,diffusion,cifar_object,train
/content/diffusion_local/train/REAL/3976 (2).jpg,real,diffusion,cifar_object,train
/content/diffusion_local/train/FAKE/1307 (9).jpg,fake,diffusion,cifar_object,train
/content/diffusion_local/train/REAL/4556 (10).jpg,real,diffusion,cifar_object,train
/content/gan_local/real_vs_fake/real-vs-fake/valid/fake/WV47637M4Q.jpg,fake,gan,face,valid
/content/diffusion_local/train/FAKE/4318 (8).jpg,fake,diffusion,cifar_object,train
/content/diffusion_local/test/FAKE/925.jpg,fake,diffusion,cifar_object,test
/content/gan_local/real_vs_fake/real-vs-fake/train/fake/UMASF44XSJ.jpg,fake,gan,face,train
/content/gan_local/real_vs_fake/real-vs-fake/train/real/27807.jpg,real,gan,face,train
/content/intel_local/seg_train/seg_train/mountain/15510.jpg,real,intel,mountain,train
/content/gan_local/real_vs_fake/real-vs-fake/train/fake/AL6G94ZOZU.jpg,fake,gan,face,train
/content/intel_local/seg_test/seg_test/glacier/20142.jpg,real,intel,glacier,test
/content/gan_local/real_vs_fake/real-vs-fake/valid/fake/TY4BZUK9M6.jpg,fake,gan,face,valid
/content/intel_local/seg_train/seg_train/mountain/17043.jpg,real,intel,mountain,train
/content/diffusion_local/train/REAL/1867 (2).jpg,real,diffusion,cifar_object,train
/content/intel_local/seg_train/seg_train/glacier/19226.jpg,real,intel,glacier,train
/content/diffusion_local/train/REAL/3805.jpg,real,diffusion,cifar_object,train
/content/gan_local/real_vs_fake/real-vs-fake/train/fake/SCWI43MXPT.jpg,fake,gan,face,train
/content/gan_local/real_vs_fake/real-vs-fake/valid/real/06967.jpg,real,gan,face,valid
/content/gan_local/real_vs_fake/real-vs-fake/train/fake/YCBM5CCLWL.jpg,fake,gan,face,train
/content/gan_local/real_vs_fake/real-vs-fake/test/real/14663.jpg,real,gan,face,test
/content/intel_local/seg_train/seg_train/mountain/14764.jpg,real,intel,mountain,train
/content/gan_local/real_vs_fake/real-vs-fake/train/fake/5REPF0L3UJ.jpg,fake,gan,face,train
/content/gan_local/real_vs_fake/real-vs-fake/train/fake/H3TSUF9QAZ.jpg,fake,gan,face,train
/content/diffusion_local/test/REAL/0610 (5).jpg,real,diffusion,cifar_object,test
/content/diffusion_local/train/FAKE/2601 (5).jpg,fake,diffusion,cifar_object,train
/content/diffusion_local/train/FAKE/1355 (9).jpg,fake,diffusion,cifar_object,train
/content/diffusion_local/train/FAKE/2693 (9).jpg,fake,diffusion,cifar_object,train
/content/gan_local/real_vs_fake/real-vs-fake/test/real/02063.jpg,real,gan,face,test
/content/gan_local/real_vs_fake/real-vs-fake/valid/fake/UOR6VQNBID.jpg,fake,gan,face,valid
/content/gan_local/real_vs_fake/real-vs-fake/train/real/02860.jpg,real,gan,face,train
/content/diffusion_local/test/FAKE/795 (8).jpg,fake,diffusion,cifar_object,test
/content/gan_local/real_vs_fake/real-vs-fake/train/fake/1XAIQOFDGT.jpg,fake,gan,face,train
/content/diffusion_local/train/REAL/4469 (9).jpg,real,diffusion,cifar_object,train
/content/general_ai_local/RealArt/RealArt/famous-paintings-fb.png,real,general_ai,RealArt,train
/content/diffusion_local/test/FAKE/747 (9).jpg,fake,diffusion,cifar_object,test
/content/gan_local/real_vs_fake/real-vs-fake/train/fake/UCS9RRLNI0.jpg,fake,gan,face,train
/content/gan_local/real_vs_fake/real-vs-fake/train/real/32977.jpg,real,gan,face,train
/content/intel_local/seg_train/seg_train/street/12762.jpg,real,intel,street,train
/content/diffusion_local/train/FAKE/2981 (5).jpg,fake,diffusion,cifar_object,train
/content/gan_local/real_vs_fake/real-vs-fake/train/real/38825.jpg,real,gan,face,train
/content/intel_local/seg_test/seg_test/glacier/20517.jpg,real,intel,glacier,test
/content/gan_local/real_vs_fake/real-vs-fake/train/fake/S5426EUI4P.jpg,fake,gan,face,train
/content/diffusion_local/train/FAKE/3967 (7).jpg,fake,diffusion,cifar_object,train
/content/diffusion_local/test/FAKE/27 (9).jpg,fake,diffusion,cifar_object,test
/content/gan_local/real_vs_fake/real-vs-fake/train/real/03491.jpg,real,gan,face,train
/content/gan_local/real_vs_fake/real-vs-fake/train/fake/W89FHOKXU1.jpg,fake,gan,face,train
/content/intel_local/seg_train/seg_train/glacier/8606.jpg,real,intel,glacier,train
/content/gan_local/real_vs_fake/real-vs-fake/train/real/34519.jpg,real,gan,face,train
/content/diffusion_local/train/FAKE/3756 (8).jpg,fake,diffusion,cifar_object,train
/content/gan_local/real_vs_fake/real-vs-fake/test/fake/X7M1V00OQ6.jpg,fake,gan,face,test
/content/gan_local/real_vs_fake/real-vs-fake/train/fake/BYDRQSKPQH.jpg,fake,gan,face,train
/content/gan_local/real_vs_fake/real-vs-fake/test/fake/2IHU0WZNZC.jpg,fake,gan,face,test
/content/diffusion_local/test/FAKE/634 (4).jpg,fake,diffusion,cifar_object,test
/content/gan_local/real_vs_fake/real-vs-fake/train/real/07593.jpg,real,gan,face,train
/content/general_ai_local/AiArtData/AiArtData/wp-image-940-16849365973x2.jpg,fake,general_ai,AiArtData,train
/content/gan_local/real_vs_fake/real-vs-fake/train/real/68242.jpg,real,gan,face,train
/content/gan_local/real_vs_fake/real-vs-fake/train/fake/I5CG7T3PKK.jpg,fake,gan,face,train
/content/intel_local/seg_train/seg_train/buildings/14705.jpg,real,intel,buildings,train
/content/diffusion_local/train/REAL/4603.jpg,real,diffusion,cifar_object,train
/content/gan_local/real_vs_fake/real-vs-fake/train/fake/726IW4LDKM.jpg,fake,gan,face,train
/content/intel_local/seg_train/seg_train/buildings/3572.jpg,real,intel,buildings,train
/content/diffusion_local/train/FAKE/3685.jpg,fake,diffusion,cifar_object,train
/content/intel_local/seg_train/seg_train/street/2695.jpg,real,intel,street,train
/content/general_ai_local/RealArt/RealArt/51sGagaZbS._AC_UF10001000_QL80_.jpg,real,general_ai,RealArt,train
/content/diffusion_local/train/REAL/3998 (9).jpg,real,diffusion,cifar_object,train
/content/gan_local/real_vs_fake/real-vs-fake/train/fake/AEYQLHNVQE.jpg,fake,gan,face,train
/content/general_ai_local/RealArt/RealArt/71OZ5MXTSjL.jpg,real,general_ai,RealArt,train
/content/gan_local/real_vs_fake/real-vs-fake/train/fake/RC9CLCWSUJ.jpg,fake,gan,face,train
/content/intel_local/seg_test/seg_test/forest/23376.jpg,real,intel,forest,test
/content/diffusion_local/test/FAKE/52 (10).jpg,fake,diffusion,cifar_object,test
/content/gan_local/real_vs_fake/real-vs-fake/train/real/47960.jpg,real,gan,face,train
/content/gan_local/real_vs_fake/real-vs-fake/train/fake/9N5O67YOYK.jpg,fake,gan,face,train
/content/diffusion_local/train/REAL/3461 (7).jpg,real,diffusion,cifar_object,train
/content/gan_local/real_vs_fake/real-vs-fake/train/real/25467.jpg,real,gan,face,train
/content/gan_local/real_vs_fake/real-vs-fake/train/real/36885.jpg,real,gan,face,train
/content/diffusion_local/train/REAL/4244 (5).jpg,real,diffusion,cifar_object,train
/content/diffusion_local/train/FAKE/4043 (5).jpg,fake,diffusion,cifar_object,train
/content/intel_local/seg_train/seg_train/glacier/14639.jpg,real,intel,glacier,train
/content/gan_local/real_vs_fake/real-vs-fake/train/fake/8SGH2INQ7S.jpg,fake,gan,face,train
/content/diffusion_local/train/FAKE/2968 (6).jpg,fake,diffusion,cifar_object,train
/content/diffusion_local/train/REAL/2958 (6).jpg,real,diffusion,cifar_object,train
/content/gan_local/real_vs_fake/real-vs-fake/test/fake/OJVAZ0S94X.jpg,fake,gan,face,test
/content/general_ai_local/AiArtData/AiArtData/images88.jpg,fake,general_ai,AiArtData,train
/content/gan_local/real_vs_fake/real-vs-fake/train/fake/PFM6XBT658.jpg,fake,gan,face,train
/content/gan_local/real_vs_fake/real-vs-fake/valid/real/68283.jpg,real,gan,face,valid
/content/gan_local/real_vs_fake/real-vs-fake/train/fake/J6CYBN8CGV.jpg,fake,gan,face,train
/content/intel_local/seg_train/seg_train/sea/9752.jpg,real,intel,sea,train
/content/gan_local/real_vs_fake/real-vs-fake/train/fake/W9CG8X4D7H.jpg,fake,gan,face,train
/content/diffusion_local/train/REAL/2166 (9).jpg,real,diffusion,cifar_object,train
/content/diffusion_local/train/REAL/1182.jpg,real,diffusion,cifar_object,train
/content/diffusion_local/test/FAKE/629 (4).jpg,fake,diffusion,cifar_object,test
/content/gan_local/real_vs_fake/real-vs-fake/train/fake/HX6YAN1Z08.jpg,fake,gan,face,train
/content/gan_local/real_vs_fake/real-vs-fake/valid/fake/ESAG7KPHFK.jpg,fake,gan,face,valid
/content/diffusion_local/train/REAL/1832 (10).jpg,real,diffusion,cifar_object,train
/content/diffusion_local/train/FAKE/3038 (9).jpg,fake,diffusion,cifar_object,train
/content/diffusion_local/train/REAL/2553 (5).jpg,real,diffusion,cifar_object,train
/content/diffusion_local/train/FAKE/4169 (9).jpg,fake,diffusion,cifar_object,train
/content/intel_local/seg_test/seg_test/street/22464.jpg,real,intel,street,test
/content/diffusion_local/test/FAKE/53 (6).jpg,fake,diffusion,cifar_object,test
/content/diffusion_local/test/FAKE/247 (9).jpg,fake,diffusion,cifar_object,test
/content/gan_local/real_vs_fake/real-vs-fake/valid/fake/QVF4MGOWFO.jpg,fake,gan,face,valid
/content/gan_local/real_vs_fake/real-vs-fake/train/fake/6VTTV3YGN0.jpg,fake,gan,face,train
/content/intel_local/seg_train/seg_train/sea/18812.jpg,real,intel,sea,train
/content/diffusion_local/test/FAKE/568 (6).jpg,fake,diffusion,cifar_object,test
/content/gan_local/real_vs_fake/real-vs-fake/test/fake/BXHRLT8ROJ.jpg,fake,gan,face,test
/content/diffusion_local/test/REAL/0168 (2).jpg,real,diffusion,cifar_object,test
/content/gan_local/real_vs_fake/real-vs-fake/train/real/56095.jpg,real,gan,face,train
/content/gan_local/real_vs_fake/real-vs-fake/train/fake/ABGXLSVT61.jpg,fake,gan,face,train
/content/gan_local/real_vs_fake/real-vs-fake/valid/fake/5E5AF8WX5S.jpg,fake,gan,face,valid
/content/diffusion_local/test/FAKE/172 (10).jpg,fake,diffusion,cifar_object,test
/content/diffusion_local/train/FAKE/4500 (4).jpg,fake,diffusion,cifar_object,train
/content/diffusion_local/train/REAL/1419 (8).jpg,real,diffusion,cifar_object,train
/content/gan_local/real_vs_fake/real-vs-fake/train/fake/GV94DXN7L3.jpg,fake,gan,face,train
/content/diffusion_local/train/FAKE/1470 (4).jpg,fake,diffusion,cifar_object,train
/content/diffusion_local/train/REAL/1311 (3).jpg,real,diffusion,cifar_object,train
/content/gan_local/real_vs_fake/real-vs-fake/train/fake/OOIZ1PIIIJ.jpg,fake,gan,face,train
/content/gan_local/real_vs_fake/real-vs-fake/train/fake/J8TQ9ZGZMG.jpg,fake,gan,face,train
/content/intel_local/seg_test/seg_test/street/24097.jpg,real,intel,street,test
/content/diffusion_local/train/REAL/2374 (2).jpg,real,diffusion,cifar_object,train
/content/gan_local/real_vs_fake/real-vs-fake/train/fake/VDE25L9TMM.jpg,fake,gan,face,train
/content/diffusion_local/train/FAKE/2318 (3).jpg,fake,diffusion,cifar_object,train
/content/diffusion_local/test/FAKE/598 (4).jpg,fake,diffusion,cifar_object,test
/content/gan_local/real_vs_fake/real-vs-fake/valid/fake/E72SL5X5GN.jpg,fake,gan,face,valid
/content/gan_local/real_vs_fake/real-vs-fake/test/fake/OJ3YRWG515.jpg,fake,gan,face,test
/content/gan_local/real_vs_fake/real-vs-fake/train/real/23048.jpg,real,gan,face,train
/content/gan_local/real_vs_fake/real-vs-fake/valid/fake/R4JICKGI3L.jpg,fake,gan,face,valid
/content/diffusion_local/train/REAL/3051 (2).jpg,real,diffusion,cifar_object,train
/content/diffusion_local/test/FAKE/971 (10).jpg,fake,diffusion,cifar_object,test
/content/diffusion_local/train/REAL/4767 (4).jpg,real,diffusion,cifar_object,train
/content/diffusion_local/train/FAKE/3026 (9).jpg,fake,diffusion,cifar_object,train
/content/general_ai_local/AiArtData/AiArtData/aiart.png,fake,general_ai,AiArtData,train
/content/intel_local/seg_train/seg_train/mountain/8656.jpg,real,intel,mountain,train
/content/diffusion_local/train/REAL/3416 (6).jpg,real,diffusion,cifar_object,train
/content/diffusion_local/train/FAKE/3152 (3).jpg,fake,diffusion,cifar_object,train
/content/intel_local/seg_train/seg_train/glacier/13278.jpg,real,intel,glacier,train
/content/gan_local/real_vs_fake/real-vs-fake/valid/fake/S3MV4S77A6.jpg,fake,gan,face,valid
/content/diffusion_local/train/REAL/3796 (10).jpg,real,diffusion,cifar_object,train
/content/intel_local/seg_train/seg_train/street/1411.jpg,real,intel,street,train
/content/diffusion_local/train/REAL/2799 (9).jpg,real,diffusion,cifar_object,train
/content/gan_local/real_vs_fake/real-vs-fake/valid/real/63209.jpg,real,gan,face,valid
/content/gan_local/real_vs_fake/real-vs-fake/test/fake/P92EFSXYUP.jpg,fake,gan,face,test
/content/diffusion_local/train/FAKE/5135 (7).jpg,fake,diffusion,cifar_object,train
/content/intel_local/seg_train/seg_train/street/3660.jpg,real,intel,street,train
/content/intel_local/seg_train/seg_train/forest/18158.jpg,real,intel,forest,train
/content/gan_local/real_vs_fake/real-vs-fake/train/fake/E08FFSTMYR.jpg,fake,gan,face,train
/content/general_ai_local/RealArt/RealArt/Shelley-Newman-Watching-The-Show-2022.jpg,real,general_ai,RealArt,train
/content/intel_local/seg_train/seg_train/buildings/18050.jpg,real,intel,buildings,train
/content/intel_local/seg_test/seg_test/street/20915.jpg,real,intel,street,test
/content/diffusion_local/train/REAL/0445 (4).jpg,real,diffusion,cifar_object,train
/content/diffusion_local/train/FAKE/2081 (8).jpg,fake,diffusion,cifar_object,train
/content/intel_local/seg_test/seg_test/street/23779.jpg,real,intel,street,test
/content/gan_local/real_vs_fake/real-vs-fake/train/fake/I7EU8LOLNZ.jpg,fake,gan,face,train
/content/diffusion_local/test/FAKE/142 (8).jpg,fake,diffusion,cifar_object,test
/content/gan_local/real_vs_fake/real-vs-fake/train/fake/YQ163R3BND.jpg,fake,gan,face,train
/content/gan_local/real_vs_fake/real-vs-fake/train/real/16201.jpg,real,gan,face,train
/content/diffusion_local/train/FAKE/3810 (8).jpg,fake,diffusion,cifar_object,train
/content/diffusion_local/train/FAKE/4115 (2).jpg,fake,diffusion,cifar_object,train
/content/diffusion_local/train/FAKE/1351 (5).jpg,fake,diffusion,cifar_object,train
/content/diffusion_local/train/FAKE/4777.jpg,fake,diffusion,cifar_object,train
/content/gan_local/real_vs_fake/real-vs-fake/train/real/60635.jpg,real,gan,face,train
/content/diffusion_local/test/FAKE/465 (2).jpg,fake,diffusion,cifar_object,test
/content/diffusion_local/train/FAKE/4859 (8).jpg,fake,diffusion,cifar_object,train
/content/intel_local/seg_train/seg_train/forest/581.jpg,real,intel,forest,train
/content/gan_local/real_vs_fake/real-vs-fake/train/fake/H8MP23DTV2.jpg,fake,gan,face,train
/content/intel_local/seg_train/seg_train/forest/17458.jpg,real,intel,forest,train
/content/intel_local/seg_train/seg_train/mountain/6398.jpg,real,intel,mountain,train
/content/intel_local/seg_train/seg_train/sea/6301.jpg,real,intel,sea,train
/content/gan_local/real_vs_fake/real-vs-fake/train/fake/CJ8STV7SQ5.jpg,fake,gan,face,train
/content/diffusion_local/train/FAKE/3795 (6).jpg,fake,diffusion,cifar_object,train
/content/gan_local/real_vs_fake/real-vs-fake/train/fake/O0W97TFVCS.jpg,fake,gan,face,train
/content/diffusion_local/test/REAL/0182 (4).jpg,real,diffusion,cifar_object,test
/content/diffusion_local/test/REAL/0487 (8).jpg,real,diffusion,cifar_object,test
/content/diffusion_local/train/FAKE/1436 (10).jpg,fake,diffusion,cifar_object,train
/content/diffusion_local/train/FAKE/4784 (2).jpg,fake,diffusion,cifar_object,train
/content/diffusion_local/test/FAKE/831 (5).jpg,fake,diffusion,cifar_object,test
/content/diffusion_local/train/FAKE/4844 (10).jpg,fake,diffusion,cifar_object,train
/content/gan_local/real_vs_fake/real-vs-fake/test/fake/XHOVN0KFHT.jpg,fake,gan,face,test
/content/diffusion_local/train/REAL/4729 (10).jpg,real,diffusion,cifar_object,train
/content/gan_local/real_vs_fake/real-vs-fake/train/fake/TIEFEX4YHJ.jpg,fake,gan,face,train
/content/diffusion_local/train/REAL/1985.jpg,real,diffusion,cifar_object,train
/content/diffusion_local/train/REAL/2397 (3).jpg,real,diffusion,cifar_object,train
/content/intel_local/seg_train/seg_train/mountain/18737.jpg,real,intel,mountain,train
/content/gan_local/real_vs_fake/real-vs-fake/train/fake/PWFQCFE3RR.jpg,fake,gan,face,train
/content/intel_local/seg_train/seg_train/buildings/7076.jpg,real,intel,buildings,train
/content/gan_local/real_vs_fake/real-vs-fake/train/fake/75CO4MXAM3.jpg,fake,gan,face,train
/content/gan_local/real_vs_fake/real-vs-fake/valid/real/03630.jpg,real,gan,face,valid
/content/intel_local/seg_test/seg_test/sea/20634.jpg,real,intel,sea,test
/content/gan_local/real_vs_fake/real-vs-fake/train/fake/RFDZ3QBAXC.jpg,fake,gan,face,train
/content/diffusion_local/train/FAKE/1047 (7).jpg,fake,diffusion,cifar_object,train
/content/gan_local/real_vs_fake/real-vs-fake/valid/fake/H8O4TB4K32.jpg,fake,gan,face,valid
/content/gan_local/real_vs_fake/real-vs-fake/train/fake/XSA50LQTEW.jpg,fake,gan,face,train
/content/diffusion_local/train/FAKE/5941 (7).jpg,fake,diffusion,cifar_object,train
/content/gan_local/real_vs_fake/real-vs-fake/train/fake/NH3G7AE4ZF.jpg,fake,gan,face,train
/content/gan_local/real_vs_fake/real-vs-fake/valid/real/40535.jpg,real,gan,face,valid
/content/intel_local/seg_test/seg_test/street/20807.jpg,real,intel,street,test
/content/gan_local/real_vs_fake/real-vs-fake/valid/fake/DBP8T704FB.jpg,fake,gan,face,valid
/content/intel_local/seg_train/seg_train/mountain/7922.jpg,real,intel,mountain,train
/content/gan_local/real_vs_fake/real-vs-fake/train/real/08986.jpg,real,gan,face,train
/content/diffusion_local/train/FAKE/2382.jpg,fake,diffusion,cifar_object,train
/content/intel_local/seg_test/seg_test/forest/20885.jpg,real,intel,forest,test
/content/general_ai_local/AiArtData/AiArtData/3UzfFUqU5NuCDJYtoNMaUf-1200-80.jpg,fake,general_ai,AiArtData,train
/content/gan_local/real_vs_fake/real-vs-fake/train/real/34050.jpg,real,gan,face,train
/content/gan_local/real_vs_fake/real-vs-fake/valid/fake/OMTBTWS4KY.jpg,fake,gan,face,valid
/content/intel_local/seg_train/seg_train/buildings/315.jpg,real,intel,buildings,train
/content/diffusion_local/train/REAL/4414 (2).jpg,real,diffusion,cifar_object,train
/content/diffusion_local/train/FAKE/5838 (3).jpg,fake,diffusion,cifar_object,train
/content/intel_local/seg_test/seg_test/sea/21623.jpg,real,intel,sea,test
/content/gan_local/real_vs_fake/real-vs-fake/train/real/46174.jpg,real,gan,face,train
/content/diffusion_local/train/REAL/4511 (10).jpg,real,diffusion,cifar_object,train
/content/gan_local/real_vs_fake/real-vs-fake/train/fake/T4A8HX8K45.jpg,fake,gan,face,train
/content/gan_local/real_vs_fake/real-vs-fake/test/real/49316.jpg,real,gan,face,test
/content/intel_local/seg_train/seg_train/glacier/7415.jpg,real,intel,glacier,train
/content/diffusion_local/train/FAKE/4857 (2).jpg,fake,diffusion,cifar_object,train
/content/diffusion_local/train/REAL/0674 (7).jpg,real,diffusion,cifar_object,train
/content/diffusion_local/test/REAL/0644 (4).jpg,real,diffusion,cifar_object,test
/content/gan_local/real_vs_fake/real-vs-fake/train/fake/X0VEV0QA7X.jpg,fake,gan,face,train
/content/gan_local/real_vs_fake/real-vs-fake/train/real/00659.jpg,real,gan,face,train
/content/diffusion_local/train/FAKE/2336 (9).jpg,fake,diffusion,cifar_object,train
/content/gan_local/real_vs_fake/real-vs-fake/train/real/13494.jpg,real,gan,face,train
/content/gan_local/real_vs_fake/real-vs-fake/train/real/47900.jpg,real,gan,face,train
/content/gan_local/real_vs_fake/real-vs-fake/train/real/54883.jpg,real,gan,face,train
/content/general_ai_local/AiArtData/AiArtData/EmaqLSjrm4SBsK7Xspie--1--avr9b.jpg,fake,general_ai,AiArtData,train
/content/gan_local/real_vs_fake/real-vs-fake/train/fake/0HIF2Q8D9X.jpg,fake,gan,face,train
/content/diffusion_local/test/FAKE/954 (10).jpg,fake,diffusion,cifar_object,test
/content/diffusion_local/train/FAKE/4476 (2).jpg,fake,diffusion,cifar_object,train
/content/gan_local/real_vs_fake/real-vs-fake/valid/fake/O0N4L28N81.jpg,fake,gan,face,valid
/content/gan_local/real_vs_fake/real-vs-fake/test/real/34776.jpg,real,gan,face,test
/content/gan_local/real_vs_fake/real-vs-fake/train/fake/HRY7L7QAAG.jpg,fake,gan,face,train
/content/diffusion_local/train/FAKE/3671 (6).jpg,fake,diffusion,cifar_object,train
/content/gan_local/real_vs_fake/real-vs-fake/train/real/11462.jpg,real,gan,face,train
/content/general_ai_local/AiArtData/AiArtData/15G9ADdejiQlTQc0UxNt3Cg.png,fake,general_ai,AiArtData,train
/content/diffusion_local/train/REAL/2027 (10).jpg,real,diffusion,cifar_object,train
/content/gan_local/real_vs_fake/real-vs-fake/train/fake/VK80DLC4V4.jpg,fake,gan,face,train
/content/general_ai_local/RealArt/RealArt/beautiful-nature-scenery-847611-zhjrh-fb.jpg,real,general_ai,RealArt,train
/content/gan_local/real_vs_fake/real-vs-fake/test/fake/ZWQLYI2QNN.jpg,fake,gan,face,test
/content/general_ai_local/AiArtData/AiArtData/960x02.png,fake,general_ai,AiArtData,train
/content/gan_local/real_vs_fake/real-vs-fake/train/real/43219.jpg,real,gan,face,train
/content/diffusion_local/train/FAKE/3239 (8).jpg,fake,diffusion,cifar_object,train
/content/gan_local/real_vs_fake/real-vs-fake/test/real/39962.jpg,real,gan,face,test
/content/intel_local/seg_train/seg_train/forest/15191.jpg,real,intel,forest,train
/content/diffusion_local/train/REAL/2628 (9).jpg,real,diffusion,cifar_object,train
/content/diffusion_local/train/FAKE/4393 (6).jpg,fake,diffusion,cifar_object,train
/content/intel_local/seg_train/seg_train/mountain/10507.jpg,real,intel,mountain,train
/content/diffusion_local/train/REAL/3367 (5).jpg,real,diffusion,cifar_object,train
/content/diffusion_local/train/FAKE/5675 (10).jpg,fake,diffusion,cifar_object,train
/content/diffusion_local/train/REAL/1624.jpg,real,diffusion,cifar_object,train
/content/diffusion_local/train/FAKE/5664.jpg,fake,diffusion,cifar_object,train
/content/diffusion_local/train/FAKE/1021 (3).jpg,fake,diffusion,cifar_object,train
/content/gan_local/real_vs_fake/real-vs-fake/train/real/56598.jpg,real,gan,face,train
/content/diffusion_local/train/FAKE/2362.jpg,fake,diffusion,cifar_object,train
/content/gan_local/real_vs_fake/real-vs-fake/test/fake/URDZYEOSFJ.jpg,fake,gan,face,test
/content/diffusion_local/train/REAL/4127.jpg,real,diffusion,cifar_object,train
/content/diffusion_local/train/FAKE/1331 (3).jpg,fake,diffusion,cifar_object,train
/content/diffusion_local/test/FAKE/215 (10).jpg,fake,diffusion,cifar_object,test
/content/gan_local/real_vs_fake/real-vs-fake/train/real/42878.jpg,real,gan,face,train
/content/gan_local/real_vs_fake/real-vs-fake/valid/real/46546.jpg,real,gan,face,valid
/content/intel_local/seg_test/seg_test/forest/24206.jpg,real,intel,forest,test
/content/intel_local/seg_train/seg_train/forest/778.jpg,real,intel,forest,train
/content/intel_local/seg_train/seg_train/glacier/4217.jpg,real,intel,glacier,train
/content/diffusion_local/train/FAKE/1209 (2).jpg,fake,diffusion,cifar_object,train
/content/intel_local/seg_train/seg_train/buildings/612.jpg,real,intel,buildings,train
/content/gan_local/real_vs_fake/real-vs-fake/train/real/35978.jpg,real,gan,face,train
/content/diffusion_local/train/FAKE/3800 (7).jpg,fake,diffusion,cifar_object,train
/content/intel_local/seg_train/seg_train/mountain/18432.jpg,real,intel,mountain,train
/content/diffusion_local/train/REAL/4478 (3).jpg,real,diffusion,cifar_object,train
/content/gan_local/real_vs_fake/real-vs-fake/valid/real/15102.jpg,real,gan,face,valid
/content/diffusion_local/train/FAKE/3701 (3).jpg,fake,diffusion,cifar_object,train
/content/gan_local/real_vs_fake/real-vs-fake/train/fake/7YW562UP43.jpg,fake,gan,face,train
/content/gan_local/real_vs_fake/real-vs-fake/test/fake/N6704RTP3L.jpg,fake,gan,face,test
/content/gan_local/real_vs_fake/real-vs-fake/train/real/18715.jpg,real,gan,face,train
/content/intel_local/seg_train/seg_train/street/3762.jpg,real,intel,street,train
/content/intel_local/seg_train/seg_train/street/26.jpg,real,intel,street,train
/content/intel_local/seg_test/seg_test/forest/23402.jpg,real,intel,forest,test
/content/gan_local/real_vs_fake/real-vs-fake/train/real/49698.jpg,real,gan,face,train
/content/gan_local/real_vs_fake/real-vs-fake/train/real/69006.jpg,real,gan,face,train
/content/diffusion_local/test/REAL/0626 (3).jpg,real,diffusion,cifar_object,test
/content/diffusion_local/train/REAL/2392 (9).jpg,real,diffusion,cifar_object,train
/content/gan_local/real_vs_fake/real-vs-fake/valid/fake/0I6HC795RF.jpg,fake,gan,face,valid
/content/intel_local/seg_train/seg_train/street/18452.jpg,real,intel,street,train
/content/general_ai_local/AiArtData/AiArtData/notlandscapes.jpg,fake,general_ai,AiArtData,train
/content/diffusion_local/test/FAKE/668 (4).jpg,fake,diffusion,cifar_object,test
/content/diffusion_local/train/FAKE/3909 (2).jpg,fake,diffusion,cifar_object,train
/content/gan_local/real_vs_fake/real-vs-fake/test/fake/QIGRWXBB9M.jpg,fake,gan,face,test
/content/diffusion_local/test/REAL/0667 (5).jpg,real,diffusion,cifar_object,test
/content/intel_local/seg_train/seg_train/buildings/15344.jpg,real,intel,buildings,train
/content/diffusion_local/test/FAKE/327 (7).jpg,fake,diffusion,cifar_object,test
/content/gan_local/real_vs_fake/real-vs-fake/valid/real/64737.jpg,real,gan,face,valid
/content/gan_local/real_vs_fake/real-vs-fake/test/fake/PT3G6JRVAJ.jpg,fake,gan,face,test
/content/gan_local/real_vs_fake/real-vs-fake/train/real/48729.jpg,real,gan,face,train
/content/general_ai_local/AiArtData/AiArtData/JuliePowell_AI-Banner.jpg,fake,general_ai,AiArtData,train
/content/intel_local/seg_train/seg_train/sea/2723.jpg,real,intel,sea,train
/content/general_ai_local/RealArt/RealArt/alexander-vinogradov-1900x1267-1419x946.jpg,real,general_ai,RealArt,train
/content/gan_local/real_vs_fake/real-vs-fake/test/real/12621.jpg,real,gan,face,test
/content/gan_local/real_vs_fake/real-vs-fake/train/fake/CRTIKEZWQC.jpg,fake,gan,face,train
/content/diffusion_local/train/FAKE/4340 (8).jpg,fake,diffusion,cifar_object,train
/content/intel_local/seg_test/seg_test/street/20346.jpg,real,intel,street,test
/content/intel_local/seg_test/seg_test/forest/22416.jpg,real,intel,forest,test
/content/gan_local/real_vs_fake/real-vs-fake/valid/fake/0EASFCXCU3.jpg,fake,gan,face,valid
/content/diffusion_local/train/FAKE/1367 (3).jpg,fake,diffusion,cifar_object,train
/content/gan_local/real_vs_fake/real-vs-fake/test/real/45202.jpg,real,gan,face,test
/content/gan_local/real_vs_fake/real-vs-fake/valid/fake/F6WLGH9R0Z.jpg,fake,gan,face,valid
/content/gan_local/real_vs_fake/real-vs-fake/train/fake/OTCMW9X5HI.jpg,fake,gan,face,train
/content/gan_local/real_vs_fake/real-vs-fake/train/fake/0KKVL4RFIN.jpg,fake,gan,face,train
/content/gan_local/real_vs_fake/real-vs-fake/train/real/13135.jpg,real,gan,face,train
/content/diffusion_local/test/FAKE/3 (5).jpg,fake,diffusion,cifar_object,test
/content/gan_local/real_vs_fake/real-vs-fake/train/real/59776.jpg,real,gan,face,train
/content/diffusion_local/test/FAKE/645 (7).jpg,fake,diffusion,cifar_object,test
/content/intel_local/seg_train/seg_train/buildings/18412.jpg,real,intel,buildings,train
/content/gan_local/real_vs_fake/real-vs-fake/train/fake/8T9643PQAT.jpg,fake,gan,face,train
/content/diffusion_local/train/FAKE/5686 (7).jpg,fake,diffusion,cifar_object,train
/content/gan_local/real_vs_fake/real-vs-fake/valid/real/53232.jpg,real,gan,face,valid
/content/intel_local/seg_train/seg_train/glacier/10567.jpg,real,intel,glacier,train
/content/intel_local/seg_train/seg_train/mountain/3088.jpg,real,intel,mountain,train
/content/gan_local/real_vs_fake/real-vs-fake/test/real/38865.jpg,real,gan,face,test
/content/diffusion_local/test/FAKE/230.jpg,fake,diffusion,cifar_object,test
/content/gan_local/real_vs_fake/real-vs-fake/train/fake/DA03VN3IEJ.jpg,fake,gan,face,train
/content/diffusion_local/train/FAKE/2447 (5).jpg,fake,diffusion,cifar_object,train
/content/gan_local/real_vs_fake/real-vs-fake/train/real/03363.jpg,real,gan,face,train
/content/gan_local/real_vs_fake/real-vs-fake/train/fake/RXBSXJUJ15.jpg,fake,gan,face,train
/content/gan_local/real_vs_fake/real-vs-fake/train/fake/3HLV3PAFIM.jpg,fake,gan,face,train
/content/gan_local/real_vs_fake/real-vs-fake/train/real/30627.jpg,real,gan,face,train
/content/gan_local/real_vs_fake/real-vs-fake/train/fake/8T56GHZO5M.jpg,fake,gan,face,train
/content/intel_local/seg_train/seg_train/forest/15358.jpg,real,intel,forest,train
/content/gan_local/real_vs_fake/real-vs-fake/train/real/33162.jpg,real,gan,face,train
/content/intel_local/seg_train/seg_train/forest/10705.jpg,real,intel,forest,train
/content/gan_local/real_vs_fake/real-vs-fake/train/real/44168.jpg,real,gan,face,train
/content/intel_local/seg_test/seg_test/glacier/22695.jpg,real,intel,glacier,test
/content/diffusion_local/train/REAL/1691 (4).jpg,real,diffusion,cifar_object,train
/content/intel_local/seg_train/seg_train/forest/6496.jpg,real,intel,forest,train
/content/diffusion_local/train/FAKE/5566 (7).jpg,fake,diffusion,cifar_object,train
/content/diffusion_local/train/REAL/2773 (10).jpg,real,diffusion,cifar_object,train
/content/diffusion_local/train/FAKE/3690 (7).jpg,fake,diffusion,cifar_object,train
/content/general_ai_local/AiArtData/AiArtData/GANimal-1280x540.jpg,fake,general_ai,AiArtData,train
/content/intel_local/seg_train/seg_train/mountain/8692.jpg,real,intel,mountain,train
/content/gan_local/real_vs_fake/real-vs-fake/valid/real/40793.jpg,real,gan,face,valid
/content/gan_local/real_vs_fake/real-vs-fake/test/fake/90N6XTN3VN.jpg,fake,gan,face,test
/content/diffusion_local/train/FAKE/4188 (7).jpg,fake,diffusion,cifar_object,train
/content/diffusion_local/train/FAKE/4913 (9).jpg,fake,diffusion,cifar_object,train
/content/gan_local/real_vs_fake/real-vs-fake/valid/real/14939.jpg,real,gan,face,valid
/content/intel_local/seg_train/seg_train/glacier/15326.jpg,real,intel,glacier,train
/content/diffusion_local/train/REAL/2735 (10).jpg,real,diffusion,cifar_object,train
/content/gan_local/real_vs_fake/real-vs-fake/train/fake/MB0U836D3R.jpg,fake,gan,face,train
/content/diffusion_local/train/FAKE/3106 (5).jpg,fake,diffusion,cifar_object,train
/content/intel_local/seg_train/seg_train/mountain/6518.jpg,real,intel,mountain,train
/content/intel_local/seg_test/seg_test/forest/23853.jpg,real,intel,forest,test
/content/gan_local/real_vs_fake/real-vs-fake/valid/real/22550.jpg,real,gan,face,valid
/content/general_ai_local/AiArtData/AiArtData/Julian-van-Dieken_A-Girl-With-Glowing-Earrings-.png,fake,general_ai,AiArtData,train
/content/gan_local/real_vs_fake/real-vs-fake/train/fake/DYEUIGB93X.jpg,fake,gan,face,train
/content/diffusion_local/test/FAKE/705 (5).jpg,fake,diffusion,cifar_object,test
/content/gan_local/real_vs_fake/real-vs-fake/test/fake/M3IA4TIU38.jpg,fake,gan,face,test
/content/diffusion_local/train/FAKE/1482 (3).jpg,fake,diffusion,cifar_object,train
/content/diffusion_local/test/FAKE/813 (6).jpg,fake,diffusion,cifar_object,test
/content/intel_local/seg_train/seg_train/mountain/3568.jpg,real,intel,mountain,train
/content/gan_local/real_vs_fake/real-vs-fake/train/real/08477.jpg,real,gan,face,train
/content/gan_local/real_vs_fake/real-vs-fake/train/real/47829.jpg,real,gan,face,train
/content/gan_local/real_vs_fake/real-vs-fake/train/fake/C39J56CRXF.jpg,fake,gan,face,train
/content/diffusion_local/train/REAL/4412.jpg,real,diffusion,cifar_object,train
/content/general_ai_local/AiArtData/AiArtData/07-the-coffee-service-hossaini-art-ai.x3e656121.png,fake,general_ai,AiArtData,train
/content/diffusion_local/train/FAKE/4766 (5).jpg,fake,diffusion,cifar_object,train
/content/gan_local/real_vs_fake/real-vs-fake/train/real/29923.jpg,real,gan,face,train
/content/gan_local/real_vs_fake/real-vs-fake/train/real/11556.jpg,real,gan,face,train
/content/diffusion_local/train/FAKE/2553 (9).jpg,fake,diffusion,cifar_object,train
/content/diffusion_local/train/REAL/0352 (5).jpg,real,diffusion,cifar_object,train
/content/general_ai_local/RealArt/RealArt/hero-palettes-inspired-by-paintings.png,real,general_ai,RealArt,train
/content/general_ai_local/RealArt/RealArt/Untitled20design2028129-Aug-02-2022-04-20-22-53-PM.png,real,general_ai,RealArt,train
/content/gan_local/real_vs_fake/real-vs-fake/test/fake/WUF8TKH2EM.jpg,fake,gan,face,test
/content/intel_local/seg_train/seg_train/buildings/13486.jpg,real,intel,buildings,train
/content/intel_local/seg_train/seg_train/buildings/11499.jpg,real,intel,buildings,train
/content/diffusion_local/train/FAKE/1036 (5).jpg,fake,diffusion,cifar_object,train
/content/gan_local/real_vs_fake/real-vs-fake/test/real/12155.jpg,real,gan,face,test
/content/gan_local/real_vs_fake/real-vs-fake/train/fake/LTROH0PN03.jpg,fake,gan,face,train
/content/intel_local/seg_train/seg_train/forest/9634.jpg,real,intel,forest,train
/content/general_ai_local/RealArt/RealArt/why_we_connect_with_vincent_van_goghs_paintings_1050x700.jpg,real,general_ai,RealArt,train
/content/gan_local/real_vs_fake/real-vs-fake/train/real/56049.jpg,real,gan,face,train
/content/intel_local/seg_train/seg_train/mountain/18135.jpg,real,intel,mountain,train
/content/gan_local/real_vs_fake/real-vs-fake/valid/real/55419.jpg,real,gan,face,valid
/content/intel_local/seg_train/seg_train/mountain/457.jpg,real,intel,mountain,train
/content/gan_local/real_vs_fake/real-vs-fake/train/fake/P2HS4T5E5S.jpg,fake,gan,face,train
/content/gan_local/real_vs_fake/real-vs-fake/train/fake/PVIADLDS4F.jpg,fake,gan,face,train
/content/diffusion_local/train/REAL/3279 (8).jpg,real,diffusion,cifar_object,train
/content/gan_local/real_vs_fake/real-vs-fake/train/real/30610.jpg,real,gan,face,train
/content/intel_local/seg_train/seg_train/glacier/4159.jpg,real,intel,glacier,train
/content/intel_local/seg_train/seg_train/street/6155.jpg,real,intel,street,train
/content/gan_local/real_vs_fake/real-vs-fake/train/real/53155.jpg,real,gan,face,train
/content/diffusion_local/train/FAKE/1509.jpg,fake,diffusion,cifar_object,train
/content/diffusion_local/train/FAKE/4829 (5).jpg,fake,diffusion,cifar_object,train
/content/intel_local/seg_train/seg_train/forest/14943.jpg,real,intel,forest,train
/content/gan_local/real_vs_fake/real-vs-fake/test/fake/FFK4DFSJU0.jpg,fake,gan,face,test
/content/gan_local/real_vs_fake/real-vs-fake/train/fake/A6Z0LOUKH5.jpg,fake,gan,face,train
/content/diffusion_local/train/REAL/2348.jpg,real,diffusion,cifar_object,train
/content/diffusion_local/train/REAL/1945 (2).jpg,real,diffusion,cifar_object,train
/content/intel_local/seg_train/seg_train/sea/11739.jpg,real,intel,sea,train
/content/diffusion_local/train/FAKE/4830.jpg,fake,diffusion,cifar_object,train
/content/intel_local/seg_train/seg_train/glacier/3375.jpg,real,intel,glacier,train
/content/diffusion_local/test/REAL/0650 (4).jpg,real,diffusion,cifar_object,test
/content/gan_local/real_vs_fake/real-vs-fake/train/fake/VEM9PP0XO4.jpg,fake,gan,face,train
/content/gan_local/real_vs_fake/real-vs-fake/valid/fake/CW7F7WTUEX.jpg,fake,gan,face,valid
/content/gan_local/real_vs_fake/real-vs-fake/train/fake/J8HYOZYC0P.jpg,fake,gan,face,train
/content/gan_local/real_vs_fake/real-vs-fake/train/real/01168.jpg,real,gan,face,train
/content/diffusion_local/train/FAKE/2079 (2).jpg,fake,diffusion,cifar_object,train
/content/gan_local/real_vs_fake/real-vs-fake/test/fake/W9852X02FD.jpg,fake,gan,face,test
/content/diffusion_local/train/REAL/2378 (9).jpg,real,diffusion,cifar_object,train
/content/gan_local/real_vs_fake/real-vs-fake/valid/real/67432.jpg,real,gan,face,valid
/content/intel_local/seg_train/seg_train/street/11563.jpg,real,intel,street,train
/content/intel_local/seg_train/seg_train/sea/13615.jpg,real,intel,sea,train
/content/intel_local/seg_train/seg_train/buildings/6285.jpg,real,intel,buildings,train
/content/general_ai_local/AiArtData/AiArtData/ai-generated-8146218_1280.png,fake,general_ai,AiArtData,train
/content/gan_local/real_vs_fake/real-vs-fake/train/fake/1DHDWCL2OD.jpg,fake,gan,face,train
/content/diffusion_local/train/FAKE/3636 (9).jpg,fake,diffusion,cifar_object,train
/content/diffusion_local/train/REAL/4195.jpg,real,diffusion,cifar_object,train
/content/general_ai_local/AiArtData/AiArtData/7e644b89-cd82-440c-8836-9a9300c97672.jpg,fake,general_ai,AiArtData,train
/content/diffusion_local/test/FAKE/17 (9).jpg,fake,diffusion,cifar_object,test
/content/intel_local/seg_train/seg_train/mountain/6254.jpg,real,intel,mountain,train
/content/diffusion_local/test/FAKE/689 (2).jpg,fake,diffusion,cifar_object,test
/content/gan_local/real_vs_fake/real-vs-fake/train/fake/BU5WQHZIOP.jpg,fake,gan,face,train
/content/gan_local/real_vs_fake/real-vs-fake/train/real/68160.jpg,real,gan,face,train
/content/gan_local/real_vs_fake/real-vs-fake/train/real/03768.jpg,real,gan,face,train
/content/general_ai_local/AiArtData/AiArtData/Flower-Trip-style.jpeg,fake,general_ai,AiArtData,train
/content/diffusion_local/train/REAL/0580 (9).jpg,real,diffusion,cifar_object,train
/content/gan_local/real_vs_fake/real-vs-fake/train/fake/RUDUFHTXHY.jpg,fake,gan,face,train
/content/intel_local/seg_train/seg_train/street/370.jpg,real,intel,street,train
/content/intel_local/seg_train/seg_train/buildings/2136.jpg,real,intel,buildings,train
/content/intel_local/seg_train/seg_train/mountain/6645.jpg,real,intel,mountain,train
/content/intel_local/seg_train/seg_train/buildings/19405.jpg,real,intel,buildings,train
/content/gan_local/real_vs_fake/real-vs-fake/train/fake/DLK4FPS2BU.jpg,fake,gan,face,train
/content/gan_local/real_vs_fake/real-vs-fake/train/fake/FM3MY61E1T.jpg,fake,gan,face,train
/content/diffusion_local/train/FAKE/3932 (7).jpg,fake,diffusion,cifar_object,train
/content/intel_local/seg_test/seg_test/glacier/22983.jpg,real,intel,glacier,test
/content/gan_local/real_vs_fake/real-vs-fake/train/fake/FQHJMC31GL.jpg,fake,gan,face,train
/content/gan_local/real_vs_fake/real-vs-fake/train/real/09843.jpg,real,gan,face,train
/content/intel_local/seg_train/seg_train/glacier/2629.jpg,real,intel,glacier,train
/content/gan_local/real_vs_fake/real-vs-fake/train/real/30904.jpg,real,gan,face,train
/content/gan_local/real_vs_fake/real-vs-fake/train/fake/06CC2GX7MZ.jpg,fake,gan,face,train
/content/intel_local/seg_train/seg_train/sea/4423.jpg,real,intel,sea,train
/content/diffusion_local/train/FAKE/2528 (9).jpg,fake,diffusion,cifar_object,train
/content/diffusion_local/train/FAKE/3809 (8).jpg,fake,diffusion,cifar_object,train
/content/gan_local/real_vs_fake/real-vs-fake/train/real/43731.jpg,real,gan,face,train
/content/intel_local/seg_train/seg_train/forest/16773.jpg,real,intel,forest,train
/content/intel_local/seg_train/seg_train/glacier/12365.jpg,real,intel,glacier,train
/content/gan_local/real_vs_fake/real-vs-fake/train/fake/5K6NM36JVY.jpg,fake,gan,face,train
/content/intel_local/seg_train/seg_train/forest/2392.jpg,real,intel,forest,train
/content/diffusion_local/test/FAKE/272.jpg,fake,diffusion,cifar_object,test
/content/gan_local/real_vs_fake/real-vs-fake/valid/fake/ADXQ33IJR2.jpg,fake,gan,face,valid
/content/diffusion_local/train/FAKE/2579 (2).jpg,fake,diffusion,cifar_object,train
/content/gan_local/real_vs_fake/real-vs-fake/train/fake/NAHQJTZR9V.jpg,fake,gan,face,train
/content/diffusion_local/train/REAL/2158 (8).jpg,real,diffusion,cifar_object,train
/content/intel_local/seg_train/seg_train/glacier/11426.jpg,real,intel,glacier,train
/content/general_ai_local/AiArtData/AiArtData/y5aca20it7v1kb9qs0ce.jpg,fake,general_ai,AiArtData,train
/content/diffusion_local/train/FAKE/4041 (8).jpg,fake,diffusion,cifar_object,train
/content/general_ai_local/AiArtData/AiArtData/AI-portrait-generator.jpg,fake,general_ai,AiArtData,train
/content/diffusion_local/test/REAL/0464.jpg,real,diffusion,cifar_object,test
/content/gan_local/real_vs_fake/real-vs-fake/train/fake/Q6COOJHH0Q.jpg,fake,gan,face,train
/content/diffusion_local/train/REAL/2830 (7).jpg,real,diffusion,cifar_object,train
/content/diffusion_local/train/FAKE/1917 (3).jpg,fake,diffusion,cifar_object,train
/content/gan_local/real_vs_fake/real-vs-fake/train/fake/S2BY08648D.jpg,fake,gan,face,train
/content/diffusion_local/train/FAKE/2652 (8).jpg,fake,diffusion,cifar_object,train
/content/diffusion_local/train/FAKE/3727 (3).jpg,fake,diffusion,cifar_object,train
/content/diffusion_local/train/REAL/4074 (9).jpg,real,diffusion,cifar_object,train
/content/diffusion_local/train/REAL/2941 (3).jpg,real,diffusion,cifar_object,train
/content/diffusion_local/train/REAL/0846 (6).jpg,real,diffusion,cifar_object,train
/content/gan_local/real_vs_fake/real-vs-fake/test/real/22504.jpg,real,gan,face,test
/content/gan_local/real_vs_fake/real-vs-fake/train/real/20278.jpg,real,gan,face,train
/content/gan_local/real_vs_fake/real-vs-fake/train/real/47774.jpg,real,gan,face,train
/content/gan_local/real_vs_fake/real-vs-fake/test/fake/KIIJB1ABM1.jpg,fake,gan,face,test
/content/diffusion_local/train/FAKE/3560 (5).jpg,fake,diffusion,cifar_object,train
/content/gan_local/real_vs_fake/real-vs-fake/train/real/06602.jpg,real,gan,face,train
/content/gan_local/real_vs_fake/real-vs-fake/train/fake/88RCXAEIU3.jpg,fake,gan,face,train
/content/intel_local/seg_train/seg_train/sea/12737.jpg,real,intel,sea,train
/content/intel_local/seg_train/seg_train/forest/1195.jpg,real,intel,forest,train
/content/gan_local/real_vs_fake/real-vs-fake/valid/real/57460.jpg,real,gan,face,valid
/content/diffusion_local/train/REAL/4856 (9).jpg,real,diffusion,cifar_object,train
/content/diffusion_local/train/REAL/3226 (6).jpg,real,diffusion,cifar_object,train
/content/diffusion_local/train/FAKE/2527.jpg,fake,diffusion,cifar_object,train
/content/gan_local/real_vs_fake/real-vs-fake/train/real/29930.jpg,real,gan,face,train
/content/gan_local/real_vs_fake/real-vs-fake/test/real/31671.jpg,real,gan,face,test
/content/general_ai_local/AiArtData/AiArtData/.amazonaws.com2Fpublic2Fimages2Ff89de3bb-279b-42c9-9822-a653fb5b21e6_600x480.png,fake,general_ai,AiArtData,train
/content/intel_local/seg_train/seg_train/forest/16294.jpg,real,intel,forest,train
/content/gan_local/real_vs_fake/real-vs-fake/train/fake/PWS35I2W2Q.jpg,fake,gan,face,train
/content/gan_local/real_vs_fake/real-vs-fake/valid/real/56390.jpg,real,gan,face,valid
/content/diffusion_local/train/FAKE/3150 (6).jpg,fake,diffusion,cifar_object,train
/content/general_ai_local/AiArtData/AiArtData/6415e4b2cd8ebd571e17d18a_85becjacC5FV9Ohz5fRCohUtpt6IHcA2TUmLvHWInL8.jpeg,fake,general_ai,AiArtData,train
/content/gan_local/real_vs_fake/real-vs-fake/train/fake/2I4S6U6E3P.jpg,fake,gan,face,train
/content/gan_local/real_vs_fake/real-vs-fake/train/fake/YWFSN6XGZG.jpg,fake,gan,face,train
/content/gan_local/real_vs_fake/real-vs-fake/train/real/13095.jpg,real,gan,face,train
/content/diffusion_local/train/FAKE/3028 (6).jpg,fake,diffusion,cifar_object,train
/content/diffusion_local/train/FAKE/4955 (8).jpg,fake,diffusion,cifar_object,train
/content/gan_local/real_vs_fake/real-vs-fake/train/real/35560.jpg,real,gan,face,train
/content/intel_local/seg_train/seg_train/glacier/13651.jpg,real,intel,glacier,train
/content/general_ai_local/AiArtData/AiArtData/1a9B6fCE7uFAgaQDUMGFRqw.jpeg,fake,general_ai,AiArtData,train
/content/diffusion_local/test/REAL/0876 (8).jpg,real,diffusion,cifar_object,test
/content/diffusion_local/train/REAL/0429 (7).jpg,real,diffusion,cifar_object,train
/content/gan_local/real_vs_fake/real-vs-fake/train/fake/7YZZA6PID7.jpg,fake,gan,face,train
/content/diffusion_local/train/FAKE/3328 (3).jpg,fake,diffusion,cifar_object,train
/content/intel_local/seg_train/seg_train/buildings/16280.jpg,real,intel,buildings,train
/content/gan_local/real_vs_fake/real-vs-fake/train/fake/2YFPJ0DZ08.jpg,fake,gan,face,train
/content/gan_local/real_vs_fake/real-vs-fake/train/real/68615.jpg,real,gan,face,train
/content/general_ai_local/RealArt/RealArt/images88.jpg,real,general_ai,RealArt,train
/content/diffusion_local/test/FAKE/788 (3).jpg,fake,diffusion,cifar_object,test
/content/diffusion_local/train/FAKE/1828 (2).jpg,fake,diffusion,cifar_object,train
/content/gan_local/real_vs_fake/real-vs-fake/train/fake/AO7DHFSLW9.jpg,fake,gan,face,train
/content/diffusion_local/train/FAKE/2271 (10).jpg,fake,diffusion,cifar_object,train
/content/diffusion_local/train/REAL/3388.jpg,real,diffusion,cifar_object,train
/content/diffusion_local/train/FAKE/1790 (8).jpg,fake,diffusion,cifar_object,train
/content/gan_local/real_vs_fake/real-vs-fake/test/fake/8C7K4ASDBK.jpg,fake,gan,face,test
/content/intel_local/seg_train/seg_train/mountain/8937.jpg,real,intel,mountain,train
/content/gan_local/real_vs_fake/real-vs-fake/train/real/43912.jpg,real,gan,face,train
/content/gan_local/real_vs_fake/real-vs-fake/valid/fake/3S7JMR779C.jpg,fake,gan,face,valid
/content/gan_local/real_vs_fake/real-vs-fake/train/fake/7KIJMGX8KR.jpg,fake,gan,face,train
/content/intel_local/seg_train/seg_train/sea/5147.jpg,real,intel,sea,train
/content/diffusion_local/train/FAKE/1907 (7).jpg,fake,diffusion,cifar_object,train
/content/gan_local/real_vs_fake/real-vs-fake/train/real/42678.jpg,real,gan,face,train
/content/gan_local/real_vs_fake/real-vs-fake/train/fake/RKC87VRWHK.jpg,fake,gan,face,train
/content/diffusion_local/train/REAL/0187 (10).jpg,real,diffusion,cifar_object,train
/content/intel_local/seg_train/seg_train/street/8387.jpg,real,intel,street,train
/content/general_ai_local/RealArt/RealArt/14_1110x.png,real,general_ai,RealArt,train
/content/general_ai_local/AiArtData/AiArtData/images49.jpg,fake,general_ai,AiArtData,train
/content/gan_local/real_vs_fake/real-vs-fake/train/real/27133.jpg,real,gan,face,train
/content/gan_local/real_vs_fake/real-vs-fake/train/real/17532.jpg,real,gan,face,train
/content/intel_local/seg_train/seg_train/forest/14727.jpg,real,intel,forest,train
/content/diffusion_local/train/FAKE/1007 (6).jpg,fake,diffusion,cifar_object,train
/content/diffusion_local/train/FAKE/1599 (3).jpg,fake,diffusion,cifar_object,train
/content/diffusion_local/train/REAL/4085.jpg,real,diffusion,cifar_object,train
/content/intel_local/seg_train/seg_train/glacier/4451.jpg,real,intel,glacier,train
/content/diffusion_local/train/REAL/3759 (4).jpg,real,diffusion,cifar_object,train
/content/gan_local/real_vs_fake/real-vs-fake/train/fake/H71QC9TS5C.jpg,fake,gan,face,train
/content/diffusion_local/train/FAKE/1271 (5).jpg,fake,diffusion,cifar_object,train
/content/diffusion_local/train/FAKE/4515 (2).jpg,fake,diffusion,cifar_object,train
/content/intel_local/seg_train/seg_train/street/2082.jpg,real,intel,street,train
/content/intel_local/seg_train/seg_train/sea/18856.jpg,real,intel,sea,train
/content/gan_local/real_vs_fake/real-vs-fake/train/fake/CJGGCSV9IG.jpg,fake,gan,face,train
/content/diffusion_local/train/FAKE/4272 (9).jpg,fake,diffusion,cifar_object,train
/content/diffusion_local/train/FAKE/5977 (10).jpg,fake,diffusion,cifar_object,train
/content/diffusion_local/train/REAL/1318 (5).jpg,real,diffusion,cifar_object,train
/content/gan_local/real_vs_fake/real-vs-fake/train/real/28515.jpg,real,gan,face,train
/content/diffusion_local/test/FAKE/299 (3).jpg,fake,diffusion,cifar_object,test
/content/gan_local/real_vs_fake/real-vs-fake/train/fake/8FUAUEZXOK.jpg,fake,gan,face,train
/content/general_ai_local/RealArt/RealArt/elelphants_kindness_family_1122.jpg,real,general_ai,RealArt,train
/content/gan_local/real_vs_fake/real-vs-fake/train/fake/P5WXBPKPW2.jpg,fake,gan,face,train
/content/diffusion_local/train/REAL/4633 (7).jpg,real,diffusion,cifar_object,train
/content/gan_local/real_vs_fake/real-vs-fake/train/fake/6JVSGTRM8C.jpg,fake,gan,face,train
/content/gan_local/real_vs_fake/real-vs-fake/train/fake/X4NKUSG55S.jpg,fake,gan,face,train
/content/diffusion_local/train/FAKE/4350 (8).jpg,fake,diffusion,cifar_object,train
/content/intel_local/seg_train/seg_train/buildings/1891.jpg,real,intel,buildings,train
/content/gan_local/real_vs_fake/real-vs-fake/valid/real/13492.jpg,real,gan,face,valid
/content/diffusion_local/train/FAKE/5694.jpg,fake,diffusion,cifar_object,train
/content/gan_local/real_vs_fake/real-vs-fake/test/fake/BWOULWJ4HH.jpg,fake,gan,face,test
/content/gan_local/real_vs_fake/real-vs-fake/train/fake/Q22OUW774Q.jpg,fake,gan,face,train
/content/diffusion_local/train/REAL/2893 (3).jpg,real,diffusion,cifar_object,train
/content/diffusion_local/test/REAL/0946 (2).jpg,real,diffusion,cifar_object,test
/content/diffusion_local/train/REAL/0149 (7).jpg,real,diffusion,cifar_object,train
/content/diffusion_local/train/FAKE/1666 (2).jpg,fake,diffusion,cifar_object,train
/content/diffusion_local/test/REAL/0798 (3).jpg,real,diffusion,cifar_object,test
/content/gan_local/real_vs_fake/real-vs-fake/test/real/29940.jpg,real,gan,face,test
/content/diffusion_local/train/FAKE/2896 (3).jpg,fake,diffusion,cifar_object,train
/content/diffusion_local/train/FAKE/5940 (5).jpg,fake,diffusion,cifar_object,train
/content/gan_local/real_vs_fake/real-vs-fake/train/fake/UZCSV4TJRR.jpg,fake,gan,face,train
/content/intel_local/seg_train/seg_train/mountain/822.jpg,real,intel,mountain,train
/content/intel_local/seg_train/seg_train/street/11143.jpg,real,intel,street,train
/content/general_ai_local/AiArtData/AiArtData/pe-How-To-Use-AI-Images-Good-Bad-Review-Bard-Bing-ChatGPT-Guide-Paul-Reiffer.jpg,fake,general_ai,AiArtData,train
/content/intel_local/seg_train/seg_train/glacier/67.jpg,real,intel,glacier,train
/content/general_ai_local/AiArtData/AiArtData/images51.jpg,fake,general_ai,AiArtData,train
/content/diffusion_local/test/FAKE/394 (10).jpg,fake,diffusion,cifar_object,test
/content/intel_local/seg_train/seg_train/buildings/11458.jpg,real,intel,buildings,train
/content/gan_local/real_vs_fake/real-vs-fake/train/fake/BNNNJQHGVQ.jpg,fake,gan,face,train
/content/gan_local/real_vs_fake/real-vs-fake/train/fake/N1FGDDZNZH.jpg,fake,gan,face,train
/content/gan_local/real_vs_fake/real-vs-fake/train/fake/I7EZN77OB9.jpg,fake,gan,face,train
/content/intel_local/seg_train/seg_train/forest/4873.jpg,real,intel,forest,train
/content/diffusion_local/train/REAL/3255.jpg,real,diffusion,cifar_object,train
/content/general_ai_local/AiArtData/AiArtData/psychedelic-image-edited-2.png,fake,general_ai,AiArtData,train
/content/gan_local/real_vs_fake/real-vs-fake/train/fake/8NA8IRY6VA.jpg,fake,gan,face,train
/content/diffusion_local/test/REAL/0716 (3).jpg,real,diffusion,cifar_object,test
/content/diffusion_local/train/FAKE/4551 (3).jpg,fake,diffusion,cifar_object,train
/content/general_ai_local/RealArt/RealArt/77505086_large1300.jpg,real,general_ai,RealArt,train
/content/intel_local/seg_train/seg_train/street/8526.jpg,real,intel,street,train
/content/gan_local/real_vs_fake/real-vs-fake/train/fake/O8FA0MU3WZ.jpg,fake,gan,face,train
/content/diffusion_local/train/REAL/0905 (7).jpg,real,diffusion,cifar_object,train
/content/gan_local/real_vs_fake/real-vs-fake/train/fake/IGJXRIFIH4.jpg,fake,gan,face,train
/content/diffusion_local/train/FAKE/3236 (5).jpg,fake,diffusion,cifar_object,train
/content/diffusion_local/train/FAKE/3515 (9).jpg,fake,diffusion,cifar_object,train
/content/intel_local/seg_train/seg_train/forest/11641.jpg,real,intel,forest,train
/content/diffusion_local/train/FAKE/4355.jpg,fake,diffusion,cifar_object,train
/content/diffusion_local/train/FAKE/1795 (6).jpg,fake,diffusion,cifar_object,train
/content/gan_local/real_vs_fake/real-vs-fake/train/fake/PNM04RWXBH.jpg,fake,gan,face,train
/content/diffusion_local/train/FAKE/1738 (3).jpg,fake,diffusion,cifar_object,train
/content/diffusion_local/train/REAL/0088 (9).jpg,real,diffusion,cifar_object,train
/content/intel_local/seg_train/seg_train/forest/11369.jpg,real,intel,forest,train
/content/gan_local/real_vs_fake/real-vs-fake/train/fake/C5J9P11IG5.jpg,fake,gan,face,train
/content/gan_local/real_vs_fake/real-vs-fake/train/real/10076.jpg,real,gan,face,train
/content/gan_local/real_vs_fake/real-vs-fake/test/real/13787.jpg,real,gan,face,test
/content/intel_local/seg_train/seg_train/mountain/19318.jpg,real,intel,mountain,train
/content/diffusion_local/train/FAKE/5722 (2).jpg,fake,diffusion,cifar_object,train
/content/diffusion_local/test/FAKE/282 (6).jpg,fake,diffusion,cifar_object,test
/content/diffusion_local/train/FAKE/1207.jpg,fake,diffusion,cifar_object,train
/content/diffusion_local/test/FAKE/281 (2).jpg,fake,diffusion,cifar_object,test
/content/gan_local/real_vs_fake/real-vs-fake/valid/real/15524.jpg,real,gan,face,valid
/content/gan_local/real_vs_fake/real-vs-fake/train/fake/3Y8KD0OWMK.jpg,fake,gan,face,train
/content/diffusion_local/test/REAL/0201 (4).jpg,real,diffusion,cifar_object,test
/content/general_ai_local/AiArtData/AiArtData/il_570xN.4585214944_j5ob.jpg,fake,general_ai,AiArtData,train
/content/diffusion_local/train/FAKE/3164 (3).jpg,fake,diffusion,cifar_object,train
/content/gan_local/real_vs_fake/real-vs-fake/train/fake/9TGOH469TR.jpg,fake,gan,face,train
/content/intel_local/seg_train/seg_train/glacier/12532.jpg,real,intel,glacier,train
/content/gan_local/real_vs_fake/real-vs-fake/train/fake/XTH977QCNC.jpg,fake,gan,face,train
/content/diffusion_local/train/FAKE/4543 (5).jpg,fake,diffusion,cifar_object,train
/content/gan_local/real_vs_fake/real-vs-fake/test/real/39161.jpg,real,gan,face,test
/content/gan_local/real_vs_fake/real-vs-fake/train/real/09448.jpg,real,gan,face,train
/content/gan_local/real_vs_fake/real-vs-fake/train/fake/H2CC2NW9U1.jpg,fake,gan,face,train
/content/diffusion_local/train/FAKE/1879 (5).jpg,fake,diffusion,cifar_object,train
/content/diffusion_local/train/FAKE/2831 (4).jpg,fake,diffusion,cifar_object,train
/content/diffusion_local/train/FAKE/3021 (2).jpg,fake,diffusion,cifar_object,train
/content/gan_local/real_vs_fake/real-vs-fake/train/fake/G3LL1KZMXO.jpg,fake,gan,face,train
/content/diffusion_local/train/REAL/1233 (3).jpg,real,diffusion,cifar_object,train
/content/gan_local/real_vs_fake/real-vs-fake/train/fake/8RZNHS6MWZ.jpg,fake,gan,face,train
/content/gan_local/real_vs_fake/real-vs-fake/test/fake/MXCTH9UNNR.jpg,fake,gan,face,test
/content/gan_local/real_vs_fake/real-vs-fake/train/real/43893.jpg,real,gan,face,train
/content/diffusion_local/test/FAKE/294 (10).jpg,fake,diffusion,cifar_object,test
/content/gan_local/real_vs_fake/real-vs-fake/train/fake/O6O2KME944.jpg,fake,gan,face,train
/content/diffusion_local/train/FAKE/5970 (6).jpg,fake,diffusion,cifar_object,train
/content/intel_local/seg_train/seg_train/street/18799.jpg,real,intel,street,train
/content/gan_local/real_vs_fake/real-vs-fake/test/fake/C2K1A0WNAW.jpg,fake,gan,face,test
/content/gan_local/real_vs_fake/real-vs-fake/train/fake/GT9TK52NHO.jpg,fake,gan,face,train
/content/diffusion_local/train/FAKE/3206 (4).jpg,fake,diffusion,cifar_object,train
/content/gan_local/real_vs_fake/real-vs-fake/train/fake/65XCSA7NM1.jpg,fake,gan,face,train
/content/gan_local/real_vs_fake/real-vs-fake/train/fake/53FY0ZMLN7.jpg,fake,gan,face,train
/content/intel_local/seg_train/seg_train/street/6508.jpg,real,intel,street,train
/content/diffusion_local/train/REAL/1786 (5).jpg,real,diffusion,cifar_object,train
/content/diffusion_local/train/FAKE/1282 (7).jpg,fake,diffusion,cifar_object,train
/content/diffusion_local/train/REAL/0775 (6).jpg,real,diffusion,cifar_object,train
/content/gan_local/real_vs_fake/real-vs-fake/train/fake/WZS2JJZJCI.jpg,fake,gan,face,train
/content/general_ai_local/RealArt/RealArt/images38.jpg,real,general_ai,RealArt,train
/content/diffusion_local/train/FAKE/1145 (6).jpg,fake,diffusion,cifar_object,train
/content/gan_local/real_vs_fake/real-vs-fake/train/fake/FF78TMGS6E.jpg,fake,gan,face,train
/content/gan_local/real_vs_fake/real-vs-fake/test/fake/D43PHTJ5UM.jpg,fake,gan,face,test
/content/diffusion_local/train/FAKE/3437 (10).jpg,fake,diffusion,cifar_object,train
/content/diffusion_local/train/FAKE/1613 (5).jpg,fake,diffusion,cifar_object,train
/content/diffusion_local/train/REAL/3686 (4).jpg,real,diffusion,cifar_object,train
/content/gan_local/real_vs_fake/real-vs-fake/train/fake/Q01OLRD95G.jpg,fake,gan,face,train
/content/diffusion_local/train/FAKE/2623.jpg,fake,diffusion,cifar_object,train
/content/diffusion_local/train/FAKE/1690 (3).jpg,fake,diffusion,cifar_object,train
/content/diffusion_local/train/FAKE/5678 (9).jpg,fake,diffusion,cifar_object,train
/content/gan_local/real_vs_fake/real-vs-fake/train/fake/MQ1IDE3J5B.jpg,fake,gan,face,train
/content/diffusion_local/train/FAKE/4415 (4).jpg,fake,diffusion,cifar_object,train
/content/intel_local/seg_train/seg_train/buildings/19571.jpg,real,intel,buildings,train
/content/gan_local/real_vs_fake/real-vs-fake/test/fake/YJ8GPVQLE0.jpg,fake,gan,face,test
/content/intel_local/seg_train/seg_train/buildings/10310.jpg,real,intel,buildings,train
/content/intel_local/seg_train/seg_train/street/9224.jpg,real,intel,street,train
/content/diffusion_local/train/FAKE/5255.jpg,fake,diffusion,cifar_object,train
/content/diffusion_local/test/REAL/0164 (3).jpg,real,diffusion,cifar_object,test
/content/diffusion_local/train/FAKE/3700 (9).jpg,fake,diffusion,cifar_object,train
/content/diffusion_local/train/FAKE/3083 (8).jpg,fake,diffusion,cifar_object,train
/content/diffusion_local/test/REAL/0578 (10).jpg,real,diffusion,cifar_object,test
/content/intel_local/seg_test/seg_test/sea/21996.jpg,real,intel,sea,test
/content/intel_local/seg_train/seg_train/glacier/15260.jpg,real,intel,glacier,train
/content/intel_local/seg_test/seg_test/street/23611.jpg,real,intel,street,test
/content/general_ai_local/AiArtData/AiArtData/AI-music-video.png,fake,general_ai,AiArtData,train
/content/intel_local/seg_train/seg_train/mountain/10023.jpg,real,intel,mountain,train
/content/gan_local/real_vs_fake/real-vs-fake/valid/fake/PF1LZ07K5N.jpg,fake,gan,face,valid
/content/gan_local/real_vs_fake/real-vs-fake/train/real/37259.jpg,real,gan,face,train
/content/gan_local/real_vs_fake/real-vs-fake/train/real/12703.jpg,real,gan,face,train
/content/diffusion_local/train/FAKE/2501 (5).jpg,fake,diffusion,cifar_object,train
/content/diffusion_local/train/REAL/1212 (6).jpg,real,diffusion,cifar_object,train
/content/diffusion_local/test/FAKE/13 (4).jpg,fake,diffusion,cifar_object,test
/content/general_ai_local/AiArtData/AiArtData/1000_F_561457876_KjtqRhGC0EqEr1G7OaLgn1tjWW38Z2bI.jpg,fake,general_ai,AiArtData,train
/content/diffusion_local/train/FAKE/2825 (9).jpg,fake,diffusion,cifar_object,train
/content/intel_local/seg_train/seg_train/mountain/2298.jpg,real,intel,mountain,train
/content/gan_local/real_vs_fake/real-vs-fake/train/real/09736.jpg,real,gan,face,train
/content/intel_local/seg_train/seg_train/glacier/6002.jpg,real,intel,glacier,train
/content/gan_local/real_vs_fake/real-vs-fake/train/real/65517.jpg,real,gan,face,train
/content/gan_local/real_vs_fake/real-vs-fake/train/fake/5NMCEOBRJV.jpg,fake,gan,face,train
/content/gan_local/real_vs_fake/real-vs-fake/valid/real/01894.jpg,real,gan,face,valid
/content/gan_local/real_vs_fake/real-vs-fake/train/fake/O4CRF7TKDU.jpg,fake,gan,face,train
/content/intel_local/seg_train/seg_train/street/15680.jpg,real,intel,street,train
/content/intel_local/seg_train/seg_train/glacier/5922.jpg,real,intel,glacier,train
/content/gan_local/real_vs_fake/real-vs-fake/train/real/52316.jpg,real,gan,face,train
/content/gan_local/real_vs_fake/real-vs-fake/train/fake/QZYK5OR0US.jpg,fake,gan,face,train
/content/intel_local/seg_train/seg_train/forest/501.jpg,real,intel,forest,train
/content/diffusion_local/train/FAKE/1682 (2).jpg,fake,diffusion,cifar_object,train
/content/gan_local/real_vs_fake/real-vs-fake/train/fake/W6XBZ13GQF.jpg,fake,gan,face,train
/content/gan_local/real_vs_fake/real-vs-fake/train/real/62097.jpg,real,gan,face,train
/content/gan_local/real_vs_fake/real-vs-fake/train/real/50397.jpg,real,gan,face,train
/content/diffusion_local/train/REAL/2794 (10).jpg,real,diffusion,cifar_object,train
/content/gan_local/real_vs_fake/real-vs-fake/valid/fake/3VSIHWQ21O.jpg,fake,gan,face,valid
/content/diffusion_local/train/REAL/4564.jpg,real,diffusion,cifar_object,train
/content/gan_local/real_vs_fake/real-vs-fake/train/real/54998.jpg,real,gan,face,train
/content/diffusion_local/train/FAKE/2243 (9).jpg,fake,diffusion,cifar_object,train
/content/intel_local/seg_train/seg_train/sea/6139.jpg,real,intel,sea,train
/content/intel_local/seg_train/seg_train/forest/10194.jpg,real,intel,forest,train
/content/gan_local/real_vs_fake/real-vs-fake/train/fake/30VC1KL1GB.jpg,fake,gan,face,train
/content/gan_local/real_vs_fake/real-vs-fake/train/fake/QHJHHGWA23.jpg,fake,gan,face,train
/content/gan_local/real_vs_fake/real-vs-fake/test/fake/P5ONXCBDHQ.jpg,fake,gan,face,test
/content/general_ai_local/RealArt/RealArt/Red-Tailed-Guenon-Animal-Header-768x512.jpg,real,general_ai,RealArt,train
/content/diffusion_local/train/REAL/4982 (4).jpg,real,diffusion,cifar_object,train
/content/gan_local/real_vs_fake/real-vs-fake/train/real/10661.jpg,real,gan,face,train
/content/diffusion_local/train/FAKE/5335 (8).jpg,fake,diffusion,cifar_object,train
/content/diffusion_local/train/FAKE/5864 (10).jpg,fake,diffusion,cifar_object,train
/content/gan_local/real_vs_fake/real-vs-fake/valid/fake/QKL1FBBUIF.jpg,fake,gan,face,valid
/content/intel_local/seg_train/seg_train/forest/13723.jpg,real,intel,forest,train
/content/diffusion_local/train/REAL/3490 (5).jpg,real,diffusion,cifar_object,train
/content/diffusion_local/train/FAKE/2201 (7).jpg,fake,diffusion,cifar_object,train
/content/intel_local/seg_train/seg_train/sea/14458.jpg,real,intel,sea,train
/content/general_ai_local/RealArt/RealArt/23b94bfecddc840c0ab5c4eaeaeeb974.jpg,real,general_ai,RealArt,train
/content/gan_local/real_vs_fake/real-vs-fake/train/fake/AJ2PQNGPX9.jpg,fake,gan,face,train
/content/intel_local/seg_train/seg_train/street/13107.jpg,real,intel,street,train
/content/general_ai_local/AiArtData/AiArtData/tr71123-ai-art.jpeg,fake,general_ai,AiArtData,train
/content/diffusion_local/train/FAKE/1889 (7).jpg,fake,diffusion,cifar_object,train
/content/diffusion_local/test/FAKE/522 (2).jpg,fake,diffusion,cifar_object,test
/content/gan_local/real_vs_fake/real-vs-fake/train/fake/MMJDBZAW51.jpg,fake,gan,face,train
/content/diffusion_local/test/REAL/0031 (7).jpg,real,diffusion,cifar_object,test
/content/diffusion_local/train/FAKE/4427 (6).jpg,fake,diffusion,cifar_object,train
/content/diffusion_local/train/FAKE/2724 (6).jpg,fake,diffusion,cifar_object,train
/content/gan_local/real_vs_fake/real-vs-fake/test/fake/PFV104PVIQ.jpg,fake,gan,face,test
/content/intel_local/seg_train/seg_train/glacier/18820.jpg,real,intel,glacier,train
/content/intel_local/seg_test/seg_test/glacier/20352.jpg,real,intel,glacier,test
/content/gan_local/real_vs_fake/real-vs-fake/train/fake/3CDCMQ6L1V.jpg,fake,gan,face,train
/content/gan_local/real_vs_fake/real-vs-fake/train/fake/MLVO5PUX2F.jpg,fake,gan,face,train
/content/gan_local/real_vs_fake/real-vs-fake/train/fake/UZMCRVCM01.jpg,fake,gan,face,train
/content/general_ai_local/RealArt/RealArt/what-color-paintings-sell-best.jpg,real,general_ai,RealArt,train
/content/gan_local/real_vs_fake/real-vs-fake/test/real/24946.jpg,real,gan,face,test
/content/gan_local/real_vs_fake/real-vs-fake/test/real/51219.jpg,real,gan,face,test
/content/gan_local/real_vs_fake/real-vs-fake/valid/fake/4UEYL3C32M.jpg,fake,gan,face,valid
/content/general_ai_local/AiArtData/AiArtData/8A0B55B5-A6CA-4440-AA2D-C63CA9E904E0-768x1024.jpeg,fake,general_ai,AiArtData,train
/content/gan_local/real_vs_fake/real-vs-fake/train/fake/QW79B6R4OK.jpg,fake,gan,face,train
/content/diffusion_local/train/FAKE/4795 (8).jpg,fake,diffusion,cifar_object,train
/content/diffusion_local/train/FAKE/4338 (4).jpg,fake,diffusion,cifar_object,train
/content/diffusion_local/train/REAL/3611 (6).jpg,real,diffusion,cifar_object,train
/content/diffusion_local/train/FAKE/3621 (4).jpg,fake,diffusion,cifar_object,train
/content/gan_local/real_vs_fake/real-vs-fake/train/real/22253.jpg,real,gan,face,train
/content/gan_local/real_vs_fake/real-vs-fake/train/real/29714.jpg,real,gan,face,train
/content/diffusion_local/train/FAKE/5103 (5).jpg,fake,diffusion,cifar_object,train
/content/general_ai_local/AiArtData/AiArtData/AI-Generated-Images-from-AI-Generated-Prompts.png,fake,general_ai,AiArtData,train
/content/intel_local/seg_test/seg_test/street/21401.jpg,real,intel,street,test
/content/intel_local/seg_train/seg_train/sea/1817.jpg,real,intel,sea,train
/content/gan_local/real_vs_fake/real-vs-fake/train/fake/DF5Y11PMQZ.jpg,fake,gan,face,train
/content/gan_local/real_vs_fake/real-vs-fake/valid/fake/K5622XWVH7.jpg,fake,gan,face,valid
/content/diffusion_local/train/REAL/1164 (7).jpg,real,diffusion,cifar_object,train
/content/diffusion_local/train/FAKE/5940.jpg,fake,diffusion,cifar_object,train
/content/intel_local/seg_train/seg_train/glacier/15440.jpg,real,intel,glacier,train
/content/gan_local/real_vs_fake/real-vs-fake/train/real/38286.jpg,real,gan,face,train
/content/gan_local/real_vs_fake/real-vs-fake/valid/fake/9QHAUXOTCH.jpg,fake,gan,face,valid
/content/gan_local/real_vs_fake/real-vs-fake/train/real/29962.jpg,real,gan,face,train
/content/diffusion_local/train/REAL/0859 (9).jpg,real,diffusion,cifar_object,train
/content/diffusion_local/train/FAKE/3138 (7).jpg,fake,diffusion,cifar_object,train
/content/gan_local/real_vs_fake/real-vs-fake/valid/real/56889.jpg,real,gan,face,valid
/content/gan_local/real_vs_fake/real-vs-fake/train/fake/XQFWM19A2R.jpg,fake,gan,face,train
/content/intel_local/seg_train/seg_train/buildings/8171.jpg,real,intel,buildings,train
/content/general_ai_local/AiArtData/AiArtData/serene-natural-background-depicting-peaceful-landscape-scenery-ai-generated_523886-6982.jpg,fake,general_ai,AiArtData,train
/content/intel_local/seg_train/seg_train/glacier/4884.jpg,real,intel,glacier,train
/content/diffusion_local/test/FAKE/620 (8).jpg,fake,diffusion,cifar_object,test
/content/gan_local/real_vs_fake/real-vs-fake/train/fake/TIAHH06OOX.jpg,fake,gan,face,train
/content/gan_local/real_vs_fake/real-vs-fake/train/real/61438.jpg,real,gan,face,train
/content/gan_local/real_vs_fake/real-vs-fake/train/real/26134.jpg,real,gan,face,train
/content/intel_local/seg_train/seg_train/street/3181.jpg,real,intel,street,train
/content/diffusion_local/test/REAL/0454 (5).jpg,real,diffusion,cifar_object,test
/content/gan_local/real_vs_fake/real-vs-fake/train/real/56716.jpg,real,gan,face,train
/content/diffusion_local/test/FAKE/829 (8).jpg,fake,diffusion,cifar_object,test
/content/intel_local/seg_train/seg_train/street/14171.jpg,real,intel,street,train
/content/diffusion_local/test/REAL/0568 (9).jpg,real,diffusion,cifar_object,test
/content/intel_local/seg_train/seg_train/mountain/19303.jpg,real,intel,mountain,train
/content/intel_local/seg_train/seg_train/sea/9589.jpg,real,intel,sea,train
/content/diffusion_local/train/REAL/0708 (2).jpg,real,diffusion,cifar_object,train
/content/intel_local/seg_train/seg_train/street/14034.jpg,real,intel,street,train
/content/gan_local/real_vs_fake/real-vs-fake/test/real/43986.jpg,real,gan,face,test
/content/diffusion_local/train/FAKE/2273.jpg,fake,diffusion,cifar_object,train
/content/diffusion_local/test/FAKE/155.jpg,fake,diffusion,cifar_object,test
/content/diffusion_local/train/FAKE/4343 (8).jpg,fake,diffusion,cifar_object,train
/content/intel_local/seg_train/seg_train/street/509.jpg,real,intel,street,train
/content/diffusion_local/test/REAL/0579 (5).jpg,real,diffusion,cifar_object,test
/content/intel_local/seg_train/seg_train/buildings/2059.jpg,real,intel,buildings,train
/content/gan_local/real_vs_fake/real-vs-fake/train/fake/FVNRVCJ9NM.jpg,fake,gan,face,train
/content/gan_local/real_vs_fake/real-vs-fake/test/fake/EOTBGT4HXM.jpg,fake,gan,face,test
/content/diffusion_local/train/REAL/4719 (2).jpg,real,diffusion,cifar_object,train
/content/diffusion_local/train/FAKE/4091 (5).jpg,fake,diffusion,cifar_object,train
/content/gan_local/real_vs_fake/real-vs-fake/train/fake/R3B94MHEL6.jpg,fake,gan,face,train
/content/diffusion_local/train/FAKE/5107.jpg,fake,diffusion,cifar_object,train
/content/intel_local/seg_train/seg_train/street/3007.jpg,real,intel,street,train
/content/general_ai_local/AiArtData/AiArtData/gar-surreal-psychedelic-abstract-expressionism-graffiti-st-olfactoart-studio.jpg,fake,general_ai,AiArtData,train
/content/gan_local/real_vs_fake/real-vs-fake/train/real/44737.jpg,real,gan,face,train
/content/gan_local/real_vs_fake/real-vs-fake/train/real/04411.jpg,real,gan,face,train
/content/gan_local/real_vs_fake/real-vs-fake/train/fake/Z2ZWP5URJR.jpg,fake,gan,face,train
/content/diffusion_local/train/FAKE/2324 (8).jpg,fake,diffusion,cifar_object,train
/content/intel_local/seg_train/seg_train/glacier/9044.jpg,real,intel,glacier,train
/content/gan_local/real_vs_fake/real-vs-fake/train/real/12137.jpg,real,gan,face,train
/content/intel_local/seg_train/seg_train/forest/2266.jpg,real,intel,forest,train
/content/diffusion_local/train/FAKE/4598 (3).jpg,fake,diffusion,cifar_object,train
/content/general_ai_local/RealArt/RealArt/shutterstock_243101992.jpg,real,general_ai,RealArt,train
/content/gan_local/real_vs_fake/real-vs-fake/valid/real/20635.jpg,real,gan,face,valid
/content/gan_local/real_vs_fake/real-vs-fake/test/real/03767.jpg,real,gan,face,test
/content/gan_local/real_vs_fake/real-vs-fake/test/fake/7WSAZ421O8.jpg,fake,gan,face,test
/content/diffusion_local/train/REAL/2105.jpg,real,diffusion,cifar_object,train
/content/diffusion_local/train/FAKE/5906.jpg,fake,diffusion,cifar_object,train
/content/diffusion_local/train/FAKE/2401.jpg,fake,diffusion,cifar_object,train
/content/intel_local/seg_train/seg_train/sea/8868.jpg,real,intel,sea,train
/content/diffusion_local/train/FAKE/1888 (8).jpg,fake,diffusion,cifar_object,train
/content/intel_local/seg_train/seg_train/street/17732.jpg,real,intel,street,train
/content/diffusion_local/train/FAKE/1869 (9).jpg,fake,diffusion,cifar_object,train
/content/diffusion_local/test/REAL/0481 (2).jpg,real,diffusion,cifar_object,test
/content/general_ai_local/AiArtData/AiArtData/ai-da-robot-ai-paintings-technology-news_dezeen_2364_col_8.jpg,fake,general_ai,AiArtData,train
/content/diffusion_local/train/REAL/1630 (9).jpg,real,diffusion,cifar_object,train
/content/diffusion_local/test/FAKE/112 (9).jpg,fake,diffusion,cifar_object,test
/content/gan_local/real_vs_fake/real-vs-fake/test/fake/A1X525AUZ0.jpg,fake,gan,face,test
/content/diffusion_local/train/FAKE/5346 (9).jpg,fake,diffusion,cifar_object,train
/content/intel_local/seg_test/seg_test/mountain/23236.jpg,real,intel,mountain,test
/content/gan_local/real_vs_fake/real-vs-fake/train/fake/DQXSFSX7VL.jpg,fake,gan,face,train
/content/diffusion_local/train/REAL/1910 (2).jpg,real,diffusion,cifar_object,train
/content/gan_local/real_vs_fake/real-vs-fake/train/fake/N9J03DZR74.jpg,fake,gan,face,train
/content/gan_local/real_vs_fake/real-vs-fake/train/real/39658.jpg,real,gan,face,train
/content/general_ai_local/RealArt/RealArt/images79.jpg,real,general_ai,RealArt,train
/content/general_ai_local/AiArtData/AiArtData/make-ai-landscape-from-text-with-ai-landscape-generator.jpg,fake,general_ai,AiArtData,train
/content/diffusion_local/train/FAKE/2307 (10).jpg,fake,diffusion,cifar_object,train
/content/gan_local/real_vs_fake/real-vs-fake/test/real/32674.jpg,real,gan,face,test
/content/gan_local/real_vs_fake/real-vs-fake/train/real/10031.jpg,real,gan,face,train
/content/general_ai_local/AiArtData/AiArtData/Midjourney-prompt-23b3316-e1679066406110.png,fake,general_ai,AiArtData,train
/content/diffusion_local/train/FAKE/1922.jpg,fake,diffusion,cifar_object,train
/content/gan_local/real_vs_fake/real-vs-fake/train/fake/9C6V4TBEM3.jpg,fake,gan,face,train
/content/diffusion_local/test/FAKE/881 (6).jpg,fake,diffusion,cifar_object,test
/content/diffusion_local/test/FAKE/731 (7).jpg,fake,diffusion,cifar_object,test
/content/intel_local/seg_train/seg_train/forest/13351.jpg,real,intel,forest,train
/content/intel_local/seg_train/seg_train/sea/2707.jpg,real,intel,sea,train
/content/diffusion_local/train/REAL/4136 (3).jpg,real,diffusion,cifar_object,train
/content/gan_local/real_vs_fake/real-vs-fake/train/fake/ZHCITNXXYC.jpg,fake,gan,face,train
/content/diffusion_local/test/FAKE/513 (3).jpg,fake,diffusion,cifar_object,test
/content/intel_local/seg_train/seg_train/mountain/1588.jpg,real,intel,mountain,train
/content/intel_local/seg_train/seg_train/forest/12581.jpg,real,intel,forest,train
/content/gan_local/real_vs_fake/real-vs-fake/test/real/27669.jpg,real,gan,face,test
/content/diffusion_local/train/REAL/3372 (6).jpg,real,diffusion,cifar_object,train
/content/intel_local/seg_train/seg_train/glacier/14286.jpg,real,intel,glacier,train
/content/gan_local/real_vs_fake/real-vs-fake/train/fake/BL5L4G36L7.jpg,fake,gan,face,train
/content/gan_local/real_vs_fake/real-vs-fake/test/fake/1OPGZKF5F6.jpg,fake,gan,face,test
/content/diffusion_local/test/FAKE/238 (6).jpg,fake,diffusion,cifar_object,test
/content/general_ai_local/AiArtData/AiArtData/AdobeStock_591259557-1000x600.jpeg,fake,general_ai,AiArtData,train
/content/gan_local/real_vs_fake/real-vs-fake/valid/fake/9DG9FQ8TCM.jpg,fake,gan,face,valid
/content/general_ai_local/AiArtData/AiArtData/nvidia_ai.png,fake,general_ai,AiArtData,train
/content/gan_local/real_vs_fake/real-vs-fake/train/fake/CFAM4JEXM0.jpg,fake,gan,face,train
/content/intel_local/seg_train/seg_train/mountain/7700.jpg,real,intel,mountain,train
/content/intel_local/seg_train/seg_train/buildings/2002.jpg,real,intel,buildings,train
/content/intel_local/seg_train/seg_train/forest/3924.jpg,real,intel,forest,train
/content/gan_local/real_vs_fake/real-vs-fake/train/fake/D7HEH9R8PX.jpg,fake,gan,face,train
/content/intel_local/seg_train/seg_train/forest/12034.jpg,real,intel,forest,train
/content/diffusion_local/test/FAKE/147 (8).jpg,fake,diffusion,cifar_object,test
/content/diffusion_local/train/REAL/4959.jpg,real,diffusion,cifar_object,train
/content/intel_local/seg_train/seg_train/street/12450.jpg,real,intel,street,train
/content/gan_local/real_vs_fake/real-vs-fake/train/fake/17MTQRZPEA.jpg,fake,gan,face,train
/content/intel_local/seg_train/seg_train/glacier/15660.jpg,real,intel,glacier,train
/content/diffusion_local/train/FAKE/4909.jpg,fake,diffusion,cifar_object,train
/content/gan_local/real_vs_fake/real-vs-fake/train/fake/6V10PWJEPM.jpg,fake,gan,face,train
/content/gan_local/real_vs_fake/real-vs-fake/train/fake/7OUBA73EJ3.jpg,fake,gan,face,train
/content/gan_local/real_vs_fake/real-vs-fake/train/fake/S5LJJLSCUT.jpg,fake,gan,face,train
/content/diffusion_local/train/REAL/1191 (7).jpg,real,diffusion,cifar_object,train
/content/diffusion_local/train/REAL/1691 (9).jpg,real,diffusion,cifar_object,train
/content/intel_local/seg_train/seg_train/street/10985.jpg,real,intel,street,train
/content/gan_local/real_vs_fake/real-vs-fake/train/fake/6II7EA02P7.jpg,fake,gan,face,train
/content/intel_local/seg_train/seg_train/street/16218.jpg,real,intel,street,train
/content/gan_local/real_vs_fake/real-vs-fake/train/fake/28RKZYT5BP.jpg,fake,gan,face,train
/content/diffusion_local/train/FAKE/4144 (9).jpg,fake,diffusion,cifar_object,train
/content/diffusion_local/test/FAKE/49 (9).jpg,fake,diffusion,cifar_object,test
/content/gan_local/real_vs_fake/real-vs-fake/train/real/18360.jpg,real,gan,face,train
/content/general_ai_local/AiArtData/AiArtData/0EAwg7WIIMhgnSfLf.png,fake,general_ai,AiArtData,train
/content/intel_local/seg_train/seg_train/buildings/3142.jpg,real,intel,buildings,train
/content/intel_local/seg_train/seg_train/forest/19630.jpg,real,intel,forest,train
/content/intel_local/seg_train/seg_train/street/15793.jpg,real,intel,street,train
/content/general_ai_local/AiArtData/AiArtData/4m8ul9jg_kings-ai_625x300_27_January_23.jpg,fake,general_ai,AiArtData,train
/content/general_ai_local/RealArt/RealArt/60095595_large1300.jpg,real,general_ai,RealArt,train
/content/diffusion_local/test/REAL/0240 (6).jpg,real,diffusion,cifar_object,test
/content/intel_local/seg_train/seg_train/street/10254.jpg,real,intel,street,train
/content/intel_local/seg_train/seg_train/mountain/2388.jpg,real,intel,mountain,train
/content/intel_local/seg_test/seg_test/sea/23806.jpg,real,intel,sea,test
/content/gan_local/real_vs_fake/real-vs-fake/train/fake/JKCCIDMI5A.jpg,fake,gan,face,train
/content/diffusion_local/train/FAKE/5455 (6).jpg,fake,diffusion,cifar_object,train
/content/gan_local/real_vs_fake/real-vs-fake/train/fake/9DXYWMW1O9.jpg,fake,gan,face,train
/content/diffusion_local/train/REAL/2200 (4).jpg,real,diffusion,cifar_object,train
/content/gan_local/real_vs_fake/real-vs-fake/train/real/12302.jpg,real,gan,face,train
/content/diffusion_local/train/FAKE/3641 (7).jpg,fake,diffusion,cifar_object,train
/content/diffusion_local/train/REAL/1999 (2).jpg,real,diffusion,cifar_object,train
/content/general_ai_local/RealArt/RealArt/Land-Animals-Featured-841x1024.png,real,general_ai,RealArt,train
/content/diffusion_local/train/FAKE/1520 (3).jpg,fake,diffusion,cifar_object,train
/content/diffusion_local/train/FAKE/1859 (2).jpg,fake,diffusion,cifar_object,train
/content/intel_local/seg_train/seg_train/mountain/5018.jpg,real,intel,mountain,train
/content/diffusion_local/test/REAL/0554.jpg,real,diffusion,cifar_object,test
/content/gan_local/real_vs_fake/real-vs-fake/train/fake/CMK84HYSDL.jpg,fake,gan,face,train
/content/intel_local/seg_train/seg_train/glacier/15889.jpg,real,intel,glacier,train
/content/intel_local/seg_train/seg_train/sea/19578.jpg,real,intel,sea,train
/content/intel_local/seg_test/seg_test/forest/22004.jpg,real,intel,forest,test
/content/diffusion_local/train/REAL/4102 (4).jpg,real,diffusion,cifar_object,train
/content/gan_local/real_vs_fake/real-vs-fake/train/fake/R6D7512H0A.jpg,fake,gan,face,train
/content/gan_local/real_vs_fake/real-vs-fake/valid/fake/3XA7E82TU5.jpg,fake,gan,face,valid
/content/general_ai_local/AiArtData/AiArtData/image34.jpg,fake,general_ai,AiArtData,train
/content/intel_local/seg_train/seg_train/glacier/12440.jpg,real,intel,glacier,train
/content/diffusion_local/train/FAKE/4757.jpg,fake,diffusion,cifar_object,train
/content/gan_local/real_vs_fake/real-vs-fake/train/real/51276.jpg,real,gan,face,train
/content/gan_local/real_vs_fake/real-vs-fake/train/real/28410.jpg,real,gan,face,train
/content/gan_local/real_vs_fake/real-vs-fake/train/fake/17RPO20AAY.jpg,fake,gan,face,train
/content/gan_local/real_vs_fake/real-vs-fake/train/real/35004.jpg,real,gan,face,train
/content/intel_local/seg_train/seg_train/forest/5840.jpg,real,intel,forest,train
/content/gan_local/real_vs_fake/real-vs-fake/valid/fake/T1ACW4BAZ2.jpg,fake,gan,face,valid
/content/diffusion_local/train/FAKE/3501 (7).jpg,fake,diffusion,cifar_object,train
/content/intel_local/seg_train/seg_train/street/18521.jpg,real,intel,street,train
/content/intel_local/seg_train/seg_train/mountain/3373.jpg,real,intel,mountain,train
/content/diffusion_local/train/FAKE/5383 (9).jpg,fake,diffusion,cifar_object,train
/content/gan_local/real_vs_fake/real-vs-fake/train/fake/NKMFYP36DX.jpg,fake,gan,face,train
/content/diffusion_local/train/REAL/0271 (7).jpg,real,diffusion,cifar_object,train
/content/intel_local/seg_train/seg_train/mountain/7255.jpg,real,intel,mountain,train
/content/diffusion_local/train/REAL/4716.jpg,real,diffusion,cifar_object,train
/content/gan_local/real_vs_fake/real-vs-fake/train/fake/52KQ3DE3BW.jpg,fake,gan,face,train
/content/general_ai_local/AiArtData/AiArtData/AI4Animals_Logo.jpg,fake,general_ai,AiArtData,train
/content/gan_local/real_vs_fake/real-vs-fake/valid/fake/I6L7P5QS9J.jpg,fake,gan,face,valid
/content/intel_local/seg_train/seg_train/buildings/7325.jpg,real,intel,buildings,train
/content/diffusion_local/train/REAL/1275.jpg,real,diffusion,cifar_object,train
/content/diffusion_local/train/REAL/3786 (10).jpg,real,diffusion,cifar_object,train
/content/diffusion_local/train/FAKE/1467 (2).jpg,fake,diffusion,cifar_object,train
/content/gan_local/real_vs_fake/real-vs-fake/train/real/57145.jpg,real,gan,face,train
/content/diffusion_local/train/REAL/0924 (10).jpg,real,diffusion,cifar_object,train
/content/diffusion_local/train/FAKE/5451 (5).jpg,fake,diffusion,cifar_object,train
/content/diffusion_local/train/FAKE/4277 (7).jpg,fake,diffusion,cifar_object,train
/content/diffusion_local/train/FAKE/2689 (7).jpg,fake,diffusion,cifar_object,train
/content/gan_local/real_vs_fake/real-vs-fake/valid/fake/G2WYRDPD6R.jpg,fake,gan,face,valid
/content/diffusion_local/train/FAKE/1095 (4).jpg,fake,diffusion,cifar_object,train
/content/diffusion_local/train/FAKE/1804 (6).jpg,fake,diffusion,cifar_object,train
/content/intel_local/seg_train/seg_train/mountain/6600.jpg,real,intel,mountain,train
/content/diffusion_local/train/REAL/0739 (2).jpg,real,diffusion,cifar_object,train
/content/intel_local/seg_train/seg_train/glacier/10974.jpg,real,intel,glacier,train
/content/diffusion_local/test/REAL/0193 (2).jpg,real,diffusion,cifar_object,test
/content/general_ai_local/AiArtData/AiArtData/elephant_topper_fallback.cb6ee071.png,fake,general_ai,AiArtData,train
/content/intel_local/seg_train/seg_train/buildings/13238.jpg,real,intel,buildings,train
/content/gan_local/real_vs_fake/real-vs-fake/valid/fake/7TYBKI6RCN.jpg,fake,gan,face,valid
/content/diffusion_local/train/FAKE/5083 (10).jpg,fake,diffusion,cifar_object,train
/content/diffusion_local/train/FAKE/2501 (6).jpg,fake,diffusion,cifar_object,train
/content/gan_local/real_vs_fake/real-vs-fake/train/fake/XOD7ZI0TLG.jpg,fake,gan,face,train
/content/gan_local/real_vs_fake/real-vs-fake/train/fake/5WZ0ZZUFJS.jpg,fake,gan,face,train
/content/gan_local/real_vs_fake/real-vs-fake/test/real/39680.jpg,real,gan,face,test
/content/gan_local/real_vs_fake/real-vs-fake/train/fake/FY3Q0E3POU.jpg,fake,gan,face,train
/content/gan_local/real_vs_fake/real-vs-fake/valid/fake/7FNGD9NKZE.jpg,fake,gan,face,valid
/content/diffusion_local/train/FAKE/4978 (4).jpg,fake,diffusion,cifar_object,train
/content/diffusion_local/train/REAL/4249 (4).jpg,real,diffusion,cifar_object,train
/content/diffusion_local/train/FAKE/4964 (5).jpg,fake,diffusion,cifar_object,train
/content/gan_local/real_vs_fake/real-vs-fake/train/fake/GQ9185JJUN.jpg,fake,gan,face,train
/content/diffusion_local/train/FAKE/2461 (3).jpg,fake,diffusion,cifar_object,train
/content/intel_local/seg_train/seg_train/street/596.jpg,real,intel,street,train
/content/general_ai_local/AiArtData/AiArtData/il_570xN.4641411301_ngcf.jpg,fake,general_ai,AiArtData,train
/content/diffusion_local/train/FAKE/4406.jpg,fake,diffusion,cifar_object,train
/content/diffusion_local/train/REAL/2202 (7).jpg,real,diffusion,cifar_object,train
/content/general_ai_local/RealArt/RealArt/231019-Yayoi-Kusama-ew-337p-647c5e.jpg,real,general_ai,RealArt,train
/content/general_ai_local/AiArtData/AiArtData/midjourney_v4_hero_2-640x360.jpg,fake,general_ai,AiArtData,train
/content/diffusion_local/train/FAKE/1175 (6).jpg,fake,diffusion,cifar_object,train
/content/diffusion_local/train/REAL/0879 (4).jpg,real,diffusion,cifar_object,train
/content/gan_local/real_vs_fake/real-vs-fake/train/fake/0ZDLJ4V0MO.jpg,fake,gan,face,train
/content/general_ai_local/AiArtData/AiArtData/Ai-Da-robot-AI-art-hed.jpg,fake,general_ai,AiArtData,train
/content/diffusion_local/train/FAKE/1180 (9).jpg,fake,diffusion,cifar_object,train
/content/intel_local/seg_train/seg_train/sea/1858.jpg,real,intel,sea,train
/content/diffusion_local/test/FAKE/676 (3).jpg,fake,diffusion,cifar_object,test
/content/diffusion_local/train/REAL/0579 (4).jpg,real,diffusion,cifar_object,train
/content/diffusion_local/train/FAKE/5731 (3).jpg,fake,diffusion,cifar_object,train
/content/gan_local/real_vs_fake/real-vs-fake/valid/real/45787.jpg,real,gan,face,valid
/content/gan_local/real_vs_fake/real-vs-fake/train/fake/1O3OAYE5TO.jpg,fake,gan,face,train
/content/gan_local/real_vs_fake/real-vs-fake/train/real/49887.jpg,real,gan,face,train
/content/diffusion_local/train/REAL/0578.jpg,real,diffusion,cifar_object,train
/content/gan_local/real_vs_fake/real-vs-fake/test/fake/2QO9K0ILIQ.jpg,fake,gan,face,test
/content/diffusion_local/train/FAKE/1502 (8).jpg,fake,diffusion,cifar_object,train
/content/intel_local/seg_train/seg_train/buildings/2495.jpg,real,intel,buildings,train
/content/diffusion_local/train/FAKE/1599 (9).jpg,fake,diffusion,cifar_object,train
/content/gan_local/real_vs_fake/real-vs-fake/train/fake/T7KLL7TX74.jpg,fake,gan,face,train
/content/intel_local/seg_train/seg_train/forest/842.jpg,real,intel,forest,train
/content/diffusion_local/train/FAKE/1988 (10).jpg,fake,diffusion,cifar_object,train
/content/gan_local/real_vs_fake/real-vs-fake/train/fake/1LB5BK0UNO.jpg,fake,gan,face,train
/content/gan_local/real_vs_fake/real-vs-fake/test/real/24224.jpg,real,gan,face,test
/content/intel_local/seg_test/seg_test/glacier/20253.jpg,real,intel,glacier,test
/content/gan_local/real_vs_fake/real-vs-fake/train/fake/V76TDYR8RN.jpg,fake,gan,face,train
/content/gan_local/real_vs_fake/real-vs-fake/test/fake/OEQKEZXNYT.jpg,fake,gan,face,test
/content/diffusion_local/train/FAKE/3259.jpg,fake,diffusion,cifar_object,train
/content/gan_local/real_vs_fake/real-vs-fake/train/fake/J6QZHA9SBQ.jpg,fake,gan,face,train
/content/general_ai_local/AiArtData/AiArtData/3eb2e6d3-6ab8-445e-beb2-afdadb30afbd.jpg,fake,general_ai,AiArtData,train
/content/diffusion_local/test/REAL/0914 (9).jpg,real,diffusion,cifar_object,test
/content/gan_local/real_vs_fake/real-vs-fake/train/fake/D2N81Y46H6.jpg,fake,gan,face,train
/content/gan_local/real_vs_fake/real-vs-fake/train/fake/XIX9DQ47F5.jpg,fake,gan,face,train
/content/diffusion_local/train/FAKE/2470 (2).jpg,fake,diffusion,cifar_object,train
/content/gan_local/real_vs_fake/real-vs-fake/train/fake/3WZCU23CGW.jpg,fake,gan,face,train
/content/gan_local/real_vs_fake/real-vs-fake/train/fake/DZSU97YI23.jpg,fake,gan,face,train
/content/intel_local/seg_train/seg_train/mountain/1465.jpg,real,intel,mountain,train
/content/gan_local/real_vs_fake/real-vs-fake/train/real/13056.jpg,real,gan,face,train
/content/gan_local/real_vs_fake/real-vs-fake/train/fake/A9OSUG3H0P.jpg,fake,gan,face,train
/content/intel_local/seg_test/seg_test/forest/23713.jpg,real,intel,forest,test
/content/gan_local/real_vs_fake/real-vs-fake/train/real/07259.jpg,real,gan,face,train
/content/gan_local/real_vs_fake/real-vs-fake/train/fake/U4UO3SVF0D.jpg,fake,gan,face,train
/content/general_ai_local/RealArt/RealArt/beautiful-scenery-fb17-png__700.jpg,real,general_ai,RealArt,train
/content/diffusion_local/train/REAL/3124 (9).jpg,real,diffusion,cifar_object,train
/content/intel_local/seg_train/seg_train/sea/16788.jpg,real,intel,sea,train
/content/gan_local/real_vs_fake/real-vs-fake/train/fake/X6KRQV1LJU.jpg,fake,gan,face,train
/content/diffusion_local/train/REAL/4103 (8).jpg,real,diffusion,cifar_object,train
/content/general_ai_local/RealArt/RealArt/abstract-art-painting-Information-Paradox-no-hotlink.jpg,real,general_ai,RealArt,train
/content/diffusion_local/train/FAKE/4640 (10).jpg,fake,diffusion,cifar_object,train
/content/gan_local/real_vs_fake/real-vs-fake/train/real/36125.jpg,real,gan,face,train
/content/diffusion_local/train/FAKE/2272 (3).jpg,fake,diffusion,cifar_object,train
/content/diffusion_local/train/REAL/2418 (2).jpg,real,diffusion,cifar_object,train
/content/gan_local/real_vs_fake/real-vs-fake/train/real/49216.jpg,real,gan,face,train
/content/gan_local/real_vs_fake/real-vs-fake/train/real/25124.jpg,real,gan,face,train
/content/diffusion_local/train/FAKE/2409 (10).jpg,fake,diffusion,cifar_object,train
/content/gan_local/real_vs_fake/real-vs-fake/train/fake/4YPA5AJH1H.jpg,fake,gan,face,train
/content/gan_local/real_vs_fake/real-vs-fake/train/real/62328.jpg,real,gan,face,train
/content/gan_local/real_vs_fake/real-vs-fake/train/real/13021.jpg,real,gan,face,train
/content/diffusion_local/train/FAKE/5878 (7).jpg,fake,diffusion,cifar_object,train
/content/gan_local/real_vs_fake/real-vs-fake/train/fake/KI58EDLZZ8.jpg,fake,gan,face,train
/content/diffusion_local/train/REAL/3982 (9).jpg,real,diffusion,cifar_object,train
/content/diffusion_local/train/REAL/3203 (2).jpg,real,diffusion,cifar_object,train
/content/diffusion_local/train/REAL/0397 (6).jpg,real,diffusion,cifar_object,train
/content/gan_local/real_vs_fake/real-vs-fake/valid/fake/KVX3FHYRP2.jpg,fake,gan,face,valid
/content/gan_local/real_vs_fake/real-vs-fake/train/real/38928.jpg,real,gan,face,train
/content/gan_local/real_vs_fake/real-vs-fake/train/fake/FJ58OLJRKP.jpg,fake,gan,face,train
/content/intel_local/seg_train/seg_train/street/17540.jpg,real,intel,street,train
/content/gan_local/real_vs_fake/real-vs-fake/test/real/42582.jpg,real,gan,face,test
/content/gan_local/real_vs_fake/real-vs-fake/train/fake/Z7VZ02V7YV.jpg,fake,gan,face,train
/content/gan_local/real_vs_fake/real-vs-fake/train/fake/9YVR9CPQ5W.jpg,fake,gan,face,train
/content/gan_local/real_vs_fake/real-vs-fake/valid/fake/6SESZOR64N.jpg,fake,gan,face,valid
/content/intel_local/seg_train/seg_train/street/2683.jpg,real,intel,street,train
/content/general_ai_local/AiArtData/AiArtData/ai-generated-illistration-group-animals-wearing-designer-jacket-high-fashion_441362-3757.jpg,fake,general_ai,AiArtData,train
/content/gan_local/real_vs_fake/real-vs-fake/train/fake/PFKX139UVS.jpg,fake,gan,face,train
/content/gan_local/real_vs_fake/real-vs-fake/train/fake/02IGXFVRAQ.jpg,fake,gan,face,train
/content/diffusion_local/train/FAKE/5309 (8).jpg,fake,diffusion,cifar_object,train
/content/intel_local/seg_train/seg_train/street/3665.jpg,real,intel,street,train
/content/intel_local/seg_test/seg_test/forest/20978.jpg,real,intel,forest,test
/content/diffusion_local/train/FAKE/4954.jpg,fake,diffusion,cifar_object,train
/content/intel_local/seg_train/seg_train/mountain/10250.jpg,real,intel,mountain,train
/content/intel_local/seg_train/seg_train/buildings/390.jpg,real,intel,buildings,train
/content/gan_local/real_vs_fake/real-vs-fake/train/fake/N4S5QADVY3.jpg,fake,gan,face,train
/content/gan_local/real_vs_fake/real-vs-fake/train/fake/CA2ZJY2X47.jpg,fake,gan,face,train
/content/gan_local/real_vs_fake/real-vs-fake/train/fake/0OHS2KG612.jpg,fake,gan,face,train
/content/gan_local/real_vs_fake/real-vs-fake/train/fake/7P022CX6V3.jpg,fake,gan,face,train
/content/diffusion_local/train/FAKE/2343 (7).jpg,fake,diffusion,cifar_object,train
/content/diffusion_local/train/REAL/4655 (5).jpg,real,diffusion,cifar_object,train
/content/gan_local/real_vs_fake/real-vs-fake/train/real/27579.jpg,real,gan,face,train
/content/intel_local/seg_train/seg_train/glacier/17994.jpg,real,intel,glacier,train
/content/diffusion_local/train/FAKE/4168 (7).jpg,fake,diffusion,cifar_object,train
/content/intel_local/seg_train/seg_train/glacier/19534.jpg,real,intel,glacier,train
/content/gan_local/real_vs_fake/real-vs-fake/train/fake/9GEIIIJ2PA.jpg,fake,gan,face,train
/content/gan_local/real_vs_fake/real-vs-fake/valid/fake/10D4A0OW2Q.jpg,fake,gan,face,valid
/content/diffusion_local/train/FAKE/5923.jpg,fake,diffusion,cifar_object,train
/content/gan_local/real_vs_fake/real-vs-fake/train/fake/02D9DUVM04.jpg,fake,gan,face,train
/content/intel_local/seg_train/seg_train/street/11960.jpg,real,intel,street,train
/content/diffusion_local/train/FAKE/3568 (5).jpg,fake,diffusion,cifar_object,train
/content/gan_local/real_vs_fake/real-vs-fake/train/fake/6LHO90FPOA.jpg,fake,gan,face,train
/content/diffusion_local/train/REAL/3278 (3).jpg,real,diffusion,cifar_object,train
/content/intel_local/seg_train/seg_train/mountain/8640.jpg,real,intel,mountain,train
/content/diffusion_local/train/FAKE/5074 (7).jpg,fake,diffusion,cifar_object,train
/content/gan_local/real_vs_fake/real-vs-fake/train/fake/6UB0ZU06I3.jpg,fake,gan,face,train
/content/intel_local/seg_test/seg_test/mountain/23270.jpg,real,intel,mountain,test
/content/diffusion_local/train/REAL/3848 (7).jpg,real,diffusion,cifar_object,train
/content/diffusion_local/train/REAL/3533 (8).jpg,real,diffusion,cifar_object,train
/content/diffusion_local/train/REAL/0793 (5).jpg,real,diffusion,cifar_object,train
/content/gan_local/real_vs_fake/real-vs-fake/test/fake/Y7QYLH1QR8.jpg,fake,gan,face,test
/content/diffusion_local/train/FAKE/4853 (4).jpg,fake,diffusion,cifar_object,train
/content/diffusion_local/train/REAL/3307 (8).jpg,real,diffusion,cifar_object,train
/content/gan_local/real_vs_fake/real-vs-fake/valid/fake/LYT4VKUO4I.jpg,fake,gan,face,valid
/content/diffusion_local/test/FAKE/796 (2).jpg,fake,diffusion,cifar_object,test
/content/general_ai_local/AiArtData/AiArtData/witchy-studio-japan-psychedelic-05.jpg,fake,general_ai,AiArtData,train
/content/gan_local/real_vs_fake/real-vs-fake/train/real/67935.jpg,real,gan,face,train
/content/intel_local/seg_train/seg_train/sea/17603.jpg,real,intel,sea,train
/content/gan_local/real_vs_fake/real-vs-fake/valid/real/51520.jpg,real,gan,face,valid
/content/gan_local/real_vs_fake/real-vs-fake/train/real/47750.jpg,real,gan,face,train
/content/diffusion_local/test/FAKE/475 (6).jpg,fake,diffusion,cifar_object,test
/content/intel_local/seg_test/seg_test/sea/22620.jpg,real,intel,sea,test
/content/gan_local/real_vs_fake/real-vs-fake/train/fake/OJ08YX792D.jpg,fake,gan,face,train
/content/diffusion_local/train/REAL/4414 (10).jpg,real,diffusion,cifar_object,train
/content/gan_local/real_vs_fake/real-vs-fake/train/fake/Z8ISKVYEHY.jpg,fake,gan,face,train
/content/diffusion_local/train/FAKE/5647 (6).jpg,fake,diffusion,cifar_object,train
/content/gan_local/real_vs_fake/real-vs-fake/train/fake/I2P1Z1K7U9.jpg,fake,gan,face,train
/content/intel_local/seg_train/seg_train/mountain/6167.jpg,real,intel,mountain,train
/content/intel_local/seg_test/seg_test/forest/21179.jpg,real,intel,forest,test
/content/general_ai_local/AiArtData/AiArtData/erreurs-images.jpg,fake,general_ai,AiArtData,train
/content/diffusion_local/train/FAKE/5964 (10).jpg,fake,diffusion,cifar_object,train
/content/intel_local/seg_train/seg_train/street/7085.jpg,real,intel,street,train
/content/gan_local/real_vs_fake/real-vs-fake/test/fake/JDIK5GNU6I.jpg,fake,gan,face,test
/content/gan_local/real_vs_fake/real-vs-fake/train/fake/PXY6JWXT9H.jpg,fake,gan,face,train
/content/gan_local/real_vs_fake/real-vs-fake/train/fake/ACR9FZF3KJ.jpg,fake,gan,face,train
/content/gan_local/real_vs_fake/real-vs-fake/train/fake/WVPG2DVIFG.jpg,fake,gan,face,train
/content/diffusion_local/train/FAKE/1631 (6).jpg,fake,diffusion,cifar_object,train
/content/diffusion_local/train/FAKE/4556 (9).jpg,fake,diffusion,cifar_object,train
/content/gan_local/real_vs_fake/real-vs-fake/train/fake/P45DFJ7QFI.jpg,fake,gan,face,train
/content/gan_local/real_vs_fake/real-vs-fake/train/fake/1HEF8YHOQG.jpg,fake,gan,face,train
/content/diffusion_local/test/FAKE/693 (10).jpg,fake,diffusion,cifar_object,test
/content/gan_local/real_vs_fake/real-vs-fake/train/fake/TQ79MS1D2L.jpg,fake,gan,face,train
/content/gan_local/real_vs_fake/real-vs-fake/train/fake/XPV5VA3UAK.jpg,fake,gan,face,train
/content/diffusion_local/train/FAKE/2712 (6).jpg,fake,diffusion,cifar_object,train
/content/intel_local/seg_train/seg_train/buildings/9925.jpg,real,intel,buildings,train
/content/gan_local/real_vs_fake/real-vs-fake/train/fake/FC7MSFKE3C.jpg,fake,gan,face,train
/content/diffusion_local/test/REAL/0115 (7).jpg,real,diffusion,cifar_object,test
/content/diffusion_local/test/REAL/0584 (6).jpg,real,diffusion,cifar_object,test
/content/gan_local/real_vs_fake/real-vs-fake/test/fake/HKJ38AS8OI.jpg,fake,gan,face,test
/content/diffusion_local/test/FAKE/720 (2).jpg,fake,diffusion,cifar_object,test
/content/diffusion_local/train/FAKE/1679 (7).jpg,fake,diffusion,cifar_object,train
/content/intel_local/seg_train/seg_train/buildings/2775.jpg,real,intel,buildings,train
/content/intel_local/seg_train/seg_train/sea/18920.jpg,real,intel,sea,train
/content/general_ai_local/RealArt/RealArt/131207210_web1_20230506dj-littiken-1.jpg,real,general_ai,RealArt,train
/content/intel_local/seg_train/seg_train/glacier/8756.jpg,real,intel,glacier,train
/content/diffusion_local/train/REAL/0029 (6).jpg,real,diffusion,cifar_object,train
/content/diffusion_local/train/REAL/0492 (6).jpg,real,diffusion,cifar_object,train
/content/diffusion_local/train/REAL/1564 (9).jpg,real,diffusion,cifar_object,train
/content/gan_local/real_vs_fake/real-vs-fake/train/real/22829.jpg,real,gan,face,train
/content/intel_local/seg_test/seg_test/forest/23393.jpg,real,intel,forest,test
/content/diffusion_local/test/FAKE/977 (2).jpg,fake,diffusion,cifar_object,test
/content/intel_local/seg_test/seg_test/sea/22048.jpg,real,intel,sea,test
/content/diffusion_local/train/FAKE/3433 (5).jpg,fake,diffusion,cifar_object,train
/content/gan_local/real_vs_fake/real-vs-fake/train/fake/Q5PH8IVY7P.jpg,fake,gan,face,train
/content/gan_local/real_vs_fake/real-vs-fake/valid/fake/ROOVG1RTUI.jpg,fake,gan,face,valid
/content/gan_local/real_vs_fake/real-vs-fake/train/fake/UG2MIQZH06.jpg,fake,gan,face,train
/content/general_ai_local/AiArtData/AiArtData/nqsvevjgn3gxdubar6ly.JPEG.jpg,fake,general_ai,AiArtData,train
/content/gan_local/real_vs_fake/real-vs-fake/train/fake/NOBBR8XM0H.jpg,fake,gan,face,train
/content/general_ai_local/RealArt/RealArt/7917317-HSC00923-7.jpg,real,general_ai,RealArt,train
/content/diffusion_local/test/REAL/0399 (10).jpg,real,diffusion,cifar_object,test
/content/general_ai_local/RealArt/RealArt/diverse-people.jpg,real,general_ai,RealArt,train
/content/gan_local/real_vs_fake/real-vs-fake/train/fake/TU15WB7KRN.jpg,fake,gan,face,train
/content/gan_local/real_vs_fake/real-vs-fake/train/fake/E929J8F5VQ.jpg,fake,gan,face,train
/content/gan_local/real_vs_fake/real-vs-fake/train/real/05983.jpg,real,gan,face,train
/content/intel_local/seg_train/seg_train/mountain/14948.jpg,real,intel,mountain,train
/content/diffusion_local/train/FAKE/2895 (4).jpg,fake,diffusion,cifar_object,train
/content/diffusion_local/train/REAL/1414 (9).jpg,real,diffusion,cifar_object,train
/content/gan_local/real_vs_fake/real-vs-fake/train/fake/1N7FLEZW5V.jpg,fake,gan,face,train
/content/gan_local/real_vs_fake/real-vs-fake/valid/real/42507.jpg,real,gan,face,valid
/content/general_ai_local/AiArtData/AiArtData/AI-generated-images-art-.jpg,fake,general_ai,AiArtData,train
/content/gan_local/real_vs_fake/real-vs-fake/train/fake/NHTJ1PEA83.jpg,fake,gan,face,train
/content/diffusion_local/test/FAKE/672.jpg,fake,diffusion,cifar_object,test
/content/general_ai_local/AiArtData/AiArtData/wn_landscape_66536f75-c67a-4be6-8124-1c4e1298f6c1-01-6507858fb212e-jpeg__880.jpg,fake,general_ai,AiArtData,train
/content/diffusion_local/train/FAKE/5376 (6).jpg,fake,diffusion,cifar_object,train
/content/diffusion_local/train/FAKE/4240.jpg,fake,diffusion,cifar_object,train
/content/gan_local/real_vs_fake/real-vs-fake/train/real/42406.jpg,real,gan,face,train
/content/gan_local/real_vs_fake/real-vs-fake/train/real/33165.jpg,real,gan,face,train
/content/gan_local/real_vs_fake/real-vs-fake/train/fake/WL55QYW20V.jpg,fake,gan,face,train
/content/diffusion_local/train/FAKE/2112 (5).jpg,fake,diffusion,cifar_object,train
/content/diffusion_local/train/REAL/2387 (9).jpg,real,diffusion,cifar_object,train
/content/diffusion_local/train/FAKE/2477 (9).jpg,fake,diffusion,cifar_object,train
/content/gan_local/real_vs_fake/real-vs-fake/test/real/56933.jpg,real,gan,face,test
/content/diffusion_local/train/FAKE/4724 (10).jpg,fake,diffusion,cifar_object,train
/content/intel_local/seg_train/seg_train/buildings/3524.jpg,real,intel,buildings,train
/content/intel_local/seg_train/seg_train/glacier/892.jpg,real,intel,glacier,train
/content/intel_local/seg_test/seg_test/forest/23371.jpg,real,intel,forest,test
/content/gan_local/real_vs_fake/real-vs-fake/train/real/35193.jpg,real,gan,face,train
/content/diffusion_local/train/FAKE/4077 (10).jpg,fake,diffusion,cifar_object,train
/content/intel_local/seg_train/seg_train/sea/17583.jpg,real,intel,sea,train
/content/diffusion_local/train/FAKE/1620 (4).jpg,fake,diffusion,cifar_object,train
/content/diffusion_local/train/REAL/3895 (8).jpg,real,diffusion,cifar_object,train
/content/diffusion_local/test/FAKE/859 (9).jpg,fake,diffusion,cifar_object,test
/content/diffusion_local/test/FAKE/857 (4).jpg,fake,diffusion,cifar_object,test
/content/general_ai_local/AiArtData/AiArtData/nathan-shipley-historical-ai-portraits-16.jpg,fake,general_ai,AiArtData,train
/content/gan_local/real_vs_fake/real-vs-fake/test/fake/D19AEBSINI.jpg,fake,gan,face,test
/content/gan_local/real_vs_fake/real-vs-fake/test/real/54599.jpg,real,gan,face,test
/content/gan_local/real_vs_fake/real-vs-fake/train/real/50767.jpg,real,gan,face,train
/content/gan_local/real_vs_fake/real-vs-fake/train/real/56543.jpg,real,gan,face,train
/content/intel_local/seg_train/seg_train/mountain/11956.jpg,real,intel,mountain,train
/content/gan_local/real_vs_fake/real-vs-fake/train/fake/F45AT2OWFI.jpg,fake,gan,face,train
/content/intel_local/seg_test/seg_test/sea/21192.jpg,real,intel,sea,test
/content/diffusion_local/train/FAKE/3050 (7).jpg,fake,diffusion,cifar_object,train
/content/intel_local/seg_train/seg_train/street/6396.jpg,real,intel,street,train
/content/diffusion_local/test/REAL/0851 (7).jpg,real,diffusion,cifar_object,test
/content/diffusion_local/train/FAKE/4295 (4).jpg,fake,diffusion,cifar_object,train
/content/intel_local/seg_train/seg_train/sea/11438.jpg,real,intel,sea,train
/content/intel_local/seg_train/seg_train/glacier/1676.jpg,real,intel,glacier,train
/content/intel_local/seg_train/seg_train/mountain/3779.jpg,real,intel,mountain,train
/content/diffusion_local/train/FAKE/3274 (3).jpg,fake,diffusion,cifar_object,train
/content/diffusion_local/train/FAKE/2002 (5).jpg,fake,diffusion,cifar_object,train
/content/intel_local/seg_train/seg_train/street/9118.jpg,real,intel,street,train
/content/intel_local/seg_train/seg_train/mountain/10594.jpg,real,intel,mountain,train
/content/gan_local/real_vs_fake/real-vs-fake/valid/fake/XDYMYG08BG.jpg,fake,gan,face,valid
/content/general_ai_local/AiArtData/AiArtData/widen_1840x0.jpeg,fake,general_ai,AiArtData,train
/content/diffusion_local/train/FAKE/2058 (4).jpg,fake,diffusion,cifar_object,train
/content/diffusion_local/train/FAKE/4610 (5).jpg,fake,diffusion,cifar_object,train
/content/general_ai_local/RealArt/RealArt/Untitled-design-2022-09-06T133056.012.png,real,general_ai,RealArt,train
/content/general_ai_local/RealArt/RealArt/set-safari-animals-illustration-600nw-2150029883.jpg,real,general_ai,RealArt,train
/content/gan_local/real_vs_fake/real-vs-fake/train/real/41398.jpg,real,gan,face,train
/content/gan_local/real_vs_fake/real-vs-fake/train/real/69488.jpg,real,gan,face,train
/content/intel_local/seg_train/seg_train/sea/9745.jpg,real,intel,sea,train
/content/diffusion_local/train/REAL/0999 (4).jpg,real,diffusion,cifar_object,train
/content/diffusion_local/train/FAKE/3911 (10).jpg,fake,diffusion,cifar_object,train
/content/diffusion_local/train/REAL/3021.jpg,real,diffusion,cifar_object,train
/content/diffusion_local/train/FAKE/3547 (2).jpg,fake,diffusion,cifar_object,train
/content/diffusion_local/train/FAKE/2344 (3).jpg,fake,diffusion,cifar_object,train
/content/diffusion_local/train/REAL/1184 (6).jpg,real,diffusion,cifar_object,train
/content/general_ai_local/AiArtData/AiArtData/Group_12467.jpg,fake,general_ai,AiArtData,train
/content/general_ai_local/RealArt/RealArt/images95.jpg,real,general_ai,RealArt,train
/content/gan_local/real_vs_fake/real-vs-fake/train/real/51712.jpg,real,gan,face,train
/content/gan_local/real_vs_fake/real-vs-fake/train/real/67625.jpg,real,gan,face,train
/content/diffusion_local/train/REAL/0654 (5).jpg,real,diffusion,cifar_object,train
/content/intel_local/seg_train/seg_train/street/589.jpg,real,intel,street,train
/content/diffusion_local/test/REAL/0585 (2).jpg,real,diffusion,cifar_object,test
/content/gan_local/real_vs_fake/real-vs-fake/valid/real/23269.jpg,real,gan,face,valid
/content/gan_local/real_vs_fake/real-vs-fake/train/fake/IP86SX0SIY.jpg,fake,gan,face,train
/content/intel_local/seg_test/seg_test/buildings/20688.jpg,real,intel,buildings,test
/content/general_ai_local/AiArtData/AiArtData/Robot_painting-1024x576.jpg,fake,general_ai,AiArtData,train
/content/diffusion_local/train/FAKE/1868 (8).jpg,fake,diffusion,cifar_object,train
/content/gan_local/real_vs_fake/real-vs-fake/train/fake/NC0RPQMPTL.jpg,fake,gan,face,train
/content/diffusion_local/train/REAL/4921 (9).jpg,real,diffusion,cifar_object,train
/content/diffusion_local/train/REAL/2757 (10).jpg,real,diffusion,cifar_object,train
/content/gan_local/real_vs_fake/real-vs-fake/train/fake/ZX2E95OFJR.jpg,fake,gan,face,train
/content/general_ai_local/RealArt/RealArt/hero_zebra_animals.jpg,real,general_ai,RealArt,train
/content/intel_local/seg_train/seg_train/mountain/19041.jpg,real,intel,mountain,train
/content/gan_local/real_vs_fake/real-vs-fake/train/fake/ELRCJAGRFY.jpg,fake,gan,face,train
/content/gan_local/real_vs_fake/real-vs-fake/train/fake/03DKOSNW8S.jpg,fake,gan,face,train
/content/gan_local/real_vs_fake/real-vs-fake/valid/real/60274.jpg,real,gan,face,valid
/content/diffusion_local/train/FAKE/1553 (2).jpg,fake,diffusion,cifar_object,train
/content/diffusion_local/test/REAL/0039 (8).jpg,real,diffusion,cifar_object,test
/content/gan_local/real_vs_fake/real-vs-fake/test/fake/J01MSQE5JM.jpg,fake,gan,face,test
/content/gan_local/real_vs_fake/real-vs-fake/train/real/51047.jpg,real,gan,face,train
/content/general_ai_local/AiArtData/AiArtData/chrischilek_let_your_mind_wonder_7918d619-e9c8-4374-93fb-2468f1c54130.png,fake,general_ai,AiArtData,train
/content/intel_local/seg_train/seg_train/street/5363.jpg,real,intel,street,train
/content/gan_local/real_vs_fake/real-vs-fake/train/fake/2HI2B84DZW.jpg,fake,gan,face,train
/content/gan_local/real_vs_fake/real-vs-fake/valid/fake/WK1C77V7XX.jpg,fake,gan,face,valid
/content/gan_local/real_vs_fake/real-vs-fake/test/real/07743.jpg,real,gan,face,test
/content/diffusion_local/train/FAKE/1504 (8).jpg,fake,diffusion,cifar_object,train
/content/diffusion_local/test/REAL/0329 (10).jpg,real,diffusion,cifar_object,test
/content/general_ai_local/AiArtData/AiArtData/FmX1O9YaEAIiFuX.jpg,fake,general_ai,AiArtData,train
/content/diffusion_local/train/FAKE/2302 (8).jpg,fake,diffusion,cifar_object,train
/content/gan_local/real_vs_fake/real-vs-fake/test/fake/483MEQP6MQ.jpg,fake,gan,face,test
/content/intel_local/seg_train/seg_train/forest/5049.jpg,real,intel,forest,train
/content/intel_local/seg_train/seg_train/sea/9692.jpg,real,intel,sea,train
/content/gan_local/real_vs_fake/real-vs-fake/train/real/67230.jpg,real,gan,face,train
/content/diffusion_local/test/FAKE/188 (6).jpg,fake,diffusion,cifar_object,test
/content/gan_local/real_vs_fake/real-vs-fake/test/real/17797.jpg,real,gan,face,test
/content/diffusion_local/test/FAKE/60 (10).jpg,fake,diffusion,cifar_object,test
/content/intel_local/seg_train/seg_train/mountain/9728.jpg,real,intel,mountain,train
/content/diffusion_local/train/FAKE/4802 (9).jpg,fake,diffusion,cifar_object,train
/content/intel_local/seg_train/seg_train/forest/15421.jpg,real,intel,forest,train
/content/gan_local/real_vs_fake/real-vs-fake/valid/real/04300.jpg,real,gan,face,valid
/content/gan_local/real_vs_fake/real-vs-fake/train/fake/UFHM8SWDSW.jpg,fake,gan,face,train
/content/gan_local/real_vs_fake/real-vs-fake/train/real/30279.jpg,real,gan,face,train
/content/gan_local/real_vs_fake/real-vs-fake/train/real/63464.jpg,real,gan,face,train
/content/intel_local/seg_train/seg_train/mountain/15872.jpg,real,intel,mountain,train
/content/diffusion_local/train/REAL/4265 (3).jpg,real,diffusion,cifar_object,train
/content/intel_local/seg_train/seg_train/mountain/13934.jpg,real,intel,mountain,train
/content/gan_local/real_vs_fake/real-vs-fake/train/real/52410.jpg,real,gan,face,train
/content/diffusion_local/train/FAKE/3214 (7).jpg,fake,diffusion,cifar_object,train
/content/gan_local/real_vs_fake/real-vs-fake/valid/real/32819.jpg,real,gan,face,valid
/content/gan_local/real_vs_fake/real-vs-fake/train/real/37025.jpg,real,gan,face,train
/content/diffusion_local/train/FAKE/2431 (2).jpg,fake,diffusion,cifar_object,train
/content/gan_local/real_vs_fake/real-vs-fake/train/real/21079.jpg,real,gan,face,train
/content/general_ai_local/AiArtData/AiArtData/trippy-psychedelic-artwork-retro-hippie-style-generative-ai-surreal-landscape-274005108.jpg,fake,general_ai,AiArtData,train
/content/intel_local/seg_train/seg_train/glacier/4678.jpg,real,intel,glacier,train
/content/diffusion_local/train/REAL/1155 (2).jpg,real,diffusion,cifar_object,train
/content/gan_local/real_vs_fake/real-vs-fake/valid/real/02084.jpg,real,gan,face,valid
/content/gan_local/real_vs_fake/real-vs-fake/train/fake/1JNL65MEAE.jpg,fake,gan,face,train
/content/intel_local/seg_train/seg_train/buildings/9725.jpg,real,intel,buildings,train
/content/gan_local/real_vs_fake/real-vs-fake/train/real/03211.jpg,real,gan,face,train
/content/gan_local/real_vs_fake/real-vs-fake/train/fake/V9ICJG55R4.jpg,fake,gan,face,train
/content/diffusion_local/train/REAL/0365 (8).jpg,real,diffusion,cifar_object,train
/content/general_ai_local/AiArtData/AiArtData/Feature-Image_MidJourney.jpg,fake,general_ai,AiArtData,train
/content/gan_local/real_vs_fake/real-vs-fake/train/real/02213.jpg,real,gan,face,train
/content/intel_local/seg_test/seg_test/glacier/23684.jpg,real,intel,glacier,test
/content/diffusion_local/train/FAKE/1153 (10).jpg,fake,diffusion,cifar_object,train
/content/intel_local/seg_train/seg_train/glacier/14517.jpg,real,intel,glacier,train
/content/general_ai_local/AiArtData/AiArtData/Imagen-comp.jpeg,fake,general_ai,AiArtData,train
/content/intel_local/seg_train/seg_train/glacier/2805.jpg,real,intel,glacier,train
/content/gan_local/real_vs_fake/real-vs-fake/test/real/40203.jpg,real,gan,face,test
/content/diffusion_local/train/FAKE/3734 (4).jpg,fake,diffusion,cifar_object,train
/content/gan_local/real_vs_fake/real-vs-fake/train/fake/KKR9QKR51D.jpg,fake,gan,face,train
/content/gan_local/real_vs_fake/real-vs-fake/train/real/46134.jpg,real,gan,face,train
/content/diffusion_local/train/REAL/0620 (7).jpg,real,diffusion,cifar_object,train
/content/general_ai_local/RealArt/RealArt/360_F_550617518_Eu3U6kTl3mODPvnfTMFHQ88z1y5KNfNQ.jpg,real,general_ai,RealArt,train
/content/diffusion_local/test/FAKE/915 (6).jpg,fake,diffusion,cifar_object,test
/content/gan_local/real_vs_fake/real-vs-fake/train/fake/JPZUTFNPIM.jpg,fake,gan,face,train
/content/intel_local/seg_train/seg_train/forest/16188.jpg,real,intel,forest,train
/content/general_ai_local/AiArtData/AiArtData/101325148.jpg,fake,general_ai,AiArtData,train
/content/gan_local/real_vs_fake/real-vs-fake/train/fake/SBGFEVBLYY.jpg,fake,gan,face,train
/content/gan_local/real_vs_fake/real-vs-fake/train/fake/4HUTIPX3SV.jpg,fake,gan,face,train
/content/gan_local/real_vs_fake/real-vs-fake/train/fake/A6GDM9PB5Z.jpg,fake,gan,face,train
/content/gan_local/real_vs_fake/real-vs-fake/train/fake/Q37JLKGBLW.jpg,fake,gan,face,train
/content/intel_local/seg_train/seg_train/mountain/12798.jpg,real,intel,mountain,train
/content/intel_local/seg_train/seg_train/glacier/861.jpg,real,intel,glacier,train
/content/general_ai_local/AiArtData/AiArtData/tdraw-girl.jpg,fake,general_ai,AiArtData,train
/content/diffusion_local/train/FAKE/5251 (7).jpg,fake,diffusion,cifar_object,train
/content/gan_local/real_vs_fake/real-vs-fake/valid/fake/X9R03QCH5C.jpg,fake,gan,face,valid
/content/diffusion_local/train/REAL/2293 (3).jpg,real,diffusion,cifar_object,train
/content/gan_local/real_vs_fake/real-vs-fake/train/real/63772.jpg,real,gan,face,train
/content/diffusion_local/train/FAKE/1102.jpg,fake,diffusion,cifar_object,train
/content/gan_local/real_vs_fake/real-vs-fake/test/fake/YS1K1KEUTD.jpg,fake,gan,face,test
/content/diffusion_local/train/FAKE/1938.jpg,fake,diffusion,cifar_object,train
/content/diffusion_local/train/FAKE/2871.jpg,fake,diffusion,cifar_object,train
/content/gan_local/real_vs_fake/real-vs-fake/train/real/56217.jpg,real,gan,face,train
/content/diffusion_local/test/FAKE/565 (9).jpg,fake,diffusion,cifar_object,test
/content/gan_local/real_vs_fake/real-vs-fake/train/fake/HBBK60XRMV.jpg,fake,gan,face,train
/content/intel_local/seg_train/seg_train/mountain/16636.jpg,real,intel,mountain,train
/content/gan_local/real_vs_fake/real-vs-fake/train/real/01207.jpg,real,gan,face,train
/content/gan_local/real_vs_fake/real-vs-fake/train/fake/C7P1XIUB1F.jpg,fake,gan,face,train
/content/intel_local/seg_train/seg_train/forest/1285.jpg,real,intel,forest,train
/content/diffusion_local/train/REAL/2436 (8).jpg,real,diffusion,cifar_object,train
/content/intel_local/seg_train/seg_train/forest/10786.jpg,real,intel,forest,train
/content/intel_local/seg_train/seg_train/forest/9566.jpg,real,intel,forest,train
/content/diffusion_local/train/REAL/1356 (10).jpg,real,diffusion,cifar_object,train
/content/intel_local/seg_train/seg_train/glacier/19894.jpg,real,intel,glacier,train
/content/general_ai_local/AiArtData/AiArtData/_a_peaceful_countryside_Beaches_with_a__2edf54e5-d4e4-4507-abde-4f81b9754b54.png,fake,general_ai,AiArtData,train
/content/diffusion_local/train/FAKE/3539 (8).jpg,fake,diffusion,cifar_object,train
/content/gan_local/real_vs_fake/real-vs-fake/train/fake/SED52KFDBV.jpg,fake,gan,face,train
/content/intel_local/seg_train/seg_train/forest/15761.jpg,real,intel,forest,train
/content/gan_local/real_vs_fake/real-vs-fake/test/fake/ESWW55778O.jpg,fake,gan,face,test
/content/gan_local/real_vs_fake/real-vs-fake/train/fake/WA52Y6AVJN.jpg,fake,gan,face,train
/content/diffusion_local/test/FAKE/845 (7).jpg,fake,diffusion,cifar_object,test
/content/diffusion_local/train/FAKE/1513 (7).jpg,fake,diffusion,cifar_object,train
/content/diffusion_local/train/FAKE/1094 (6).jpg,fake,diffusion,cifar_object,train
/content/gan_local/real_vs_fake/real-vs-fake/train/fake/LLWEE21Q95.jpg,fake,gan,face,train
/content/diffusion_local/test/FAKE/121 (10).jpg,fake,diffusion,cifar_object,test
/content/intel_local/seg_train/seg_train/buildings/9353.jpg,real,intel,buildings,train
/content/gan_local/real_vs_fake/real-vs-fake/test/real/33596.jpg,real,gan,face,test
/content/gan_local/real_vs_fake/real-vs-fake/train/real/61104.jpg,real,gan,face,train
/content/general_ai_local/AiArtData/AiArtData/il_570xN.4503972325_g40z.jpg,fake,general_ai,AiArtData,train
/content/gan_local/real_vs_fake/real-vs-fake/train/fake/A5SC4CJO39.jpg,fake,gan,face,train
/content/gan_local/real_vs_fake/real-vs-fake/train/fake/QZ2WNXWP05.jpg,fake,gan,face,train
/content/general_ai_local/RealArt/RealArt/female-face-girl-with-wind-in-hair.jpg,real,general_ai,RealArt,train
/content/diffusion_local/train/FAKE/2955 (7).jpg,fake,diffusion,cifar_object,train
/content/intel_local/seg_test/seg_test/glacier/21452.jpg,real,intel,glacier,test
/content/gan_local/real_vs_fake/real-vs-fake/valid/fake/S4CN84MNSC.jpg,fake,gan,face,valid
/content/diffusion_local/train/FAKE/4264 (8).jpg,fake,diffusion,cifar_object,train
/content/intel_local/seg_train/seg_train/sea/18748.jpg,real,intel,sea,train
/content/intel_local/seg_test/seg_test/mountain/22251.jpg,real,intel,mountain,test
/content/intel_local/seg_test/seg_test/mountain/21118.jpg,real,intel,mountain,test
/content/gan_local/real_vs_fake/real-vs-fake/train/fake/GADCUIO4SK.jpg,fake,gan,face,train
/content/diffusion_local/train/FAKE/2948 (7).jpg,fake,diffusion,cifar_object,train
/content/gan_local/real_vs_fake/real-vs-fake/train/fake/DNIJUUJAPS.jpg,fake,gan,face,train
/content/gan_local/real_vs_fake/real-vs-fake/valid/fake/UHYBMZ2UWM.jpg,fake,gan,face,valid
/content/intel_local/seg_train/seg_train/glacier/8408.jpg,real,intel,glacier,train
/content/diffusion_local/test/REAL/0902 (6).jpg,real,diffusion,cifar_object,test
/content/diffusion_local/train/FAKE/1308 (7).jpg,fake,diffusion,cifar_object,train
/content/diffusion_local/train/REAL/2947 (3).jpg,real,diffusion,cifar_object,train
/content/diffusion_local/train/FAKE/5294 (9).jpg,fake,diffusion,cifar_object,train
/content/intel_local/seg_test/seg_test/glacier/22390.jpg,real,intel,glacier,test
/content/gan_local/real_vs_fake/real-vs-fake/train/fake/5UV31A9NSA.jpg,fake,gan,face,train
/content/general_ai_local/AiArtData/AiArtData/beautiful-landscape-with-mountains-lake-generative-ai_751108-3474.jpg,fake,general_ai,AiArtData,train
/content/diffusion_local/train/FAKE/5770 (6).jpg,fake,diffusion,cifar_object,train
/content/diffusion_local/train/FAKE/3231 (5).jpg,fake,diffusion,cifar_object,train
/content/diffusion_local/train/FAKE/1500 (4).jpg,fake,diffusion,cifar_object,train
/content/diffusion_local/test/FAKE/455 (4).jpg,fake,diffusion,cifar_object,test
/content/diffusion_local/train/FAKE/1059 (6).jpg,fake,diffusion,cifar_object,train
/content/gan_local/real_vs_fake/real-vs-fake/train/fake/QG1GKUF0TS.jpg,fake,gan,face,train
/content/diffusion_local/train/FAKE/3250 (9).jpg,fake,diffusion,cifar_object,train
/content/diffusion_local/train/FAKE/2394 (7).jpg,fake,diffusion,cifar_object,train
/content/diffusion_local/train/REAL/3893 (6).jpg,real,diffusion,cifar_object,train
/content/intel_local/seg_train/seg_train/glacier/6430.jpg,real,intel,glacier,train
/content/gan_local/real_vs_fake/real-vs-fake/train/fake/9K4RHVNQER.jpg,fake,gan,face,train
/content/gan_local/real_vs_fake/real-vs-fake/valid/real/20881.jpg,real,gan,face,valid
/content/gan_local/real_vs_fake/real-vs-fake/train/real/23144.jpg,real,gan,face,train
/content/general_ai_local/AiArtData/AiArtData/240201-airec-main-ksp-5625e8.jpg,fake,general_ai,AiArtData,train
/content/gan_local/real_vs_fake/real-vs-fake/train/fake/33RNJSDAQ0.jpg,fake,gan,face,train
/content/diffusion_local/train/REAL/0341 (3).jpg,real,diffusion,cifar_object,train
/content/diffusion_local/train/FAKE/2899 (10).jpg,fake,diffusion,cifar_object,train
/content/gan_local/real_vs_fake/real-vs-fake/valid/fake/VL1A0HMGDA.jpg,fake,gan,face,valid
/content/diffusion_local/train/FAKE/2007 (9).jpg,fake,diffusion,cifar_object,train
/content/gan_local/real_vs_fake/real-vs-fake/train/fake/4M8RV2UMHJ.jpg,fake,gan,face,train
/content/gan_local/real_vs_fake/real-vs-fake/train/real/21514.jpg,real,gan,face,train
/content/diffusion_local/train/FAKE/4087 (8).jpg,fake,diffusion,cifar_object,train
/content/gan_local/real_vs_fake/real-vs-fake/train/fake/H07KDLJGKM.jpg,fake,gan,face,train
/content/intel_local/seg_train/seg_train/buildings/13111.jpg,real,intel,buildings,train
/content/intel_local/seg_train/seg_train/sea/10271.jpg,real,intel,sea,train
/content/diffusion_local/train/REAL/1458 (9).jpg,real,diffusion,cifar_object,train
/content/intel_local/seg_train/seg_train/buildings/14968.jpg,real,intel,buildings,train
/content/gan_local/real_vs_fake/real-vs-fake/train/fake/CZEPM5H5HB.jpg,fake,gan,face,train
/content/diffusion_local/train/REAL/3823 (8).jpg,real,diffusion,cifar_object,train
/content/diffusion_local/train/FAKE/1577.jpg,fake,diffusion,cifar_object,train
/content/intel_local/seg_test/seg_test/forest/23031.jpg,real,intel,forest,test
/content/intel_local/seg_train/seg_train/buildings/2182.jpg,real,intel,buildings,train
/content/diffusion_local/train/FAKE/5095.jpg,fake,diffusion,cifar_object,train
/content/intel_local/seg_train/seg_train/mountain/2435.jpg,real,intel,mountain,train
/content/gan_local/real_vs_fake/real-vs-fake/train/fake/JHRNU73O4V.jpg,fake,gan,face,train
/content/gan_local/real_vs_fake/real-vs-fake/train/fake/349371T35Y.jpg,fake,gan,face,train
/content/gan_local/real_vs_fake/real-vs-fake/train/fake/S6EFWPFM5H.jpg,fake,gan,face,train
/content/gan_local/real_vs_fake/real-vs-fake/test/fake/2T81PBJAUC.jpg,fake,gan,face,test
/content/diffusion_local/test/REAL/0884 (9).jpg,real,diffusion,cifar_object,test
/content/diffusion_local/train/REAL/2608 (7).jpg,real,diffusion,cifar_object,train
/content/general_ai_local/RealArt/RealArt/CB2953EN_img7.jpg,real,general_ai,RealArt,train
/content/diffusion_local/train/REAL/3743 (3).jpg,real,diffusion,cifar_object,train
/content/intel_local/seg_train/seg_train/sea/9102.jpg,real,intel,sea,train
/content/diffusion_local/train/FAKE/5736 (4).jpg,fake,diffusion,cifar_object,train
/content/intel_local/seg_train/seg_train/forest/19206.jpg,real,intel,forest,train
/content/intel_local/seg_train/seg_train/mountain/4010.jpg,real,intel,mountain,train
/content/diffusion_local/train/FAKE/4710 (6).jpg,fake,diffusion,cifar_object,train
/content/gan_local/real_vs_fake/real-vs-fake/train/fake/1B1FCWEGWD.jpg,fake,gan,face,train
/content/intel_local/seg_train/seg_train/glacier/2513.jpg,real,intel,glacier,train
/content/diffusion_local/train/FAKE/2541 (8).jpg,fake,diffusion,cifar_object,train
/content/diffusion_local/train/REAL/3190.jpg,real,diffusion,cifar_object,train
/content/intel_local/seg_train/seg_train/glacier/3318.jpg,real,intel,glacier,train
/content/gan_local/real_vs_fake/real-vs-fake/train/fake/M7YS4JYLEC.jpg,fake,gan,face,train
/content/gan_local/real_vs_fake/real-vs-fake/train/real/38895.jpg,real,gan,face,train
/content/gan_local/real_vs_fake/real-vs-fake/train/real/69979.jpg,real,gan,face,train
/content/diffusion_local/train/FAKE/2817 (4).jpg,fake,diffusion,cifar_object,train
/content/diffusion_local/train/REAL/3216 (3).jpg,real,diffusion,cifar_object,train
/content/diffusion_local/test/FAKE/907 (4).jpg,fake,diffusion,cifar_object,test
/content/general_ai_local/AiArtData/AiArtData/lothes-and-its-hard-not-to-fall-in-love-with-them-74-Pics-634d0cc885307__700.jpg,fake,general_ai,AiArtData,train
/content/gan_local/real_vs_fake/real-vs-fake/train/fake/L9D8DD4LLU.jpg,fake,gan,face,train
/content/gan_local/real_vs_fake/real-vs-fake/train/real/51946.jpg,real,gan,face,train
/content/gan_local/real_vs_fake/real-vs-fake/test/fake/Y12K1INU0F.jpg,fake,gan,face,test
/content/intel_local/seg_train/seg_train/forest/4103.jpg,real,intel,forest,train
/content/diffusion_local/train/REAL/0995 (4).jpg,real,diffusion,cifar_object,train
/content/diffusion_local/train/REAL/4897 (6).jpg,real,diffusion,cifar_object,train
/content/diffusion_local/train/FAKE/1661 (4).jpg,fake,diffusion,cifar_object,train
/content/gan_local/real_vs_fake/real-vs-fake/train/real/41913.jpg,real,gan,face,train
/content/gan_local/real_vs_fake/real-vs-fake/train/fake/1CQJ8DXNEK.jpg,fake,gan,face,train
/content/diffusion_local/train/REAL/2517.jpg,real,diffusion,cifar_object,train
/content/intel_local/seg_test/seg_test/forest/20328.jpg,real,intel,forest,test
/content/intel_local/seg_train/seg_train/street/8311.jpg,real,intel,street,train
/content/gan_local/real_vs_fake/real-vs-fake/train/real/39294.jpg,real,gan,face,train
/content/intel_local/seg_test/seg_test/forest/23377.jpg,real,intel,forest,test
/content/gan_local/real_vs_fake/real-vs-fake/train/real/11486.jpg,real,gan,face,train
/content/gan_local/real_vs_fake/real-vs-fake/train/real/35108.jpg,real,gan,face,train
/content/diffusion_local/train/FAKE/2117 (2).jpg,fake,diffusion,cifar_object,train
/content/diffusion_local/train/FAKE/2981.jpg,fake,diffusion,cifar_object,train
/content/diffusion_local/train/FAKE/2988 (4).jpg,fake,diffusion,cifar_object,train
/content/gan_local/real_vs_fake/real-vs-fake/test/real/34188.jpg,real,gan,face,test
/content/gan_local/real_vs_fake/real-vs-fake/valid/fake/SVX4SHMGAJ.jpg,fake,gan,face,valid
/content/intel_local/seg_train/seg_train/glacier/16493.jpg,real,intel,glacier,train
/content/gan_local/real_vs_fake/real-vs-fake/train/real/39553.jpg,real,gan,face,train
/content/gan_local/real_vs_fake/real-vs-fake/test/real/03722.jpg,real,gan,face,test
/content/intel_local/seg_train/seg_train/street/10767.jpg,real,intel,street,train
/content/gan_local/real_vs_fake/real-vs-fake/test/real/43877.jpg,real,gan,face,test
/content/intel_local/seg_train/seg_train/sea/2337.jpg,real,intel,sea,train
/content/gan_local/real_vs_fake/real-vs-fake/train/real/44491.jpg,real,gan,face,train
/content/diffusion_local/test/REAL/0416 (2).jpg,real,diffusion,cifar_object,test
/content/intel_local/seg_train/seg_train/street/11710.jpg,real,intel,street,train
/content/diffusion_local/test/REAL/0463 (5).jpg,real,diffusion,cifar_object,test
/content/intel_local/seg_train/seg_train/street/946.jpg,real,intel,street,train
/content/gan_local/real_vs_fake/real-vs-fake/test/fake/DFJGKQ047G.jpg,fake,gan,face,test
/content/gan_local/real_vs_fake/real-vs-fake/train/fake/LKR1E0KQN1.jpg,fake,gan,face,train
/content/gan_local/real_vs_fake/real-vs-fake/valid/fake/M7GD2NEFGF.jpg,fake,gan,face,valid
/content/gan_local/real_vs_fake/real-vs-fake/train/real/46032.jpg,real,gan,face,train
/content/diffusion_local/train/REAL/1906 (3).jpg,real,diffusion,cifar_object,train
/content/gan_local/real_vs_fake/real-vs-fake/test/fake/56HYSIFGSU.jpg,fake,gan,face,test
/content/diffusion_local/train/FAKE/2174 (2).jpg,fake,diffusion,cifar_object,train
/content/diffusion_local/test/REAL/0028 (9).jpg,real,diffusion,cifar_object,test
/content/general_ai_local/AiArtData/AiArtData/images82.jpg,fake,general_ai,AiArtData,train
/content/intel_local/seg_train/seg_train/mountain/4151.jpg,real,intel,mountain,train
/content/general_ai_local/AiArtData/AiArtData/AdobeStock_559145847.jpeg,fake,general_ai,AiArtData,train
/content/intel_local/seg_test/seg_test/sea/23456.jpg,real,intel,sea,test
/content/gan_local/real_vs_fake/real-vs-fake/train/fake/EUZVP88DGC.jpg,fake,gan,face,train
/content/gan_local/real_vs_fake/real-vs-fake/test/fake/G2CYTHIQ2Y.jpg,fake,gan,face,test
/content/intel_local/seg_test/seg_test/buildings/21656.jpg,real,intel,buildings,test
/content/gan_local/real_vs_fake/real-vs-fake/train/real/41817.jpg,real,gan,face,train
/content/gan_local/real_vs_fake/real-vs-fake/train/real/19745.jpg,real,gan,face,train
/content/diffusion_local/test/FAKE/997 (8).jpg,fake,diffusion,cifar_object,test
/content/gan_local/real_vs_fake/real-vs-fake/train/real/17169.jpg,real,gan,face,train
/content/gan_local/real_vs_fake/real-vs-fake/valid/real/65558.jpg,real,gan,face,valid
/content/intel_local/seg_test/seg_test/forest/23289.jpg,real,intel,forest,test
/content/diffusion_local/train/REAL/0084 (3).jpg,real,diffusion,cifar_object,train
/content/gan_local/real_vs_fake/real-vs-fake/valid/fake/NZYKKZHPBD.jpg,fake,gan,face,valid
/content/intel_local/seg_train/seg_train/mountain/17066.jpg,real,intel,mountain,train
/content/gan_local/real_vs_fake/real-vs-fake/train/fake/D3LO4KN14D.jpg,fake,gan,face,train
/content/gan_local/real_vs_fake/real-vs-fake/train/fake/EY0C227RT0.jpg,fake,gan,face,train
/content/diffusion_local/train/REAL/4440 (8).jpg,real,diffusion,cifar_object,train
/content/intel_local/seg_train/seg_train/mountain/18556.jpg,real,intel,mountain,train
/content/general_ai_local/AiArtData/AiArtData/midjourney-putin.jpg,fake,general_ai,AiArtData,train
/content/diffusion_local/train/FAKE/1598 (8).jpg,fake,diffusion,cifar_object,train
/content/gan_local/real_vs_fake/real-vs-fake/train/fake/XKN6L6QEJL.jpg,fake,gan,face,train
/content/diffusion_local/train/REAL/2761 (7).jpg,real,diffusion,cifar_object,train
/content/gan_local/real_vs_fake/real-vs-fake/valid/fake/DDBYUXCTME.jpg,fake,gan,face,valid
/content/gan_local/real_vs_fake/real-vs-fake/train/fake/G5NNNIH6A3.jpg,fake,gan,face,train
/content/diffusion_local/train/REAL/4807 (8).jpg,real,diffusion,cifar_object,train
/content/diffusion_local/train/FAKE/4853 (5).jpg,fake,diffusion,cifar_object,train
/content/diffusion_local/train/FAKE/3793 (2).jpg,fake,diffusion,cifar_object,train
/content/intel_local/seg_train/seg_train/buildings/15291.jpg,real,intel,buildings,train
/content/gan_local/real_vs_fake/real-vs-fake/valid/real/22252.jpg,real,gan,face,valid
/content/intel_local/seg_train/seg_train/street/3205.jpg,real,intel,street,train
/content/intel_local/seg_train/seg_train/mountain/14637.jpg,real,intel,mountain,train
/content/gan_local/real_vs_fake/real-vs-fake/test/real/26624.jpg,real,gan,face,test
/content/gan_local/real_vs_fake/real-vs-fake/test/fake/UZKF0U6Z92.jpg,fake,gan,face,test
/content/gan_local/real_vs_fake/real-vs-fake/train/fake/IFF9B8TT6H.jpg,fake,gan,face,train
/content/intel_local/seg_train/seg_train/forest/14914.jpg,real,intel,forest,train
/content/diffusion_local/test/FAKE/186 (9).jpg,fake,diffusion,cifar_object,test
/content/diffusion_local/train/FAKE/1337 (3).jpg,fake,diffusion,cifar_object,train
/content/gan_local/real_vs_fake/real-vs-fake/train/fake/HBMEXSZ4CM.jpg,fake,gan,face,train
/content/diffusion_local/train/FAKE/4028 (10).jpg,fake,diffusion,cifar_object,train
/content/diffusion_local/train/FAKE/4459 (5).jpg,fake,diffusion,cifar_object,train
/content/diffusion_local/train/FAKE/3928 (7).jpg,fake,diffusion,cifar_object,train
/content/intel_local/seg_train/seg_train/forest/6106.jpg,real,intel,forest,train
/content/gan_local/real_vs_fake/real-vs-fake/train/fake/P106N7KMCD.jpg,fake,gan,face,train
/content/gan_local/real_vs_fake/real-vs-fake/train/real/26124.jpg,real,gan,face,train
/content/general_ai_local/AiArtData/AiArtData/The-Most-Beautiful-Men-and-Women-in-the-World-According-to-AI-641d79584ef75__880.jpg,fake,general_ai,AiArtData,train
/content/general_ai_local/AiArtData/AiArtData/ai-generated-photos-1514935235304-videoSixteenByNineJumbo1600-v4.jpg,fake,general_ai,AiArtData,train
/content/gan_local/real_vs_fake/real-vs-fake/test/fake/DOVMKGT6UH.jpg,fake,gan,face,test
/content/intel_local/seg_train/seg_train/sea/7307.jpg,real,intel,sea,train
/content/intel_local/seg_test/seg_test/buildings/21367.jpg,real,intel,buildings,test
/content/intel_local/seg_train/seg_train/mountain/10386.jpg,real,intel,mountain,train
/content/diffusion_local/test/REAL/0913 (4).jpg,real,diffusion,cifar_object,test
/content/general_ai_local/RealArt/RealArt/2-23-3-4-20-14-31m.jpg,real,general_ai,RealArt,train
/content/diffusion_local/test/REAL/0268 (9).jpg,real,diffusion,cifar_object,test
/content/intel_local/seg_train/seg_train/mountain/1480.jpg,real,intel,mountain,train
/content/diffusion_local/train/REAL/3968 (3).jpg,real,diffusion,cifar_object,train
/content/gan_local/real_vs_fake/real-vs-fake/train/fake/2TS3BMCWXI.jpg,fake,gan,face,train
/content/gan_local/real_vs_fake/real-vs-fake/train/fake/ZHBVUY8FXV.jpg,fake,gan,face,train
/content/diffusion_local/train/REAL/3801 (7).jpg,real,diffusion,cifar_object,train
/content/gan_local/real_vs_fake/real-vs-fake/train/fake/RR2HS4O1VB.jpg,fake,gan,face,train
/content/intel_local/seg_train/seg_train/sea/12255.jpg,real,intel,sea,train
/content/gan_local/real_vs_fake/real-vs-fake/train/real/63008.jpg,real,gan,face,train
/content/gan_local/real_vs_fake/real-vs-fake/train/fake/TAOYSORXGJ.jpg,fake,gan,face,train
/content/intel_local/seg_train/seg_train/forest/8183.jpg,real,intel,forest,train
/content/gan_local/real_vs_fake/real-vs-fake/valid/real/53482.jpg,real,gan,face,valid
/content/intel_local/seg_train/seg_train/buildings/8358.jpg,real,intel,buildings,train
/content/intel_local/seg_train/seg_train/mountain/9474.jpg,real,intel,mountain,train
/content/gan_local/real_vs_fake/real-vs-fake/train/real/02989.jpg,real,gan,face,train
/content/diffusion_local/train/FAKE/5097 (10).jpg,fake,diffusion,cifar_object,train
/content/intel_local/seg_train/seg_train/glacier/699.jpg,real,intel,glacier,train
/content/intel_local/seg_train/seg_train/buildings/6339.jpg,real,intel,buildings,train
/content/diffusion_local/train/FAKE/4698 (9).jpg,fake,diffusion,cifar_object,train
/content/diffusion_local/train/REAL/4540 (6).jpg,real,diffusion,cifar_object,train
/content/diffusion_local/train/REAL/0884 (5).jpg,real,diffusion,cifar_object,train
/content/intel_local/seg_train/seg_train/sea/3066.jpg,real,intel,sea,train
/content/gan_local/real_vs_fake/real-vs-fake/test/real/51410.jpg,real,gan,face,test
/content/diffusion_local/train/REAL/4512 (8).jpg,real,diffusion,cifar_object,train
/content/diffusion_local/train/REAL/3770 (9).jpg,real,diffusion,cifar_object,train
/content/intel_local/seg_train/seg_train/glacier/12605.jpg,real,intel,glacier,train
/content/gan_local/real_vs_fake/real-vs-fake/train/fake/FDGC8R4FXV.jpg,fake,gan,face,train
/content/gan_local/real_vs_fake/real-vs-fake/test/fake/SFJVAU1IRR.jpg,fake,gan,face,test
/content/gan_local/real_vs_fake/real-vs-fake/train/real/17453.jpg,real,gan,face,train
/content/gan_local/real_vs_fake/real-vs-fake/train/fake/ON3NVI07L5.jpg,fake,gan,face,train
/content/general_ai_local/AiArtData/AiArtData/ai-generated-8067660_1280.jpg,fake,general_ai,AiArtData,train
/content/gan_local/real_vs_fake/real-vs-fake/valid/fake/KF4CAB85QV.jpg,fake,gan,face,valid
/content/intel_local/seg_train/seg_train/buildings/16559.jpg,real,intel,buildings,train
/content/intel_local/seg_train/seg_train/street/6679.jpg,real,intel,street,train
/content/diffusion_local/train/FAKE/1531 (2).jpg,fake,diffusion,cifar_object,train
/content/gan_local/real_vs_fake/real-vs-fake/train/fake/OXCFKJT7RI.jpg,fake,gan,face,train
/content/gan_local/real_vs_fake/real-vs-fake/test/fake/XH5PHGN4JN.jpg,fake,gan,face,test
/content/gan_local/real_vs_fake/real-vs-fake/train/real/63644.jpg,real,gan,face,train
/content/diffusion_local/train/FAKE/3621.jpg,fake,diffusion,cifar_object,train
/content/diffusion_local/train/FAKE/3335 (7).jpg,fake,diffusion,cifar_object,train
/content/diffusion_local/train/FAKE/1582 (4).jpg,fake,diffusion,cifar_object,train
/content/gan_local/real_vs_fake/real-vs-fake/valid/real/34950.jpg,real,gan,face,valid
/content/general_ai_local/RealArt/RealArt/cUAIt5CTS9sQgkglwshb.jpg,real,general_ai,RealArt,train
/content/intel_local/seg_train/seg_train/forest/17461.jpg,real,intel,forest,train
/content/gan_local/real_vs_fake/real-vs-fake/valid/fake/H5G86ZAP2W.jpg,fake,gan,face,valid
/content/intel_local/seg_train/seg_train/street/2095.jpg,real,intel,street,train
/content/diffusion_local/train/FAKE/1212 (6).jpg,fake,diffusion,cifar_object,train
/content/intel_local/seg_train/seg_train/forest/2077.jpg,real,intel,forest,train
/content/general_ai_local/RealArt/RealArt/lindsey-pattison_october-2023_hero.jpg,real,general_ai,RealArt,train
/content/diffusion_local/train/FAKE/5607 (2).jpg,fake,diffusion,cifar_object,train
/content/general_ai_local/RealArt/RealArt/taxture-scenery-poster-500x500.jpg,real,general_ai,RealArt,train
/content/gan_local/real_vs_fake/real-vs-fake/valid/real/09535.jpg,real,gan,face,valid
/content/intel_local/seg_train/seg_train/glacier/15039.jpg,real,intel,glacier,train
/content/diffusion_local/test/REAL/0269.jpg,real,diffusion,cifar_object,test
/content/diffusion_local/train/REAL/2106 (2).jpg,real,diffusion,cifar_object,train
/content/gan_local/real_vs_fake/real-vs-fake/train/fake/905R3YW10A.jpg,fake,gan,face,train
/content/diffusion_local/test/REAL/0876.jpg,real,diffusion,cifar_object,test
/content/diffusion_local/train/FAKE/4372.jpg,fake,diffusion,cifar_object,train
/content/diffusion_local/train/REAL/1326 (8).jpg,real,diffusion,cifar_object,train
/content/gan_local/real_vs_fake/real-vs-fake/train/fake/C6LMLWP99U.jpg,fake,gan,face,train
/content/intel_local/seg_train/seg_train/street/5470.jpg,real,intel,street,train
/content/intel_local/seg_train/seg_train/mountain/18578.jpg,real,intel,mountain,train
/content/diffusion_local/test/REAL/0843 (6).jpg,real,diffusion,cifar_object,test
/content/gan_local/real_vs_fake/real-vs-fake/train/real/31572.jpg,real,gan,face,train
/content/intel_local/seg_train/seg_train/buildings/5831.jpg,real,intel,buildings,train
/content/diffusion_local/train/FAKE/3956 (5).jpg,fake,diffusion,cifar_object,train
/content/diffusion_local/train/FAKE/1566 (6).jpg,fake,diffusion,cifar_object,train
/content/gan_local/real_vs_fake/real-vs-fake/valid/fake/8EVOC61R7T.jpg,fake,gan,face,valid
/content/general_ai_local/RealArt/RealArt/hqdefault3.jpg,real,general_ai,RealArt,train
/content/intel_local/seg_test/seg_test/street/22971.jpg,real,intel,street,test
/content/intel_local/seg_train/seg_train/sea/1367.jpg,real,intel,sea,train
/content/diffusion_local/train/FAKE/4092 (4).jpg,fake,diffusion,cifar_object,train
/content/gan_local/real_vs_fake/real-vs-fake/train/fake/RDF5LBYAPC.jpg,fake,gan,face,train
/content/diffusion_local/test/FAKE/340 (3).jpg,fake,diffusion,cifar_object,test
/content/intel_local/seg_train/seg_train/street/11542.jpg,real,intel,street,train
/content/gan_local/real_vs_fake/real-vs-fake/train/fake/U4GROQN78N.jpg,fake,gan,face,train
/content/intel_local/seg_train/seg_train/street/13190.jpg,real,intel,street,train
/content/general_ai_local/RealArt/RealArt/HD-wallpaper-nature-scenery-scenery-nature.jpg,real,general_ai,RealArt,train
/content/intel_local/seg_train/seg_train/sea/7259.jpg,real,intel,sea,train
/content/intel_local/seg_train/seg_train/mountain/8991.jpg,real,intel,mountain,train
/content/gan_local/real_vs_fake/real-vs-fake/test/real/14918.jpg,real,gan,face,test
/content/diffusion_local/test/REAL/0152 (2).jpg,real,diffusion,cifar_object,test
/content/gan_local/real_vs_fake/real-vs-fake/train/fake/EKX6KMF61I.jpg,fake,gan,face,train
/content/gan_local/real_vs_fake/real-vs-fake/train/real/28701.jpg,real,gan,face,train
/content/gan_local/real_vs_fake/real-vs-fake/test/real/06312.jpg,real,gan,face,test
/content/gan_local/real_vs_fake/real-vs-fake/train/fake/FFTNC4RUNQ.jpg,fake,gan,face,train
/content/diffusion_local/train/REAL/0927 (7).jpg,real,diffusion,cifar_object,train
/content/gan_local/real_vs_fake/real-vs-fake/train/fake/MANQN3HU6Y.jpg,fake,gan,face,train
/content/diffusion_local/train/FAKE/4394 (5).jpg,fake,diffusion,cifar_object,train
/content/diffusion_local/train/FAKE/5367 (5).jpg,fake,diffusion,cifar_object,train
/content/gan_local/real_vs_fake/real-vs-fake/test/real/41503.jpg,real,gan,face,test
/content/intel_local/seg_test/seg_test/glacier/24173.jpg,real,intel,glacier,test
/content/general_ai_local/AiArtData/AiArtData/Midjourney-Tips.png,fake,general_ai,AiArtData,train
/content/gan_local/real_vs_fake/real-vs-fake/train/fake/UTQFXG9ULS.jpg,fake,gan,face,train
/content/gan_local/real_vs_fake/real-vs-fake/valid/real/49133.jpg,real,gan,face,valid
/content/gan_local/real_vs_fake/real-vs-fake/test/fake/6LKRPM42GN.jpg,fake,gan,face,test
/content/diffusion_local/train/FAKE/3354 (8).jpg,fake,diffusion,cifar_object,train
/content/diffusion_local/test/FAKE/808 (5).jpg,fake,diffusion,cifar_object,test
/content/gan_local/real_vs_fake/real-vs-fake/train/real/32995.jpg,real,gan,face,train
/content/diffusion_local/test/FAKE/453 (5).jpg,fake,diffusion,cifar_object,test
/content/diffusion_local/test/FAKE/675 (9).jpg,fake,diffusion,cifar_object,test
/content/gan_local/real_vs_fake/real-vs-fake/train/fake/59YC6S1TNY.jpg,fake,gan,face,train
/content/intel_local/seg_train/seg_train/mountain/13711.jpg,real,intel,mountain,train
/content/diffusion_local/train/FAKE/5722 (6).jpg,fake,diffusion,cifar_object,train
/content/intel_local/seg_train/seg_train/street/17854.jpg,real,intel,street,train
/content/gan_local/real_vs_fake/real-vs-fake/test/fake/Y0OENB0YVH.jpg,fake,gan,face,test
/content/intel_local/seg_train/seg_train/forest/10186.jpg,real,intel,forest,train
/content/gan_local/real_vs_fake/real-vs-fake/train/real/32439.jpg,real,gan,face,train
/content/diffusion_local/train/REAL/0796 (3).jpg,real,diffusion,cifar_object,train
/content/diffusion_local/train/REAL/2018 (9).jpg,real,diffusion,cifar_object,train
/content/diffusion_local/test/REAL/0761 (3).jpg,real,diffusion,cifar_object,test
/content/diffusion_local/train/REAL/2493.jpg,real,diffusion,cifar_object,train
/content/gan_local/real_vs_fake/real-vs-fake/train/real/30376.jpg,real,gan,face,train
/content/gan_local/real_vs_fake/real-vs-fake/train/fake/FDM0LVOT4G.jpg,fake,gan,face,train
/content/gan_local/real_vs_fake/real-vs-fake/train/real/01036.jpg,real,gan,face,train
/content/intel_local/seg_test/seg_test/forest/22845.jpg,real,intel,forest,test
/content/diffusion_local/train/REAL/0904 (10).jpg,real,diffusion,cifar_object,train
/content/diffusion_local/train/FAKE/1684 (7).jpg,fake,diffusion,cifar_object,train
/content/diffusion_local/train/FAKE/3623.jpg,fake,diffusion,cifar_object,train
/content/diffusion_local/train/REAL/2199 (9).jpg,real,diffusion,cifar_object,train
/content/gan_local/real_vs_fake/real-vs-fake/train/fake/509756LB7G.jpg,fake,gan,face,train
/content/gan_local/real_vs_fake/real-vs-fake/train/fake/3I5KQKC69N.jpg,fake,gan,face,train
/content/gan_local/real_vs_fake/real-vs-fake/valid/real/35414.jpg,real,gan,face,valid
/content/diffusion_local/train/REAL/0694 (5).jpg,real,diffusion,cifar_object,train
/content/diffusion_local/train/REAL/0044.jpg,real,diffusion,cifar_object,train
/content/gan_local/real_vs_fake/real-vs-fake/train/real/45989.jpg,real,gan,face,train
/content/diffusion_local/train/REAL/3735 (2).jpg,real,diffusion,cifar_object,train
/content/gan_local/real_vs_fake/real-vs-fake/train/real/39330.jpg,real,gan,face,train
/content/diffusion_local/train/REAL/1741 (10).jpg,real,diffusion,cifar_object,train
/content/diffusion_local/train/FAKE/5326.jpg,fake,diffusion,cifar_object,train
/content/gan_local/real_vs_fake/real-vs-fake/train/fake/APGSGWVMSN.jpg,fake,gan,face,train
/content/diffusion_local/test/FAKE/691 (5).jpg,fake,diffusion,cifar_object,test
/content/diffusion_local/train/FAKE/5842 (10).jpg,fake,diffusion,cifar_object,train
/content/diffusion_local/test/REAL/0097 (6).jpg,real,diffusion,cifar_object,test
/content/intel_local/seg_train/seg_train/sea/7725.jpg,real,intel,sea,train
/content/general_ai_local/RealArt/RealArt/33100scr.jpg,real,general_ai,RealArt,train
/content/gan_local/real_vs_fake/real-vs-fake/test/real/67553.jpg,real,gan,face,test
/content/intel_local/seg_train/seg_train/mountain/14203.jpg,real,intel,mountain,train
/content/gan_local/real_vs_fake/real-vs-fake/train/real/63603.jpg,real,gan,face,train
/content/gan_local/real_vs_fake/real-vs-fake/train/real/60740.jpg,real,gan,face,train
/content/gan_local/real_vs_fake/real-vs-fake/train/fake/P6GPRZG3JN.jpg,fake,gan,face,train
/content/intel_local/seg_train/seg_train/street/18937.jpg,real,intel,street,train
/content/diffusion_local/train/FAKE/3084 (2).jpg,fake,diffusion,cifar_object,train
/content/gan_local/real_vs_fake/real-vs-fake/train/fake/X0QD28X9JR.jpg,fake,gan,face,train
/content/intel_local/seg_train/seg_train/sea/19253.jpg,real,intel,sea,train
/content/gan_local/real_vs_fake/real-vs-fake/test/fake/P8C11VCIEN.jpg,fake,gan,face,test
/content/diffusion_local/train/REAL/4214 (3).jpg,real,diffusion,cifar_object,train
/content/intel_local/seg_train/seg_train/sea/1321.jpg,real,intel,sea,train
/content/general_ai_local/AiArtData/AiArtData/2023spring-ai-wildlife.1024-2.jpg,fake,general_ai,AiArtData,train
/content/gan_local/real_vs_fake/real-vs-fake/valid/fake/0NHQK9SBFI.jpg,fake,gan,face,valid
/content/gan_local/real_vs_fake/real-vs-fake/valid/fake/NL8OK54FPQ.jpg,fake,gan,face,valid
/content/gan_local/real_vs_fake/real-vs-fake/test/fake/7N72W5J7US.jpg,fake,gan,face,test
/content/general_ai_local/RealArt/RealArt/sddefault.jpg,real,general_ai,RealArt,train
/content/diffusion_local/train/REAL/4438 (5).jpg,real,diffusion,cifar_object,train
/content/diffusion_local/train/REAL/4771 (8).jpg,real,diffusion,cifar_object,train
/content/gan_local/real_vs_fake/real-vs-fake/train/real/53667.jpg,real,gan,face,train
/content/diffusion_local/train/REAL/1456.jpg,real,diffusion,cifar_object,train
/content/intel_local/seg_train/seg_train/street/15911.jpg,real,intel,street,train
/content/intel_local/seg_test/seg_test/sea/22730.jpg,real,intel,sea,test
/content/diffusion_local/train/FAKE/3316 (6).jpg,fake,diffusion,cifar_object,train
/content/intel_local/seg_train/seg_train/mountain/13522.jpg,real,intel,mountain,train
/content/diffusion_local/test/REAL/0634 (2).jpg,real,diffusion,cifar_object,test
/content/general_ai_local/AiArtData/AiArtData/banner-img2.png,fake,general_ai,AiArtData,train
/content/intel_local/seg_train/seg_train/forest/19607.jpg,real,intel,forest,train
/content/diffusion_local/train/FAKE/1273 (8).jpg,fake,diffusion,cifar_object,train
/content/diffusion_local/train/FAKE/4111 (6).jpg,fake,diffusion,cifar_object,train
/content/gan_local/real_vs_fake/real-vs-fake/train/real/22916.jpg,real,gan,face,train
/content/diffusion_local/test/FAKE/543.jpg,fake,diffusion,cifar_object,test
/content/general_ai_local/AiArtData/AiArtData/c6cd1ba0-f067-4ca6-9ea2-692684db2b58_hero-ai-portrait-enhancer.jpg,fake,general_ai,AiArtData,train
/content/intel_local/seg_train/seg_train/forest/19635.jpg,real,intel,forest,train
/content/general_ai_local/AiArtData/AiArtData/18871730-0-image-a-27_1569333047511.jpg,fake,general_ai,AiArtData,train
/content/diffusion_local/train/REAL/2649 (7).jpg,real,diffusion,cifar_object,train
/content/diffusion_local/test/REAL/0208.jpg,real,diffusion,cifar_object,test
/content/diffusion_local/test/FAKE/670 (4).jpg,fake,diffusion,cifar_object,test
/content/general_ai_local/RealArt/RealArt/images4.jpg,real,general_ai,RealArt,train
/content/diffusion_local/train/FAKE/4147 (5).jpg,fake,diffusion,cifar_object,train
/content/gan_local/real_vs_fake/real-vs-fake/train/real/26728.jpg,real,gan,face,train
/content/gan_local/real_vs_fake/real-vs-fake/train/real/19348.jpg,real,gan,face,train
/content/diffusion_local/train/FAKE/1134 (7).jpg,fake,diffusion,cifar_object,train
/content/gan_local/real_vs_fake/real-vs-fake/train/real/32113.jpg,real,gan,face,train
/content/gan_local/real_vs_fake/real-vs-fake/train/fake/9CT0213GWT.jpg,fake,gan,face,train
/content/gan_local/real_vs_fake/real-vs-fake/train/fake/7IVV7P9SMH.jpg,fake,gan,face,train
/content/diffusion_local/train/FAKE/3956 (6).jpg,fake,diffusion,cifar_object,train
/content/intel_local/seg_train/seg_train/forest/876.jpg,real,intel,forest,train
/content/diffusion_local/train/REAL/4080 (9).jpg,real,diffusion,cifar_object,train
/content/diffusion_local/train/FAKE/2483 (7).jpg,fake,diffusion,cifar_object,train
/content/intel_local/seg_train/seg_train/forest/4399.jpg,real,intel,forest,train
/content/diffusion_local/test/FAKE/833 (5).jpg,fake,diffusion,cifar_object,test
/content/intel_local/seg_train/seg_train/sea/5772.jpg,real,intel,sea,train
/content/diffusion_local/train/FAKE/2810 (4).jpg,fake,diffusion,cifar_object,train
/content/intel_local/seg_train/seg_train/street/11116.jpg,real,intel,street,train
/content/intel_local/seg_train/seg_train/mountain/13849.jpg,real,intel,mountain,train
/content/diffusion_local/train/FAKE/5110.jpg,fake,diffusion,cifar_object,train
/content/intel_local/seg_test/seg_test/buildings/21539.jpg,real,intel,buildings,test
/content/diffusion_local/train/FAKE/4570 (3).jpg,fake,diffusion,cifar_object,train
/content/gan_local/real_vs_fake/real-vs-fake/train/real/65754.jpg,real,gan,face,train
/content/diffusion_local/train/FAKE/1345.jpg,fake,diffusion,cifar_object,train
/content/diffusion_local/test/FAKE/695 (2).jpg,fake,diffusion,cifar_object,test
/content/diffusion_local/train/FAKE/2607 (6).jpg,fake,diffusion,cifar_object,train
/content/diffusion_local/train/FAKE/1352.jpg,fake,diffusion,cifar_object,train
/content/gan_local/real_vs_fake/real-vs-fake/test/fake/EBKANYO6CQ.jpg,fake,gan,face,test
/content/gan_local/real_vs_fake/real-vs-fake/train/fake/LD7W0EC155.jpg,fake,gan,face,train
/content/diffusion_local/train/REAL/0659.jpg,real,diffusion,cifar_object,train
/content/intel_local/seg_train/seg_train/street/2788.jpg,real,intel,street,train
/content/gan_local/real_vs_fake/real-vs-fake/test/real/03455.jpg,real,gan,face,test
/content/diffusion_local/train/FAKE/5526 (10).jpg,fake,diffusion,cifar_object,train
/content/diffusion_local/train/REAL/2514 (10).jpg,real,diffusion,cifar_object,train
/content/diffusion_local/train/REAL/1230 (4).jpg,real,diffusion,cifar_object,train
/content/diffusion_local/test/REAL/0730 (8).jpg,real,diffusion,cifar_object,test
/content/gan_local/real_vs_fake/real-vs-fake/test/fake/EEBB02V4H5.jpg,fake,gan,face,test
/content/general_ai_local/AiArtData/AiArtData/a823fafc36560121553573b1a7252334d9616c2f-1216x705.jpg,fake,general_ai,AiArtData,train
/content/general_ai_local/AiArtData/AiArtData/WTV_AI_Split_1000x562_Klimt.jpg,fake,general_ai,AiArtData,train
/content/diffusion_local/train/REAL/1710.jpg,real,diffusion,cifar_object,train
/content/gan_local/real_vs_fake/real-vs-fake/valid/fake/0DYDJOWNK3.jpg,fake,gan,face,valid
/content/gan_local/real_vs_fake/real-vs-fake/train/real/42752.jpg,real,gan,face,train
/content/gan_local/real_vs_fake/real-vs-fake/train/fake/25U7CGIBB2.jpg,fake,gan,face,train
/content/gan_local/real_vs_fake/real-vs-fake/train/fake/8MEFER2H2E.jpg,fake,gan,face,train
/content/diffusion_local/train/FAKE/2630 (8).jpg,fake,diffusion,cifar_object,train
/content/gan_local/real_vs_fake/real-vs-fake/valid/fake/BMWGOVMYNM.jpg,fake,gan,face,valid
/content/intel_local/seg_train/seg_train/sea/8515.jpg,real,intel,sea,train
/content/diffusion_local/train/FAKE/3379 (4).jpg,fake,diffusion,cifar_object,train
/content/diffusion_local/train/FAKE/2347 (3).jpg,fake,diffusion,cifar_object,train
/content/intel_local/seg_train/seg_train/street/31.jpg,real,intel,street,train
/content/gan_local/real_vs_fake/real-vs-fake/train/fake/Q42ZGZE9V8.jpg,fake,gan,face,train
/content/diffusion_local/test/FAKE/861 (9).jpg,fake,diffusion,cifar_object,test
/content/gan_local/real_vs_fake/real-vs-fake/train/real/67442.jpg,real,gan,face,train
/content/diffusion_local/train/FAKE/3021 (8).jpg,fake,diffusion,cifar_object,train
/content/diffusion_local/train/FAKE/4460 (5).jpg,fake,diffusion,cifar_object,train
/content/diffusion_local/train/FAKE/4183 (8).jpg,fake,diffusion,cifar_object,train
/content/diffusion_local/train/REAL/1008 (10).jpg,real,diffusion,cifar_object,train
/content/gan_local/real_vs_fake/real-vs-fake/valid/fake/Q1DKCIXWIE.jpg,fake,gan,face,valid
/content/gan_local/real_vs_fake/real-vs-fake/train/fake/CY49735BL8.jpg,fake,gan,face,train
/content/gan_local/real_vs_fake/real-vs-fake/test/fake/HBBML05IGY.jpg,fake,gan,face,test
/content/intel_local/seg_test/seg_test/forest/23276.jpg,real,intel,forest,test
/content/general_ai_local/AiArtData/AiArtData/ai-created-women-visuals-02.jpg,fake,general_ai,AiArtData,train
/content/gan_local/real_vs_fake/real-vs-fake/valid/fake/Z1JXNS58KY.jpg,fake,gan,face,valid
/content/intel_local/seg_train/seg_train/sea/17360.jpg,real,intel,sea,train
/content/intel_local/seg_test/seg_test/buildings/21461.jpg,real,intel,buildings,test
/content/diffusion_local/train/FAKE/3880 (8).jpg,fake,diffusion,cifar_object,train
/content/intel_local/seg_train/seg_train/forest/8273.jpg,real,intel,forest,train
/content/diffusion_local/test/FAKE/682 (4).jpg,fake,diffusion,cifar_object,test
/content/diffusion_local/test/REAL/0724 (2).jpg,real,diffusion,cifar_object,test
/content/diffusion_local/train/REAL/3797 (5).jpg,real,diffusion,cifar_object,train
/content/general_ai_local/AiArtData/AiArtData/185bbf9f7bf9e5d1df18aa782d7ddcd2.jpg,fake,general_ai,AiArtData,train
/content/diffusion_local/train/FAKE/3923 (3).jpg,fake,diffusion,cifar_object,train
/content/gan_local/real_vs_fake/real-vs-fake/train/real/61520.jpg,real,gan,face,train
/content/gan_local/real_vs_fake/real-vs-fake/train/fake/E4S6KQ3VOF.jpg,fake,gan,face,train
/content/gan_local/real_vs_fake/real-vs-fake/train/fake/NIHTVLNQJ5.jpg,fake,gan,face,train
/content/diffusion_local/train/FAKE/1965 (6).jpg,fake,diffusion,cifar_object,train
/content/gan_local/real_vs_fake/real-vs-fake/test/real/06664.jpg,real,gan,face,test
/content/diffusion_local/train/FAKE/3673 (6).jpg,fake,diffusion,cifar_object,train
/content/gan_local/real_vs_fake/real-vs-fake/train/fake/FE5TTE3NP6.jpg,fake,gan,face,train
/content/gan_local/real_vs_fake/real-vs-fake/train/real/63713.jpg,real,gan,face,train
/content/diffusion_local/train/FAKE/2523 (7).jpg,fake,diffusion,cifar_object,train
/content/general_ai_local/AiArtData/AiArtData/Midjourney-2.png,fake,general_ai,AiArtData,train
/content/diffusion_local/train/FAKE/1750 (2).jpg,fake,diffusion,cifar_object,train
/content/intel_local/seg_train/seg_train/sea/16700.jpg,real,intel,sea,train
/content/diffusion_local/train/FAKE/5793.jpg,fake,diffusion,cifar_object,train
/content/gan_local/real_vs_fake/real-vs-fake/train/fake/8M6X94NJNC.jpg,fake,gan,face,train
/content/gan_local/real_vs_fake/real-vs-fake/train/real/20363.jpg,real,gan,face,train
/content/diffusion_local/test/FAKE/624 (10).jpg,fake,diffusion,cifar_object,test
/content/intel_local/seg_test/seg_test/buildings/22031.jpg,real,intel,buildings,test
/content/diffusion_local/test/REAL/0834 (9).jpg,real,diffusion,cifar_object,test
/content/diffusion_local/train/FAKE/3645 (6).jpg,fake,diffusion,cifar_object,train
/content/general_ai_local/AiArtData/AiArtData/ai-faces-white.jpg,fake,general_ai,AiArtData,train
/content/gan_local/real_vs_fake/real-vs-fake/train/real/21241.jpg,real,gan,face,train
/content/diffusion_local/train/REAL/3993 (6).jpg,real,diffusion,cifar_object,train
/content/intel_local/seg_train/seg_train/buildings/14760.jpg,real,intel,buildings,train
/content/general_ai_local/AiArtData/AiArtData/baby-ping.jpg,fake,general_ai,AiArtData,train
/content/diffusion_local/train/REAL/0978 (8).jpg,real,diffusion,cifar_object,train
/content/diffusion_local/test/REAL/0864.jpg,real,diffusion,cifar_object,test
/content/intel_local/seg_test/seg_test/street/20812.jpg,real,intel,street,test
/content/diffusion_local/train/FAKE/5005 (6).jpg,fake,diffusion,cifar_object,train
/content/gan_local/real_vs_fake/real-vs-fake/valid/real/54849.jpg,real,gan,face,valid
/content/diffusion_local/train/FAKE/2505 (8).jpg,fake,diffusion,cifar_object,train
/content/gan_local/real_vs_fake/real-vs-fake/train/fake/EHHACGL2GS.jpg,fake,gan,face,train
/content/intel_local/seg_train/seg_train/sea/17275.jpg,real,intel,sea,train
/content/gan_local/real_vs_fake/real-vs-fake/test/fake/H58OAI7B5O.jpg,fake,gan,face,test
/content/gan_local/real_vs_fake/real-vs-fake/train/fake/BQJEOXWBF5.jpg,fake,gan,face,train
/content/gan_local/real_vs_fake/real-vs-fake/train/fake/ZI6UFCM1WF.jpg,fake,gan,face,train
/content/gan_local/real_vs_fake/real-vs-fake/train/real/50275.jpg,real,gan,face,train
/content/gan_local/real_vs_fake/real-vs-fake/valid/real/60521.jpg,real,gan,face,valid
/content/gan_local/real_vs_fake/real-vs-fake/train/fake/MDRPPZF8PT.jpg,fake,gan,face,train
/content/general_ai_local/AiArtData/AiArtData/a-beautiful-forest-landscape-made-by-ai-landscape-generator.jpg,fake,general_ai,AiArtData,train
/content/gan_local/real_vs_fake/real-vs-fake/train/fake/0REC2KFGWU.jpg,fake,gan,face,train
/content/gan_local/real_vs_fake/real-vs-fake/train/fake/M6ZPWS5BO7.jpg,fake,gan,face,train
/content/gan_local/real_vs_fake/real-vs-fake/train/real/35256.jpg,real,gan,face,train
/content/diffusion_local/train/REAL/4587 (2).jpg,real,diffusion,cifar_object,train
/content/intel_local/seg_train/seg_train/street/11088.jpg,real,intel,street,train
/content/gan_local/real_vs_fake/real-vs-fake/test/fake/9LHYK0UPAH.jpg,fake,gan,face,test
/content/diffusion_local/train/FAKE/2399 (2).jpg,fake,diffusion,cifar_object,train
/content/diffusion_local/train/FAKE/2446 (7).jpg,fake,diffusion,cifar_object,train
/content/diffusion_local/train/FAKE/1581 (10).jpg,fake,diffusion,cifar_object,train
/content/general_ai_local/AiArtData/AiArtData/mmart-fai-102a-art-scale-5-00x.jpg,fake,general_ai,AiArtData,train
/content/intel_local/seg_train/seg_train/forest/19009.jpg,real,intel,forest,train
/content/diffusion_local/test/FAKE/878 (7).jpg,fake,diffusion,cifar_object,test
/content/intel_local/seg_test/seg_test/buildings/22423.jpg,real,intel,buildings,test
/content/general_ai_local/AiArtData/AiArtData/tr_20240201-the-complete-generative-ai-art-design-mastery-bundle.jpg,fake,general_ai,AiArtData,train
/content/diffusion_local/train/REAL/1078.jpg,real,diffusion,cifar_object,train
/content/diffusion_local/train/REAL/4489 (5).jpg,real,diffusion,cifar_object,train
/content/diffusion_local/train/FAKE/4787.jpg,fake,diffusion,cifar_object,train
/content/diffusion_local/train/REAL/1801 (8).jpg,real,diffusion,cifar_object,train
/content/diffusion_local/train/FAKE/5972 (2).jpg,fake,diffusion,cifar_object,train
/content/diffusion_local/train/REAL/0531.jpg,real,diffusion,cifar_object,train
/content/diffusion_local/train/FAKE/2895 (7).jpg,fake,diffusion,cifar_object,train
/content/intel_local/seg_train/seg_train/buildings/15714.jpg,real,intel,buildings,train
/content/diffusion_local/train/FAKE/3788 (2).jpg,fake,diffusion,cifar_object,train
/content/gan_local/real_vs_fake/real-vs-fake/train/fake/FKZ008PU8Z.jpg,fake,gan,face,train
/content/intel_local/seg_train/seg_train/street/16192.jpg,real,intel,street,train
/content/general_ai_local/AiArtData/AiArtData/MicrosoftTeams-image551ad57e01403f080a9df51975ac40b6efba82553c323a742b42b1c71c1e45f1.jpg,fake,general_ai,AiArtData,train
/content/gan_local/real_vs_fake/real-vs-fake/train/real/60596.jpg,real,gan,face,train
/content/gan_local/real_vs_fake/real-vs-fake/train/fake/NUEVZ9T66Y.jpg,fake,gan,face,train
/content/intel_local/seg_train/seg_train/buildings/1943.jpg,real,intel,buildings,train
/content/intel_local/seg_train/seg_train/street/384.jpg,real,intel,street,train
/content/diffusion_local/test/REAL/0421 (10).jpg,real,diffusion,cifar_object,test
/content/diffusion_local/test/REAL/0668 (5).jpg,real,diffusion,cifar_object,test
/content/gan_local/real_vs_fake/real-vs-fake/train/real/04365.jpg,real,gan,face,train
/content/gan_local/real_vs_fake/real-vs-fake/train/fake/H3QN6DQJMC.jpg,fake,gan,face,train
/content/diffusion_local/train/REAL/3096 (5).jpg,real,diffusion,cifar_object,train
/content/gan_local/real_vs_fake/real-vs-fake/train/fake/NLUCIWAZAQ.jpg,fake,gan,face,train
/content/intel_local/seg_train/seg_train/mountain/18287.jpg,real,intel,mountain,train
/content/diffusion_local/train/FAKE/4544.jpg,fake,diffusion,cifar_object,train
/content/gan_local/real_vs_fake/real-vs-fake/train/fake/TEISDVTU01.jpg,fake,gan,face,train
/content/gan_local/real_vs_fake/real-vs-fake/valid/fake/N2TCQPKHE4.jpg,fake,gan,face,valid
/content/intel_local/seg_train/seg_train/forest/10123.jpg,real,intel,forest,train
/content/gan_local/real_vs_fake/real-vs-fake/train/real/58398.jpg,real,gan,face,train
/content/intel_local/seg_test/seg_test/forest/20568.jpg,real,intel,forest,test
/content/gan_local/real_vs_fake/real-vs-fake/train/fake/E02GNCMMQS.jpg,fake,gan,face,train
/content/intel_local/seg_train/seg_train/forest/7793.jpg,real,intel,forest,train
/content/gan_local/real_vs_fake/real-vs-fake/train/fake/K48TLDCTP9.jpg,fake,gan,face,train
/content/diffusion_local/train/FAKE/5166 (10).jpg,fake,diffusion,cifar_object,train
/content/gan_local/real_vs_fake/real-vs-fake/train/real/24457.jpg,real,gan,face,train
/content/diffusion_local/train/FAKE/4566 (7).jpg,fake,diffusion,cifar_object,train
/content/diffusion_local/train/FAKE/5060 (4).jpg,fake,diffusion,cifar_object,train
/content/intel_local/seg_train/seg_train/mountain/2218.jpg,real,intel,mountain,train
/content/gan_local/real_vs_fake/real-vs-fake/test/fake/2K080C5A6F.jpg,fake,gan,face,test
/content/intel_local/seg_train/seg_train/glacier/4967.jpg,real,intel,glacier,train
/content/diffusion_local/train/REAL/2669.jpg,real,diffusion,cifar_object,train
/content/gan_local/real_vs_fake/real-vs-fake/train/real/13892.jpg,real,gan,face,train
/content/diffusion_local/train/FAKE/5201 (10).jpg,fake,diffusion,cifar_object,train
/content/diffusion_local/train/REAL/4069 (3).jpg,real,diffusion,cifar_object,train
/content/diffusion_local/train/REAL/0604 (3).jpg,real,diffusion,cifar_object,train
/content/diffusion_local/train/FAKE/2678 (9).jpg,fake,diffusion,cifar_object,train
/content/intel_local/seg_train/seg_train/glacier/5978.jpg,real,intel,glacier,train
/content/gan_local/real_vs_fake/real-vs-fake/train/fake/182YEPG8PG.jpg,fake,gan,face,train
/content/diffusion_local/train/FAKE/1094 (8).jpg,fake,diffusion,cifar_object,train
/content/diffusion_local/test/FAKE/266 (8).jpg,fake,diffusion,cifar_object,test
/content/gan_local/real_vs_fake/real-vs-fake/valid/fake/N0398NJWGZ.jpg,fake,gan,face,valid
/content/diffusion_local/test/FAKE/80 (9).jpg,fake,diffusion,cifar_object,test
/content/gan_local/real_vs_fake/real-vs-fake/valid/fake/0PBEZJJSDC.jpg,fake,gan,face,valid
/content/diffusion_local/train/FAKE/4162 (5).jpg,fake,diffusion,cifar_object,train
/content/general_ai_local/AiArtData/AiArtData/AI-historical-faces-body-image-1.jpg,fake,general_ai,AiArtData,train
/content/gan_local/real_vs_fake/real-vs-fake/train/real/02914.jpg,real,gan,face,train
/content/diffusion_local/train/FAKE/2799.jpg,fake,diffusion,cifar_object,train
/content/general_ai_local/AiArtData/AiArtData/ai-generated-photos-aurel-manea-1.jpg,fake,general_ai,AiArtData,train
/content/gan_local/real_vs_fake/real-vs-fake/train/fake/Z6PPB3IAV7.jpg,fake,gan,face,train
/content/diffusion_local/train/FAKE/3979 (7).jpg,fake,diffusion,cifar_object,train
/content/general_ai_local/AiArtData/AiArtData/221206-lensa-selfies-ai-celebrities-cs-548f22.jpg,fake,general_ai,AiArtData,train
/content/diffusion_local/train/FAKE/2785 (6).jpg,fake,diffusion,cifar_object,train
/content/diffusion_local/train/FAKE/5538 (3).jpg,fake,diffusion,cifar_object,train
/content/intel_local/seg_train/seg_train/buildings/1220.jpg,real,intel,buildings,train
/content/diffusion_local/train/FAKE/2732.jpg,fake,diffusion,cifar_object,train
/content/diffusion_local/train/FAKE/2333 (9).jpg,fake,diffusion,cifar_object,train
/content/intel_local/seg_train/seg_train/street/11381.jpg,real,intel,street,train
/content/intel_local/seg_train/seg_train/buildings/19245.jpg,real,intel,buildings,train
/content/gan_local/real_vs_fake/real-vs-fake/train/fake/KT3A5C2K0N.jpg,fake,gan,face,train
/content/intel_local/seg_train/seg_train/buildings/3611.jpg,real,intel,buildings,train
/content/diffusion_local/train/REAL/0466 (5).jpg,real,diffusion,cifar_object,train
/content/diffusion_local/train/REAL/0670 (5).jpg,real,diffusion,cifar_object,train
/content/gan_local/real_vs_fake/real-vs-fake/train/real/53963.jpg,real,gan,face,train
/content/diffusion_local/train/REAL/4026 (2).jpg,real,diffusion,cifar_object,train
/content/general_ai_local/AiArtData/AiArtData/SC-AI-Woman-Off-Plat2-copy-1.jpg,fake,general_ai,AiArtData,train
/content/gan_local/real_vs_fake/real-vs-fake/train/fake/8RPVRQTDZ6.jpg,fake,gan,face,train
/content/diffusion_local/train/REAL/1446 (6).jpg,real,diffusion,cifar_object,train
/content/intel_local/seg_train/seg_train/mountain/15226.jpg,real,intel,mountain,train
/content/diffusion_local/train/FAKE/3871 (9).jpg,fake,diffusion,cifar_object,train
/content/diffusion_local/train/REAL/4483 (2).jpg,real,diffusion,cifar_object,train
/content/diffusion_local/train/FAKE/5012.jpg,fake,diffusion,cifar_object,train
/content/gan_local/real_vs_fake/real-vs-fake/train/fake/9YA70SY2JC.jpg,fake,gan,face,train
/content/gan_local/real_vs_fake/real-vs-fake/train/real/06142.jpg,real,gan,face,train
/content/gan_local/real_vs_fake/real-vs-fake/train/fake/QGIUZ258OI.jpg,fake,gan,face,train
/content/gan_local/real_vs_fake/real-vs-fake/train/real/15461.jpg,real,gan,face,train
/content/gan_local/real_vs_fake/real-vs-fake/train/fake/RB8HUUB0Y4.jpg,fake,gan,face,train
/content/gan_local/real_vs_fake/real-vs-fake/train/real/51719.jpg,real,gan,face,train
/content/gan_local/real_vs_fake/real-vs-fake/train/real/51755.jpg,real,gan,face,train
/content/intel_local/seg_test/seg_test/mountain/23436.jpg,real,intel,mountain,test
/content/gan_local/real_vs_fake/real-vs-fake/train/fake/9Z6AM2YOYA.jpg,fake,gan,face,train
/content/gan_local/real_vs_fake/real-vs-fake/train/fake/1K7W0YZLM8.jpg,fake,gan,face,train
/content/gan_local/real_vs_fake/real-vs-fake/train/fake/HXNK5X55VK.jpg,fake,gan,face,train
/content/intel_local/seg_train/seg_train/forest/7507.jpg,real,intel,forest,train
/content/intel_local/seg_train/seg_train/glacier/7941.jpg,real,intel,glacier,train
/content/general_ai_local/RealArt/RealArt/Russell-NormalPeople-3.jpg,real,general_ai,RealArt,train
/content/diffusion_local/test/FAKE/891 (6).jpg,fake,diffusion,cifar_object,test
/content/gan_local/real_vs_fake/real-vs-fake/train/real/29815.jpg,real,gan,face,train
/content/gan_local/real_vs_fake/real-vs-fake/train/fake/LW7DHX3ER1.jpg,fake,gan,face,train
/content/gan_local/real_vs_fake/real-vs-fake/train/real/10276.jpg,real,gan,face,train
/content/diffusion_local/test/FAKE/861 (6).jpg,fake,diffusion,cifar_object,test
/content/diffusion_local/test/REAL/0088 (6).jpg,real,diffusion,cifar_object,test
/content/diffusion_local/train/FAKE/5863 (10).jpg,fake,diffusion,cifar_object,train
/content/intel_local/seg_train/seg_train/buildings/7258.jpg,real,intel,buildings,train
/content/gan_local/real_vs_fake/real-vs-fake/train/fake/VQ77NKM0V2.jpg,fake,gan,face,train
/content/gan_local/real_vs_fake/real-vs-fake/train/fake/FR6ABHKUTQ.jpg,fake,gan,face,train
/content/gan_local/real_vs_fake/real-vs-fake/train/fake/4QSSZXML9M.jpg,fake,gan,face,train
/content/diffusion_local/train/FAKE/1314 (3).jpg,fake,diffusion,cifar_object,train
/content/diffusion_local/train/FAKE/2890 (4).jpg,fake,diffusion,cifar_object,train
/content/gan_local/real_vs_fake/real-vs-fake/train/fake/XH74BTD62E.jpg,fake,gan,face,train
/content/diffusion_local/train/REAL/0845 (6).jpg,real,diffusion,cifar_object,train
/content/gan_local/real_vs_fake/real-vs-fake/train/fake/JX6CNDVIY4.jpg,fake,gan,face,train
/content/general_ai_local/RealArt/RealArt/mammoth.jpg,real,general_ai,RealArt,train
/content/gan_local/real_vs_fake/real-vs-fake/test/real/13754.jpg,real,gan,face,test
/content/gan_local/real_vs_fake/real-vs-fake/train/real/27896.jpg,real,gan,face,train
/content/diffusion_local/train/FAKE/3539 (5).jpg,fake,diffusion,cifar_object,train
/content/gan_local/real_vs_fake/real-vs-fake/train/fake/1NRLUJ8ZWM.jpg,fake,gan,face,train
/content/gan_local/real_vs_fake/real-vs-fake/train/fake/N86AET042Y.jpg,fake,gan,face,train
/content/gan_local/real_vs_fake/real-vs-fake/train/fake/U83W6FNNXS.jpg,fake,gan,face,train
/content/gan_local/real_vs_fake/real-vs-fake/train/fake/0OAIECO7N8.jpg,fake,gan,face,train
/content/intel_local/seg_test/seg_test/street/22597.jpg,real,intel,street,test
/content/intel_local/seg_test/seg_test/mountain/21036.jpg,real,intel,mountain,test
/content/intel_local/seg_train/seg_train/street/1803.jpg,real,intel,street,train
/content/intel_local/seg_train/seg_train/sea/17475.jpg,real,intel,sea,train
/content/gan_local/real_vs_fake/real-vs-fake/test/real/61331.jpg,real,gan,face,test
/content/gan_local/real_vs_fake/real-vs-fake/train/fake/TI5QVJB5EQ.jpg,fake,gan,face,train
/content/gan_local/real_vs_fake/real-vs-fake/test/fake/83OCMKR9OG.jpg,fake,gan,face,test
/content/intel_local/seg_train/seg_train/street/17078.jpg,real,intel,street,train
/content/diffusion_local/train/FAKE/1913.jpg,fake,diffusion,cifar_object,train
/content/diffusion_local/test/FAKE/704 (6).jpg,fake,diffusion,cifar_object,test
/content/general_ai_local/AiArtData/AiArtData/Midjourney-v62.png,fake,general_ai,AiArtData,train
/content/gan_local/real_vs_fake/real-vs-fake/train/fake/OHLJ1V2JUI.jpg,fake,gan,face,train
/content/gan_local/real_vs_fake/real-vs-fake/train/real/50428.jpg,real,gan,face,train
/content/gan_local/real_vs_fake/real-vs-fake/train/real/21606.jpg,real,gan,face,train
/content/intel_local/seg_train/seg_train/buildings/17825.jpg,real,intel,buildings,train
/content/diffusion_local/train/REAL/3658 (5).jpg,real,diffusion,cifar_object,train
/content/intel_local/seg_train/seg_train/forest/1145.jpg,real,intel,forest,train
/content/intel_local/seg_train/seg_train/glacier/13734.jpg,real,intel,glacier,train
/content/intel_local/seg_train/seg_train/glacier/13354.jpg,real,intel,glacier,train
/content/intel_local/seg_train/seg_train/mountain/19794.jpg,real,intel,mountain,train
/content/gan_local/real_vs_fake/real-vs-fake/valid/fake/HJMDAUEHXT.jpg,fake,gan,face,valid
/content/gan_local/real_vs_fake/real-vs-fake/valid/fake/WTCUF1F5SU.jpg,fake,gan,face,valid
/content/gan_local/real_vs_fake/real-vs-fake/train/fake/EVBMVQYE3A.jpg,fake,gan,face,train
/content/intel_local/seg_train/seg_train/glacier/711.jpg,real,intel,glacier,train
/content/diffusion_local/train/FAKE/3340.jpg,fake,diffusion,cifar_object,train
/content/gan_local/real_vs_fake/real-vs-fake/test/real/41128.jpg,real,gan,face,test
/content/intel_local/seg_test/seg_test/mountain/23291.jpg,real,intel,mountain,test
/content/gan_local/real_vs_fake/real-vs-fake/train/fake/LC3XRVQYW9.jpg,fake,gan,face,train
/content/diffusion_local/test/FAKE/283 (5).jpg,fake,diffusion,cifar_object,test
/content/gan_local/real_vs_fake/real-vs-fake/train/fake/AT5V4LZ6AB.jpg,fake,gan,face,train
/content/diffusion_local/test/FAKE/825 (7).jpg,fake,diffusion,cifar_object,test
/content/gan_local/real_vs_fake/real-vs-fake/valid/fake/2PJGVLDZB7.jpg,fake,gan,face,valid
/content/diffusion_local/train/FAKE/5035 (6).jpg,fake,diffusion,cifar_object,train
/content/gan_local/real_vs_fake/real-vs-fake/valid/real/28476.jpg,real,gan,face,valid
/content/gan_local/real_vs_fake/real-vs-fake/valid/fake/Z5NU0Z1Q9H.jpg,fake,gan,face,valid
/content/diffusion_local/train/FAKE/3452 (10).jpg,fake,diffusion,cifar_object,train
/content/intel_local/seg_train/seg_train/buildings/12827.jpg,real,intel,buildings,train
/content/gan_local/real_vs_fake/real-vs-fake/test/real/37237.jpg,real,gan,face,test
/content/gan_local/real_vs_fake/real-vs-fake/test/fake/3MU61MU6X0.jpg,fake,gan,face,test
/content/intel_local/seg_train/seg_train/sea/9613.jpg,real,intel,sea,train
/content/gan_local/real_vs_fake/real-vs-fake/train/fake/4VII233SNY.jpg,fake,gan,face,train
/content/diffusion_local/train/REAL/0350 (4).jpg,real,diffusion,cifar_object,train
/content/gan_local/real_vs_fake/real-vs-fake/valid/real/16580.jpg,real,gan,face,valid
/content/gan_local/real_vs_fake/real-vs-fake/test/fake/TTRMF27HEW.jpg,fake,gan,face,test
/content/general_ai_local/RealArt/RealArt/172711.jpg,real,general_ai,RealArt,train
/content/diffusion_local/train/REAL/4519 (9).jpg,real,diffusion,cifar_object,train
/content/diffusion_local/test/REAL/0030 (10).jpg,real,diffusion,cifar_object,test
/content/gan_local/real_vs_fake/real-vs-fake/train/fake/X0L5JX7BHN.jpg,fake,gan,face,train
/content/general_ai_local/RealArt/RealArt/famous-paintings.png,real,general_ai,RealArt,train
/content/diffusion_local/test/REAL/0686 (3).jpg,real,diffusion,cifar_object,test
/content/gan_local/real_vs_fake/real-vs-fake/train/real/58907.jpg,real,gan,face,train
/content/intel_local/seg_test/seg_test/forest/23949.jpg,real,intel,forest,test
/content/intel_local/seg_test/seg_test/street/21423.jpg,real,intel,street,test
/content/intel_local/seg_train/seg_train/forest/11806.jpg,real,intel,forest,train
/content/diffusion_local/train/REAL/2095 (5).jpg,real,diffusion,cifar_object,train
/content/diffusion_local/train/FAKE/5257 (6).jpg,fake,diffusion,cifar_object,train
/content/diffusion_local/train/FAKE/5444 (5).jpg,fake,diffusion,cifar_object,train
/content/intel_local/seg_test/seg_test/buildings/20549.jpg,real,intel,buildings,test
/content/intel_local/seg_train/seg_train/sea/2548.jpg,real,intel,sea,train
/content/gan_local/real_vs_fake/real-vs-fake/train/fake/D1W75TB2A0.jpg,fake,gan,face,train
/content/intel_local/seg_train/seg_train/glacier/6743.jpg,real,intel,glacier,train
/content/intel_local/seg_test/seg_test/glacier/22379.jpg,real,intel,glacier,test
/content/gan_local/real_vs_fake/real-vs-fake/valid/fake/QFFJTZ3R1E.jpg,fake,gan,face,valid
/content/intel_local/seg_train/seg_train/street/6158.jpg,real,intel,street,train
/content/gan_local/real_vs_fake/real-vs-fake/train/fake/7LCWL4AH0Z.jpg,fake,gan,face,train
/content/diffusion_local/train/REAL/3287 (7).jpg,real,diffusion,cifar_object,train
/content/diffusion_local/train/FAKE/4550 (9).jpg,fake,diffusion,cifar_object,train
/content/diffusion_local/train/FAKE/3662.jpg,fake,diffusion,cifar_object,train
/content/diffusion_local/train/REAL/1926 (4).jpg,real,diffusion,cifar_object,train
/content/diffusion_local/train/FAKE/2359 (8).jpg,fake,diffusion,cifar_object,train
/content/diffusion_local/test/FAKE/192 (6).jpg,fake,diffusion,cifar_object,test
/content/intel_local/seg_train/seg_train/buildings/9002.jpg,real,intel,buildings,train
/content/general_ai_local/AiArtData/AiArtData/1If0feu29zDCd9QIWw-vG9Q.png,fake,general_ai,AiArtData,train
/content/gan_local/real_vs_fake/real-vs-fake/test/real/66011.jpg,real,gan,face,test
/content/gan_local/real_vs_fake/real-vs-fake/test/fake/693LTAVCEY.jpg,fake,gan,face,test
/content/intel_local/seg_train/seg_train/glacier/9991.jpg,real,intel,glacier,train
/content/gan_local/real_vs_fake/real-vs-fake/train/fake/W8MNIBCC62.jpg,fake,gan,face,train
/content/gan_local/real_vs_fake/real-vs-fake/train/fake/ADTJZ39V6I.jpg,fake,gan,face,train
/content/gan_local/real_vs_fake/real-vs-fake/valid/real/61215.jpg,real,gan,face,valid
/content/gan_local/real_vs_fake/real-vs-fake/train/fake/CGAVRHZBHD.jpg,fake,gan,face,train
/content/diffusion_local/train/FAKE/5761 (6).jpg,fake,diffusion,cifar_object,train
/content/gan_local/real_vs_fake/real-vs-fake/train/fake/VI92PWDDMA.jpg,fake,gan,face,train
/content/diffusion_local/train/FAKE/3367 (7).jpg,fake,diffusion,cifar_object,train
/content/general_ai_local/AiArtData/AiArtData/ai-images-news.jpg,fake,general_ai,AiArtData,train
/content/diffusion_local/train/FAKE/4298 (8).jpg,fake,diffusion,cifar_object,train
/content/gan_local/real_vs_fake/real-vs-fake/train/fake/TJ1YN4D650.jpg,fake,gan,face,train
/content/intel_local/seg_train/seg_train/buildings/16577.jpg,real,intel,buildings,train
/content/diffusion_local/train/REAL/2692 (5).jpg,real,diffusion,cifar_object,train
/content/general_ai_local/AiArtData/AiArtData/create-text-prompts-for-you-to-create-ai-generated-arts.png,fake,general_ai,AiArtData,train
/content/gan_local/real_vs_fake/real-vs-fake/train/fake/2NLDT06TLB.jpg,fake,gan,face,train
/content/diffusion_local/train/FAKE/4311 (3).jpg,fake,diffusion,cifar_object,train
/content/gan_local/real_vs_fake/real-vs-fake/valid/fake/34ABO2SRRL.jpg,fake,gan,face,valid
/content/gan_local/real_vs_fake/real-vs-fake/train/real/30303.jpg,real,gan,face,train
/content/intel_local/seg_train/seg_train/forest/2085.jpg,real,intel,forest,train
/content/gan_local/real_vs_fake/real-vs-fake/test/fake/ONGAS7CG8W.jpg,fake,gan,face,test
/content/diffusion_local/train/REAL/0670 (3).jpg,real,diffusion,cifar_object,train
/content/diffusion_local/train/REAL/2734.jpg,real,diffusion,cifar_object,train
/content/diffusion_local/train/FAKE/2818 (4).jpg,fake,diffusion,cifar_object,train
/content/intel_local/seg_train/seg_train/mountain/3090.jpg,real,intel,mountain,train
/content/gan_local/real_vs_fake/real-vs-fake/valid/fake/P8OJWQAZYZ.jpg,fake,gan,face,valid
/content/diffusion_local/train/REAL/0011 (6).jpg,real,diffusion,cifar_object,train
/content/diffusion_local/train/REAL/1555 (4).jpg,real,diffusion,cifar_object,train
/content/diffusion_local/train/REAL/0818 (8).jpg,real,diffusion,cifar_object,train
/content/intel_local/seg_train/seg_train/sea/17819.jpg,real,intel,sea,train
/content/gan_local/real_vs_fake/real-vs-fake/train/real/03910.jpg,real,gan,face,train
/content/gan_local/real_vs_fake/real-vs-fake/train/fake/UVK9ANIE9C.jpg,fake,gan,face,train
/content/gan_local/real_vs_fake/real-vs-fake/train/real/58739.jpg,real,gan,face,train
/content/intel_local/seg_test/seg_test/buildings/21614.jpg,real,intel,buildings,test
/content/diffusion_local/train/REAL/4905 (2).jpg,real,diffusion,cifar_object,train
/content/intel_local/seg_test/seg_test/mountain/22436.jpg,real,intel,mountain,test
/content/gan_local/real_vs_fake/real-vs-fake/train/fake/ELCJJS5UUH.jpg,fake,gan,face,train
/content/diffusion_local/train/REAL/0514 (6).jpg,real,diffusion,cifar_object,train
/content/gan_local/real_vs_fake/real-vs-fake/test/fake/NO09U7CMWH.jpg,fake,gan,face,test
/content/gan_local/real_vs_fake/real-vs-fake/train/fake/13SOYWJ4FR.jpg,fake,gan,face,train
/content/gan_local/real_vs_fake/real-vs-fake/train/real/56817.jpg,real,gan,face,train
/content/gan_local/real_vs_fake/real-vs-fake/test/fake/JSQ590UT97.jpg,fake,gan,face,test
/content/intel_local/seg_train/seg_train/mountain/5084.jpg,real,intel,mountain,train
/content/intel_local/seg_test/seg_test/glacier/20210.jpg,real,intel,glacier,test
/content/intel_local/seg_train/seg_train/buildings/19164.jpg,real,intel,buildings,train
/content/general_ai_local/AiArtData/AiArtData/luke-wells-midjourney-generated-image.jpg,fake,general_ai,AiArtData,train
/content/gan_local/real_vs_fake/real-vs-fake/train/real/64763.jpg,real,gan,face,train
/content/intel_local/seg_train/seg_train/buildings/15523.jpg,real,intel,buildings,train
/content/diffusion_local/train/FAKE/2581 (4).jpg,fake,diffusion,cifar_object,train
/content/diffusion_local/train/FAKE/1980 (9).jpg,fake,diffusion,cifar_object,train
/content/diffusion_local/test/FAKE/658 (7).jpg,fake,diffusion,cifar_object,test
/content/diffusion_local/train/FAKE/2353 (6).jpg,fake,diffusion,cifar_object,train
/content/intel_local/seg_test/seg_test/mountain/20174.jpg,real,intel,mountain,test
/content/intel_local/seg_train/seg_train/forest/1063.jpg,real,intel,forest,train
/content/diffusion_local/train/REAL/4615 (10).jpg,real,diffusion,cifar_object,train
/content/intel_local/seg_train/seg_train/forest/18184.jpg,real,intel,forest,train
/content/intel_local/seg_test/seg_test/mountain/20522.jpg,real,intel,mountain,test
/content/gan_local/real_vs_fake/real-vs-fake/valid/fake/8FLYNZ77EZ.jpg,fake,gan,face,valid
/content/gan_local/real_vs_fake/real-vs-fake/train/fake/LKEE3XV6I8.jpg,fake,gan,face,train
/content/diffusion_local/train/REAL/1636 (2).jpg,real,diffusion,cifar_object,train
/content/diffusion_local/test/REAL/0640 (6).jpg,real,diffusion,cifar_object,test
/content/general_ai_local/RealArt/RealArt/female-face-eye-level-portrait.jpg,real,general_ai,RealArt,train
/content/intel_local/seg_train/seg_train/street/17724.jpg,real,intel,street,train
/content/diffusion_local/train/FAKE/3904 (10).jpg,fake,diffusion,cifar_object,train
/content/general_ai_local/AiArtData/AiArtData/ai-generated-animal-crossbreeds-06.jpg,fake,general_ai,AiArtData,train
/content/diffusion_local/train/FAKE/1188 (6).jpg,fake,diffusion,cifar_object,train
/content/diffusion_local/train/REAL/4906 (3).jpg,real,diffusion,cifar_object,train
/content/diffusion_local/train/FAKE/5629 (7).jpg,fake,diffusion,cifar_object,train
/content/diffusion_local/test/FAKE/489 (9).jpg,fake,diffusion,cifar_object,test
/content/diffusion_local/train/FAKE/4928 (10).jpg,fake,diffusion,cifar_object,train
/content/gan_local/real_vs_fake/real-vs-fake/train/fake/WUD6429XMO.jpg,fake,gan,face,train
/content/gan_local/real_vs_fake/real-vs-fake/train/real/53047.jpg,real,gan,face,train
/content/gan_local/real_vs_fake/real-vs-fake/train/fake/OJ90FC8M2X.jpg,fake,gan,face,train
/content/intel_local/seg_train/seg_train/mountain/32.jpg,real,intel,mountain,train
/content/gan_local/real_vs_fake/real-vs-fake/train/fake/JT4HUXYNIA.jpg,fake,gan,face,train
/content/diffusion_local/train/REAL/0510 (10).jpg,real,diffusion,cifar_object,train
/content/gan_local/real_vs_fake/real-vs-fake/valid/fake/CMYI4OLEEB.jpg,fake,gan,face,valid
/content/gan_local/real_vs_fake/real-vs-fake/valid/fake/GC87N3A3IO.jpg,fake,gan,face,valid
/content/diffusion_local/test/FAKE/193 (6).jpg,fake,diffusion,cifar_object,test
/content/diffusion_local/train/FAKE/4283 (7).jpg,fake,diffusion,cifar_object,train
/content/diffusion_local/train/FAKE/1447 (5).jpg,fake,diffusion,cifar_object,train
/content/general_ai_local/AiArtData/AiArtData/top_5_midjourney_artists_2_1.jpg,fake,general_ai,AiArtData,train
/content/intel_local/seg_test/seg_test/street/22495.jpg,real,intel,street,test
/content/gan_local/real_vs_fake/real-vs-fake/valid/fake/PV7YXKYEI4.jpg,fake,gan,face,valid
/content/diffusion_local/train/REAL/1329 (7).jpg,real,diffusion,cifar_object,train
/content/gan_local/real_vs_fake/real-vs-fake/train/fake/JGE6PE7U7M.jpg,fake,gan,face,train
/content/gan_local/real_vs_fake/real-vs-fake/train/real/57123.jpg,real,gan,face,train
/content/intel_local/seg_test/seg_test/mountain/24252.jpg,real,intel,mountain,test
/content/diffusion_local/train/FAKE/1653 (10).jpg,fake,diffusion,cifar_object,train
/content/gan_local/real_vs_fake/real-vs-fake/test/fake/21VCWR5RFK.jpg,fake,gan,face,test
/content/intel_local/seg_test/seg_test/forest/20229.jpg,real,intel,forest,test
/content/diffusion_local/train/REAL/3395 (3).jpg,real,diffusion,cifar_object,train
/content/intel_local/seg_train/seg_train/forest/19072.jpg,real,intel,forest,train
/content/diffusion_local/test/REAL/0907 (2).jpg,real,diffusion,cifar_object,test
/content/gan_local/real_vs_fake/real-vs-fake/test/fake/NF7JGPABP7.jpg,fake,gan,face,test
/content/diffusion_local/train/FAKE/3626 (4).jpg,fake,diffusion,cifar_object,train
/content/intel_local/seg_train/seg_train/forest/17946.jpg,real,intel,forest,train
/content/intel_local/seg_train/seg_train/mountain/2706.jpg,real,intel,mountain,train
/content/diffusion_local/train/REAL/0640 (9).jpg,real,diffusion,cifar_object,train
/content/gan_local/real_vs_fake/real-vs-fake/train/fake/199TI2VVI0.jpg,fake,gan,face,train
/content/intel_local/seg_train/seg_train/mountain/8161.jpg,real,intel,mountain,train
/content/intel_local/seg_train/seg_train/sea/19853.jpg,real,intel,sea,train
/content/diffusion_local/train/FAKE/2888 (6).jpg,fake,diffusion,cifar_object,train
/content/general_ai_local/RealArt/RealArt/image-20160818-12312-4dyz0u.jpg,real,general_ai,RealArt,train
/content/gan_local/real_vs_fake/real-vs-fake/train/real/09343.jpg,real,gan,face,train
/content/gan_local/real_vs_fake/real-vs-fake/valid/real/68938.jpg,real,gan,face,valid
/content/gan_local/real_vs_fake/real-vs-fake/train/real/54711.jpg,real,gan,face,train
/content/diffusion_local/train/FAKE/2062 (9).jpg,fake,diffusion,cifar_object,train
/content/diffusion_local/train/FAKE/5956 (2).jpg,fake,diffusion,cifar_object,train
/content/diffusion_local/train/REAL/2532 (2).jpg,real,diffusion,cifar_object,train
/content/intel_local/seg_train/seg_train/glacier/1865.jpg,real,intel,glacier,train
/content/gan_local/real_vs_fake/real-vs-fake/train/fake/MDAKZPE4KD.jpg,fake,gan,face,train
/content/general_ai_local/AiArtData/AiArtData/Midjourney-L-2068f65.jpg,fake,general_ai,AiArtData,train
/content/gan_local/real_vs_fake/real-vs-fake/valid/fake/GT95COUBG0.jpg,fake,gan,face,valid
/content/gan_local/real_vs_fake/real-vs-fake/train/fake/7WM4GNDQMV.jpg,fake,gan,face,train
/content/gan_local/real_vs_fake/real-vs-fake/train/fake/M39ON2LK4J.jpg,fake,gan,face,train
/content/diffusion_local/train/FAKE/3510 (5).jpg,fake,diffusion,cifar_object,train
/content/gan_local/real_vs_fake/real-vs-fake/train/real/05209.jpg,real,gan,face,train
/content/diffusion_local/train/FAKE/4609 (10).jpg,fake,diffusion,cifar_object,train
/content/general_ai_local/AiArtData/AiArtData/merkel-rev.jpg,fake,general_ai,AiArtData,train
/content/diffusion_local/train/FAKE/3279 (6).jpg,fake,diffusion,cifar_object,train
/content/intel_local/seg_train/seg_train/glacier/14507.jpg,real,intel,glacier,train
/content/intel_local/seg_train/seg_train/street/2523.jpg,real,intel,street,train
/content/diffusion_local/test/FAKE/672 (10).jpg,fake,diffusion,cifar_object,test
/content/diffusion_local/train/FAKE/1673 (4).jpg,fake,diffusion,cifar_object,train
/content/intel_local/seg_train/seg_train/buildings/2643.jpg,real,intel,buildings,train
/content/intel_local/seg_train/seg_train/street/11113.jpg,real,intel,street,train
/content/diffusion_local/train/FAKE/5267.jpg,fake,diffusion,cifar_object,train
/content/diffusion_local/test/FAKE/682 (5).jpg,fake,diffusion,cifar_object,test
/content/gan_local/real_vs_fake/real-vs-fake/train/fake/3T7NTIM9CE.jpg,fake,gan,face,train
/content/general_ai_local/AiArtData/AiArtData/ape_photography_Photograph_Photorealist_d64c461c-1d9d-44c5-8e09-5c35a0c37ae0.jpg,fake,general_ai,AiArtData,train
/content/gan_local/real_vs_fake/real-vs-fake/train/real/10138.jpg,real,gan,face,train
/content/gan_local/real_vs_fake/real-vs-fake/train/real/63762.jpg,real,gan,face,train
/content/diffusion_local/test/FAKE/458 (5).jpg,fake,diffusion,cifar_object,test
/content/diffusion_local/test/FAKE/39 (5).jpg,fake,diffusion,cifar_object,test
/content/intel_local/seg_train/seg_train/glacier/16509.jpg,real,intel,glacier,train
/content/gan_local/real_vs_fake/real-vs-fake/train/real/22321.jpg,real,gan,face,train
/content/gan_local/real_vs_fake/real-vs-fake/test/real/53868.jpg,real,gan,face,test
/content/diffusion_local/train/FAKE/3118 (6).jpg,fake,diffusion,cifar_object,train
/content/diffusion_local/test/FAKE/585 (5).jpg,fake,diffusion,cifar_object,test
/content/diffusion_local/test/FAKE/159.jpg,fake,diffusion,cifar_object,test
/content/diffusion_local/train/FAKE/2503 (10).jpg,fake,diffusion,cifar_object,train
/content/diffusion_local/train/FAKE/5457 (2).jpg,fake,diffusion,cifar_object,train
/content/intel_local/seg_train/seg_train/sea/8062.jpg,real,intel,sea,train
/content/intel_local/seg_train/seg_train/buildings/10695.jpg,real,intel,buildings,train
/content/diffusion_local/train/FAKE/1238 (4).jpg,fake,diffusion,cifar_object,train
/content/intel_local/seg_train/seg_train/street/16489.jpg,real,intel,street,train
/content/intel_local/seg_train/seg_train/street/14103.jpg,real,intel,street,train
/content/diffusion_local/train/REAL/4923 (6).jpg,real,diffusion,cifar_object,train
/content/gan_local/real_vs_fake/real-vs-fake/valid/fake/9ZZWQIJA2Y.jpg,fake,gan,face,valid
/content/diffusion_local/test/FAKE/331 (4).jpg,fake,diffusion,cifar_object,test
/content/gan_local/real_vs_fake/real-vs-fake/train/real/42142.jpg,real,gan,face,train
/content/diffusion_local/train/FAKE/4289.jpg,fake,diffusion,cifar_object,train
/content/intel_local/seg_test/seg_test/sea/23298.jpg,real,intel,sea,test
/content/diffusion_local/train/REAL/2969 (10).jpg,real,diffusion,cifar_object,train
/content/diffusion_local/train/FAKE/3015 (3).jpg,fake,diffusion,cifar_object,train
/content/diffusion_local/train/FAKE/3531 (8).jpg,fake,diffusion,cifar_object,train
/content/gan_local/real_vs_fake/real-vs-fake/test/real/41737.jpg,real,gan,face,test
/content/diffusion_local/train/REAL/0724 (10).jpg,real,diffusion,cifar_object,train
/content/gan_local/real_vs_fake/real-vs-fake/train/fake/SGO1L879CN.jpg,fake,gan,face,train
/content/intel_local/seg_test/seg_test/mountain/20577.jpg,real,intel,mountain,test
/content/diffusion_local/test/REAL/0998 (4).jpg,real,diffusion,cifar_object,test
/content/intel_local/seg_train/seg_train/forest/9970.jpg,real,intel,forest,train
/content/gan_local/real_vs_fake/real-vs-fake/train/real/67817.jpg,real,gan,face,train
/content/diffusion_local/train/REAL/2215 (9).jpg,real,diffusion,cifar_object,train
/content/diffusion_local/train/FAKE/2459 (10).jpg,fake,diffusion,cifar_object,train
/content/intel_local/seg_train/seg_train/glacier/4548.jpg,real,intel,glacier,train
/content/diffusion_local/train/FAKE/4324 (7).jpg,fake,diffusion,cifar_object,train
/content/intel_local/seg_train/seg_train/buildings/968.jpg,real,intel,buildings,train
/content/diffusion_local/train/FAKE/2688 (9).jpg,fake,diffusion,cifar_object,train
/content/gan_local/real_vs_fake/real-vs-fake/train/fake/E24XTVDSBX.jpg,fake,gan,face,train
/content/general_ai_local/AiArtData/AiArtData/ai-generated-7845357_640.jpg,fake,general_ai,AiArtData,train
/content/intel_local/seg_train/seg_train/sea/17087.jpg,real,intel,sea,train
/content/diffusion_local/train/FAKE/3467 (8).jpg,fake,diffusion,cifar_object,train
/content/diffusion_local/test/FAKE/270 (6).jpg,fake,diffusion,cifar_object,test
/content/intel_local/seg_test/seg_test/forest/20620.jpg,real,intel,forest,test
/content/diffusion_local/train/REAL/3734 (2).jpg,real,diffusion,cifar_object,train
/content/gan_local/real_vs_fake/real-vs-fake/train/fake/E25YH4SJJR.jpg,fake,gan,face,train
/content/intel_local/seg_train/seg_train/street/250.jpg,real,intel,street,train
/content/diffusion_local/test/FAKE/721 (7).jpg,fake,diffusion,cifar_object,test
/content/intel_local/seg_train/seg_train/forest/16648.jpg,real,intel,forest,train
/content/diffusion_local/train/REAL/3797 (8).jpg,real,diffusion,cifar_object,train
/content/diffusion_local/train/REAL/2983 (5).jpg,real,diffusion,cifar_object,train
/content/diffusion_local/train/REAL/2011 (7).jpg,real,diffusion,cifar_object,train
/content/intel_local/seg_train/seg_train/street/17139.jpg,real,intel,street,train
/content/diffusion_local/train/FAKE/5761 (3).jpg,fake,diffusion,cifar_object,train
/content/gan_local/real_vs_fake/real-vs-fake/valid/fake/N9Q6YB9D4K.jpg,fake,gan,face,valid
/content/gan_local/real_vs_fake/real-vs-fake/train/fake/1Z0K69E8LS.jpg,fake,gan,face,train
/content/intel_local/seg_train/seg_train/sea/834.jpg,real,intel,sea,train
/content/intel_local/seg_train/seg_train/glacier/3713.jpg,real,intel,glacier,train
/content/diffusion_local/test/REAL/0501.jpg,real,diffusion,cifar_object,test
/content/diffusion_local/train/FAKE/5462 (8).jpg,fake,diffusion,cifar_object,train
/content/intel_local/seg_test/seg_test/buildings/21203.jpg,real,intel,buildings,test
/content/diffusion_local/train/FAKE/2153 (6).jpg,fake,diffusion,cifar_object,train
/content/diffusion_local/train/REAL/2329 (2).jpg,real,diffusion,cifar_object,train
/content/gan_local/real_vs_fake/real-vs-fake/valid/fake/8B4QI2P4KI.jpg,fake,gan,face,valid
/content/intel_local/seg_train/seg_train/forest/13733.jpg,real,intel,forest,train
/content/intel_local/seg_train/seg_train/street/14915.jpg,real,intel,street,train
/content/intel_local/seg_train/seg_train/mountain/2569.jpg,real,intel,mountain,train
/content/intel_local/seg_train/seg_train/mountain/1237.jpg,real,intel,mountain,train
/content/diffusion_local/train/REAL/0214 (8).jpg,real,diffusion,cifar_object,train
/content/gan_local/real_vs_fake/real-vs-fake/train/fake/CCLRL0I3JO.jpg,fake,gan,face,train
/content/general_ai_local/RealArt/RealArt/Deer.jpg,real,general_ai,RealArt,train
/content/gan_local/real_vs_fake/real-vs-fake/valid/fake/Y37AB8RUDP.jpg,fake,gan,face,valid
/content/gan_local/real_vs_fake/real-vs-fake/train/fake/SWSS1QHRER.jpg,fake,gan,face,train
/content/gan_local/real_vs_fake/real-vs-fake/valid/real/50105.jpg,real,gan,face,valid
/content/intel_local/seg_train/seg_train/street/12310.jpg,real,intel,street,train
/content/general_ai_local/AiArtData/AiArtData/teaser_400.jpg,fake,general_ai,AiArtData,train
/content/diffusion_local/train/FAKE/1003 (2).jpg,fake,diffusion,cifar_object,train
/content/intel_local/seg_test/seg_test/sea/20946.jpg,real,intel,sea,test
/content/diffusion_local/test/FAKE/519 (8).jpg,fake,diffusion,cifar_object,test
/content/intel_local/seg_train/seg_train/street/17765.jpg,real,intel,street,train
/content/diffusion_local/train/FAKE/2599 (5).jpg,fake,diffusion,cifar_object,train
/content/intel_local/seg_train/seg_train/street/11416.jpg,real,intel,street,train
/content/diffusion_local/train/FAKE/1521 (7).jpg,fake,diffusion,cifar_object,train
/content/intel_local/seg_test/seg_test/sea/20392.jpg,real,intel,sea,test
/content/diffusion_local/train/FAKE/2180 (7).jpg,fake,diffusion,cifar_object,train
/content/gan_local/real_vs_fake/real-vs-fake/train/real/27341.jpg,real,gan,face,train
/content/general_ai_local/AiArtData/AiArtData/images71.jpg,fake,general_ai,AiArtData,train
/content/gan_local/real_vs_fake/real-vs-fake/train/real/26028.jpg,real,gan,face,train
/content/intel_local/seg_train/seg_train/sea/9253.jpg,real,intel,sea,train
/content/intel_local/seg_test/seg_test/mountain/22512.jpg,real,intel,mountain,test
/content/gan_local/real_vs_fake/real-vs-fake/train/real/52953.jpg,real,gan,face,train
/content/diffusion_local/train/FAKE/5741 (8).jpg,fake,diffusion,cifar_object,train
/content/intel_local/seg_train/seg_train/forest/12272.jpg,real,intel,forest,train
/content/diffusion_local/test/FAKE/12 (10).jpg,fake,diffusion,cifar_object,test
/content/diffusion_local/train/FAKE/5721 (4).jpg,fake,diffusion,cifar_object,train
/content/diffusion_local/train/FAKE/2780 (8).jpg,fake,diffusion,cifar_object,train
/content/gan_local/real_vs_fake/real-vs-fake/train/fake/E0Q7ZILGW3.jpg,fake,gan,face,train
/content/gan_local/real_vs_fake/real-vs-fake/train/real/25020.jpg,real,gan,face,train
/content/gan_local/real_vs_fake/real-vs-fake/valid/fake/G036RJC3KI.jpg,fake,gan,face,valid
/content/diffusion_local/train/REAL/1590 (2).jpg,real,diffusion,cifar_object,train
/content/diffusion_local/train/FAKE/5474 (4).jpg,fake,diffusion,cifar_object,train
/content/diffusion_local/train/REAL/0442 (2).jpg,real,diffusion,cifar_object,train
/content/gan_local/real_vs_fake/real-vs-fake/train/fake/HG1VEPRRGP.jpg,fake,gan,face,train
/content/diffusion_local/train/REAL/2434 (3).jpg,real,diffusion,cifar_object,train
/content/gan_local/real_vs_fake/real-vs-fake/train/real/07408.jpg,real,gan,face,train
/content/gan_local/real_vs_fake/real-vs-fake/train/real/45591.jpg,real,gan,face,train
/content/general_ai_local/AiArtData/AiArtData/1344278.jpg,fake,general_ai,AiArtData,train
/content/diffusion_local/train/FAKE/1232 (3).jpg,fake,diffusion,cifar_object,train
/content/diffusion_local/train/FAKE/1045 (9).jpg,fake,diffusion,cifar_object,train
/content/intel_local/seg_train/seg_train/buildings/7227.jpg,real,intel,buildings,train
/content/diffusion_local/train/FAKE/2861 (6).jpg,fake,diffusion,cifar_object,train
/content/gan_local/real_vs_fake/real-vs-fake/valid/fake/E1QVCPYLVF.jpg,fake,gan,face,valid
/content/diffusion_local/test/FAKE/776 (9).jpg,fake,diffusion,cifar_object,test
/content/intel_local/seg_train/seg_train/sea/12442.jpg,real,intel,sea,train
/content/diffusion_local/test/REAL/0853 (9).jpg,real,diffusion,cifar_object,test
/content/intel_local/seg_train/seg_train/forest/7665.jpg,real,intel,forest,train
/content/diffusion_local/train/FAKE/3204 (9).jpg,fake,diffusion,cifar_object,train
/content/diffusion_local/train/FAKE/5665.jpg,fake,diffusion,cifar_object,train
/content/diffusion_local/test/FAKE/684 (7).jpg,fake,diffusion,cifar_object,test
/content/general_ai_local/AiArtData/AiArtData/lensa-ai-portrait-2.jpg,fake,general_ai,AiArtData,train
/content/gan_local/real_vs_fake/real-vs-fake/train/fake/YKNFHCN2O0.jpg,fake,gan,face,train
/content/intel_local/seg_train/seg_train/buildings/15242.jpg,real,intel,buildings,train
/content/diffusion_local/train/REAL/0253 (6).jpg,real,diffusion,cifar_object,train
/content/intel_local/seg_test/seg_test/street/20332.jpg,real,intel,street,test
/content/gan_local/real_vs_fake/real-vs-fake/train/fake/E2BF4TMCL5.jpg,fake,gan,face,train
/content/gan_local/real_vs_fake/real-vs-fake/test/real/47240.jpg,real,gan,face,test
/content/gan_local/real_vs_fake/real-vs-fake/train/fake/2H9IAWPMGC.jpg,fake,gan,face,train
/content/intel_local/seg_train/seg_train/buildings/2319.jpg,real,intel,buildings,train
/content/diffusion_local/train/FAKE/2042 (9).jpg,fake,diffusion,cifar_object,train
/content/diffusion_local/train/FAKE/3096 (8).jpg,fake,diffusion,cifar_object,train
/content/gan_local/real_vs_fake/real-vs-fake/valid/real/34584.jpg,real,gan,face,valid
/content/gan_local/real_vs_fake/real-vs-fake/test/fake/KFWHXIYL09.jpg,fake,gan,face,test
/content/intel_local/seg_train/seg_train/mountain/8749.jpg,real,intel,mountain,train
/content/gan_local/real_vs_fake/real-vs-fake/train/fake/TJ5TMSV9O5.jpg,fake,gan,face,train
/content/diffusion_local/train/FAKE/3831 (3).jpg,fake,diffusion,cifar_object,train
/content/diffusion_local/train/FAKE/5812 (10).jpg,fake,diffusion,cifar_object,train
/content/intel_local/seg_train/seg_train/buildings/12462.jpg,real,intel,buildings,train
/content/intel_local/seg_train/seg_train/forest/15422.jpg,real,intel,forest,train
/content/diffusion_local/train/FAKE/1957 (10).jpg,fake,diffusion,cifar_object,train
/content/diffusion_local/train/REAL/1360 (8).jpg,real,diffusion,cifar_object,train
/content/general_ai_local/AiArtData/AiArtData/yWX4ioYtJH4ZaFoAgh4J38-1200-80.jpg,fake,general_ai,AiArtData,train
/content/gan_local/real_vs_fake/real-vs-fake/valid/fake/NJS0EZUE4N.jpg,fake,gan,face,valid
/content/diffusion_local/train/REAL/0203 (6).jpg,real,diffusion,cifar_object,train
/content/intel_local/seg_train/seg_train/buildings/10520.jpg,real,intel,buildings,train
/content/diffusion_local/train/FAKE/3861 (7).jpg,fake,diffusion,cifar_object,train
/content/intel_local/seg_train/seg_train/sea/12656.jpg,real,intel,sea,train
/content/gan_local/real_vs_fake/real-vs-fake/valid/fake/AA7IWBUJ6T.jpg,fake,gan,face,valid
/content/gan_local/real_vs_fake/real-vs-fake/train/fake/U2FG2N5UGV.jpg,fake,gan,face,train
/content/general_ai_local/RealArt/RealArt/1200x0.jpg,real,general_ai,RealArt,train
/content/gan_local/real_vs_fake/real-vs-fake/train/fake/XLWVTENMXV.jpg,fake,gan,face,train
/content/diffusion_local/train/FAKE/1918 (7).jpg,fake,diffusion,cifar_object,train
/content/intel_local/seg_train/seg_train/buildings/6795.jpg,real,intel,buildings,train
/content/intel_local/seg_train/seg_train/forest/18263.jpg,real,intel,forest,train
/content/intel_local/seg_train/seg_train/buildings/15596.jpg,real,intel,buildings,train
/content/gan_local/real_vs_fake/real-vs-fake/train/real/25067.jpg,real,gan,face,train
/content/intel_local/seg_train/seg_train/glacier/15996.jpg,real,intel,glacier,train
/content/diffusion_local/train/FAKE/4804 (8).jpg,fake,diffusion,cifar_object,train
/content/diffusion_local/train/FAKE/2833 (8).jpg,fake,diffusion,cifar_object,train
/content/gan_local/real_vs_fake/real-vs-fake/train/fake/9PLWP7KLY4.jpg,fake,gan,face,train
/content/gan_local/real_vs_fake/real-vs-fake/test/real/50144.jpg,real,gan,face,test
/content/intel_local/seg_train/seg_train/forest/13334.jpg,real,intel,forest,train
/content/diffusion_local/train/FAKE/1079 (6).jpg,fake,diffusion,cifar_object,train
/content/general_ai_local/AiArtData/AiArtData/top_5_midjourney_artists_1.jpg,fake,general_ai,AiArtData,train
/content/diffusion_local/test/FAKE/89 (7).jpg,fake,diffusion,cifar_object,test
/content/intel_local/seg_train/seg_train/mountain/12164.jpg,real,intel,mountain,train
/content/gan_local/real_vs_fake/real-vs-fake/train/fake/M0PKLVN73C.jpg,fake,gan,face,train
/content/intel_local/seg_train/seg_train/forest/9456.jpg,real,intel,forest,train
/content/gan_local/real_vs_fake/real-vs-fake/valid/real/15852.jpg,real,gan,face,valid
/content/general_ai_local/AiArtData/AiArtData/amazonaws.com2Fpublic2Fimages2Fc5e787c1-70fc-4178-9f18-497c6ec85f79_832x832.jpeg,fake,general_ai,AiArtData,train
/content/diffusion_local/train/FAKE/3078 (6).jpg,fake,diffusion,cifar_object,train
/content/gan_local/real_vs_fake/real-vs-fake/train/fake/YTM5NKCVMS.jpg,fake,gan,face,train
/content/diffusion_local/train/FAKE/1686 (8).jpg,fake,diffusion,cifar_object,train
/content/diffusion_local/train/FAKE/1372 (8).jpg,fake,diffusion,cifar_object,train
/content/general_ai_local/AiArtData/AiArtData/maxresdefault.jpg,fake,general_ai,AiArtData,train
/content/gan_local/real_vs_fake/real-vs-fake/train/real/04062.jpg,real,gan,face,train
/content/intel_local/seg_train/seg_train/forest/1518.jpg,real,intel,forest,train
/content/intel_local/seg_train/seg_train/forest/3624.jpg,real,intel,forest,train
/content/gan_local/real_vs_fake/real-vs-fake/train/real/04708.jpg,real,gan,face,train
/content/diffusion_local/train/FAKE/2591 (5).jpg,fake,diffusion,cifar_object,train
/content/intel_local/seg_train/seg_train/mountain/19238.jpg,real,intel,mountain,train
/content/intel_local/seg_train/seg_train/forest/13826.jpg,real,intel,forest,train
/content/diffusion_local/train/FAKE/2724 (10).jpg,fake,diffusion,cifar_object,train
/content/intel_local/seg_train/seg_train/buildings/17581.jpg,real,intel,buildings,train
/content/general_ai_local/AiArtData/AiArtData/MIT-3Q-GenerativeAI-01-press.jpg,fake,general_ai,AiArtData,train
/content/general_ai_local/RealArt/RealArt/Women-clothing-Kenya-East-Africa.jpg,real,general_ai,RealArt,train
/content/general_ai_local/RealArt/RealArt/white-tailed-deer---fawn_jpg.jpg,real,general_ai,RealArt,train
/content/diffusion_local/train/FAKE/3633 (4).jpg,fake,diffusion,cifar_object,train
/content/gan_local/real_vs_fake/real-vs-fake/train/real/65597.jpg,real,gan,face,train
/content/gan_local/real_vs_fake/real-vs-fake/train/fake/DZIB8NOT7N.jpg,fake,gan,face,train
/content/gan_local/real_vs_fake/real-vs-fake/train/real/66331.jpg,real,gan,face,train
/content/intel_local/seg_train/seg_train/forest/5404.jpg,real,intel,forest,train
/content/intel_local/seg_train/seg_train/buildings/19375.jpg,real,intel,buildings,train
/content/intel_local/seg_train/seg_train/sea/6237.jpg,real,intel,sea,train
/content/gan_local/real_vs_fake/real-vs-fake/train/fake/7U4LPZOUW1.jpg,fake,gan,face,train
/content/intel_local/seg_train/seg_train/street/5893.jpg,real,intel,street,train
/content/gan_local/real_vs_fake/real-vs-fake/valid/real/34877.jpg,real,gan,face,valid
/content/gan_local/real_vs_fake/real-vs-fake/train/fake/RC45YGAIJI.jpg,fake,gan,face,train
/content/intel_local/seg_train/seg_train/mountain/14154.jpg,real,intel,mountain,train
/content/diffusion_local/train/FAKE/3522 (5).jpg,fake,diffusion,cifar_object,train
/content/general_ai_local/AiArtData/AiArtData/mazonaws.com2Fpublic2Fimages2F322b8da8-dc7a-44de-b28f-c8019d88e9f7_1024x1024.png,fake,general_ai,AiArtData,train
/content/diffusion_local/train/FAKE/1164 (6).jpg,fake,diffusion,cifar_object,train
/content/gan_local/real_vs_fake/real-vs-fake/train/fake/KNAM6CZQOH.jpg,fake,gan,face,train
/content/diffusion_local/train/FAKE/1763 (5).jpg,fake,diffusion,cifar_object,train
/content/diffusion_local/train/FAKE/2346 (5).jpg,fake,diffusion,cifar_object,train
/content/general_ai_local/AiArtData/AiArtData/Israeli-artist1.jpeg,fake,general_ai,AiArtData,train
/content/general_ai_local/AiArtData/AiArtData/How-to-Earn-Money-through-AI-Generated-Artwork-A-Simplified-Guide.jpg,fake,general_ai,AiArtData,train
/content/intel_local/seg_train/seg_train/buildings/19976.jpg,real,intel,buildings,train
/content/diffusion_local/train/FAKE/2755 (10).jpg,fake,diffusion,cifar_object,train
/content/diffusion_local/train/FAKE/1007 (2).jpg,fake,diffusion,cifar_object,train
/content/gan_local/real_vs_fake/real-vs-fake/train/fake/171SNVG4HV.jpg,fake,gan,face,train
/content/general_ai_local/RealArt/RealArt/cute-baby-animals-at-australia-zoo.thumb.800.480.png,real,general_ai,RealArt,train
/content/diffusion_local/train/REAL/0230 (4).jpg,real,diffusion,cifar_object,train
/content/diffusion_local/train/REAL/0286 (4).jpg,real,diffusion,cifar_object,train
/content/gan_local/real_vs_fake/real-vs-fake/train/fake/M0VTE53U00.jpg,fake,gan,face,train
/content/gan_local/real_vs_fake/real-vs-fake/train/fake/WXJ56XYMMR.jpg,fake,gan,face,train
/content/intel_local/seg_train/seg_train/buildings/18720.jpg,real,intel,buildings,train
/content/intel_local/seg_test/seg_test/street/24172.jpg,real,intel,street,test
/content/diffusion_local/train/REAL/1452 (3).jpg,real,diffusion,cifar_object,train
/content/gan_local/real_vs_fake/real-vs-fake/train/fake/M9IKLTUB1X.jpg,fake,gan,face,train
/content/general_ai_local/AiArtData/AiArtData/midjourney_aiart_gleb_alexandrov_21-1024x731.jpg,fake,general_ai,AiArtData,train
/content/diffusion_local/train/FAKE/1475 (5).jpg,fake,diffusion,cifar_object,train
/content/intel_local/seg_test/seg_test/buildings/24160.jpg,real,intel,buildings,test
/content/gan_local/real_vs_fake/real-vs-fake/train/fake/1A7GN7XB6W.jpg,fake,gan,face,train
/content/gan_local/real_vs_fake/real-vs-fake/test/fake/D0ERVNRSL3.jpg,fake,gan,face,test
/content/gan_local/real_vs_fake/real-vs-fake/train/fake/LPB5BISZDD.jpg,fake,gan,face,train
/content/intel_local/seg_train/seg_train/forest/4582.jpg,real,intel,forest,train
/content/gan_local/real_vs_fake/real-vs-fake/train/fake/7LBKDMMOYB.jpg,fake,gan,face,train
/content/diffusion_local/train/FAKE/3097 (9).jpg,fake,diffusion,cifar_object,train
/content/gan_local/real_vs_fake/real-vs-fake/test/fake/Z8BHTSQRPP.jpg,fake,gan,face,test
/content/general_ai_local/AiArtData/AiArtData/Lensa20AI20portraits202.jpg,fake,general_ai,AiArtData,train
/content/gan_local/real_vs_fake/real-vs-fake/train/fake/H1HHJSH7UD.jpg,fake,gan,face,train
/content/diffusion_local/train/REAL/1244 (3).jpg,real,diffusion,cifar_object,train
/content/diffusion_local/train/REAL/0403 (8).jpg,real,diffusion,cifar_object,train
/content/gan_local/real_vs_fake/real-vs-fake/train/real/12113.jpg,real,gan,face,train
/content/diffusion_local/train/FAKE/2992 (3).jpg,fake,diffusion,cifar_object,train
/content/intel_local/seg_train/seg_train/buildings/16362.jpg,real,intel,buildings,train
/content/intel_local/seg_train/seg_train/buildings/2114.jpg,real,intel,buildings,train
/content/diffusion_local/test/FAKE/89 (10).jpg,fake,diffusion,cifar_object,test
/content/gan_local/real_vs_fake/real-vs-fake/train/real/22303.jpg,real,gan,face,train
/content/diffusion_local/test/FAKE/846 (8).jpg,fake,diffusion,cifar_object,test
/content/gan_local/real_vs_fake/real-vs-fake/train/fake/X88W8YGSW4.jpg,fake,gan,face,train
/content/gan_local/real_vs_fake/real-vs-fake/valid/fake/Q9FZZU479X.jpg,fake,gan,face,valid
/content/diffusion_local/train/FAKE/4406 (7).jpg,fake,diffusion,cifar_object,train
/content/intel_local/seg_train/seg_train/glacier/6118.jpg,real,intel,glacier,train
/content/diffusion_local/train/REAL/4002 (8).jpg,real,diffusion,cifar_object,train
/content/gan_local/real_vs_fake/real-vs-fake/test/fake/2O8OHWHY8I.jpg,fake,gan,face,test
/content/gan_local/real_vs_fake/real-vs-fake/train/fake/3CLDCY75DW.jpg,fake,gan,face,train
/content/intel_local/seg_train/seg_train/mountain/12522.jpg,real,intel,mountain,train
/content/gan_local/real_vs_fake/real-vs-fake/test/real/03316.jpg,real,gan,face,test
/content/gan_local/real_vs_fake/real-vs-fake/train/fake/1XS8A64DE4.jpg,fake,gan,face,train
/content/diffusion_local/train/FAKE/2449 (2).jpg,fake,diffusion,cifar_object,train
/content/gan_local/real_vs_fake/real-vs-fake/train/real/04521.jpg,real,gan,face,train
/content/intel_local/seg_train/seg_train/glacier/7633.jpg,real,intel,glacier,train
/content/gan_local/real_vs_fake/real-vs-fake/valid/fake/1BGF12F3D3.jpg,fake,gan,face,valid
/content/diffusion_local/train/FAKE/4223 (8).jpg,fake,diffusion,cifar_object,train
/content/diffusion_local/train/FAKE/3227 (6).jpg,fake,diffusion,cifar_object,train
/content/diffusion_local/test/FAKE/106 (9).jpg,fake,diffusion,cifar_object,test
/content/gan_local/real_vs_fake/real-vs-fake/train/fake/HQJ4A1C5V9.jpg,fake,gan,face,train
/content/gan_local/real_vs_fake/real-vs-fake/test/fake/CYADGM2G83.jpg,fake,gan,face,test
/content/diffusion_local/train/FAKE/3011 (4).jpg,fake,diffusion,cifar_object,train
/content/gan_local/real_vs_fake/real-vs-fake/train/real/56731.jpg,real,gan,face,train
/content/diffusion_local/train/FAKE/5913 (9).jpg,fake,diffusion,cifar_object,train
/content/diffusion_local/train/FAKE/5471 (4).jpg,fake,diffusion,cifar_object,train
/content/gan_local/real_vs_fake/real-vs-fake/test/real/14028.jpg,real,gan,face,test
/content/diffusion_local/train/REAL/1859 (4).jpg,real,diffusion,cifar_object,train
/content/gan_local/real_vs_fake/real-vs-fake/test/fake/XBG8SFYAA4.jpg,fake,gan,face,test
/content/diffusion_local/train/FAKE/5113 (5).jpg,fake,diffusion,cifar_object,train
/content/intel_local/seg_train/seg_train/glacier/2223.jpg,real,intel,glacier,train
/content/diffusion_local/train/FAKE/3160 (7).jpg,fake,diffusion,cifar_object,train
/content/diffusion_local/test/FAKE/873.jpg,fake,diffusion,cifar_object,test
/content/gan_local/real_vs_fake/real-vs-fake/test/fake/1JDDD7GF54.jpg,fake,gan,face,test
/content/gan_local/real_vs_fake/real-vs-fake/train/fake/ZM0LX7HCPF.jpg,fake,gan,face,train
/content/general_ai_local/AiArtData/AiArtData/52285b755ff9e3869fac20294bfe1fc1.jpg,fake,general_ai,AiArtData,train
/content/gan_local/real_vs_fake/real-vs-fake/train/real/31950.jpg,real,gan,face,train
/content/diffusion_local/train/FAKE/3618 (10).jpg,fake,diffusion,cifar_object,train
/content/gan_local/real_vs_fake/real-vs-fake/test/real/54459.jpg,real,gan,face,test
/content/diffusion_local/train/FAKE/4405 (6).jpg,fake,diffusion,cifar_object,train
/content/gan_local/real_vs_fake/real-vs-fake/train/fake/76E9RFLQCZ.jpg,fake,gan,face,train
/content/gan_local/real_vs_fake/real-vs-fake/train/real/27590.jpg,real,gan,face,train
/content/intel_local/seg_train/seg_train/sea/9335.jpg,real,intel,sea,train
/content/gan_local/real_vs_fake/real-vs-fake/train/fake/QO0ZAR293G.jpg,fake,gan,face,train
/content/general_ai_local/RealArt/RealArt/The_Emotional_Life_of_Animals_And_What_It_Means_for_Us.png,real,general_ai,RealArt,train
/content/general_ai_local/AiArtData/AiArtData/dreamstime_m_130821195-1.jpg,fake,general_ai,AiArtData,train
/content/gan_local/real_vs_fake/real-vs-fake/test/fake/YCKQWVZAAT.jpg,fake,gan,face,test
/content/diffusion_local/train/FAKE/2478 (7).jpg,fake,diffusion,cifar_object,train
/content/diffusion_local/test/FAKE/218 (3).jpg,fake,diffusion,cifar_object,test
/content/diffusion_local/test/FAKE/441 (7).jpg,fake,diffusion,cifar_object,test
/content/diffusion_local/train/FAKE/4824 (5).jpg,fake,diffusion,cifar_object,train
/content/intel_local/seg_train/seg_train/forest/17494.jpg,real,intel,forest,train
/content/diffusion_local/train/REAL/0721 (5).jpg,real,diffusion,cifar_object,train
/content/general_ai_local/AiArtData/AiArtData/feature-image-Midjourney-subscription.png,fake,general_ai,AiArtData,train
/content/gan_local/real_vs_fake/real-vs-fake/train/real/18663.jpg,real,gan,face,train
/content/diffusion_local/train/FAKE/4041 (6).jpg,fake,diffusion,cifar_object,train
/content/gan_local/real_vs_fake/real-vs-fake/train/fake/BD1ECKSU2B.jpg,fake,gan,face,train
/content/intel_local/seg_train/seg_train/buildings/13689.jpg,real,intel,buildings,train
/content/gan_local/real_vs_fake/real-vs-fake/train/real/09754.jpg,real,gan,face,train
/content/diffusion_local/train/FAKE/4069 (2).jpg,fake,diffusion,cifar_object,train
/content/intel_local/seg_train/seg_train/sea/14054.jpg,real,intel,sea,train
/content/gan_local/real_vs_fake/real-vs-fake/test/real/07534.jpg,real,gan,face,test
/content/diffusion_local/train/REAL/3972 (8).jpg,real,diffusion,cifar_object,train
/content/intel_local/seg_train/seg_train/glacier/2614.jpg,real,intel,glacier,train
/content/diffusion_local/train/FAKE/2891 (4).jpg,fake,diffusion,cifar_object,train
/content/gan_local/real_vs_fake/real-vs-fake/train/real/29270.jpg,real,gan,face,train
/content/diffusion_local/train/REAL/0396 (6).jpg,real,diffusion,cifar_object,train
/content/diffusion_local/train/REAL/4374 (6).jpg,real,diffusion,cifar_object,train
/content/intel_local/seg_train/seg_train/mountain/5698.jpg,real,intel,mountain,train
/content/diffusion_local/train/REAL/0077 (9).jpg,real,diffusion,cifar_object,train
/content/gan_local/real_vs_fake/real-vs-fake/train/real/52411.jpg,real,gan,face,train
/content/intel_local/seg_train/seg_train/mountain/16244.jpg,real,intel,mountain,train
/content/gan_local/real_vs_fake/real-vs-fake/train/real/68915.jpg,real,gan,face,train
/content/gan_local/real_vs_fake/real-vs-fake/train/real/45701.jpg,real,gan,face,train
/content/diffusion_local/train/REAL/4322 (8).jpg,real,diffusion,cifar_object,train
/content/diffusion_local/test/REAL/0937 (5).jpg,real,diffusion,cifar_object,test
/content/intel_local/seg_train/seg_train/street/13954.jpg,real,intel,street,train
/content/diffusion_local/train/FAKE/2684 (3).jpg,fake,diffusion,cifar_object,train
/content/general_ai_local/AiArtData/AiArtData/wild-animals-tiny-version-ai-featured.jpg,fake,general_ai,AiArtData,train
/content/diffusion_local/train/REAL/3238 (8).jpg,real,diffusion,cifar_object,train
/content/diffusion_local/train/REAL/3540 (3).jpg,real,diffusion,cifar_object,train
/content/general_ai_local/AiArtData/AiArtData/Ej6jaxYtzcL24kFW7kmKYC.jpg,fake,general_ai,AiArtData,train
/content/gan_local/real_vs_fake/real-vs-fake/train/fake/TVU1HO6YSH.jpg,fake,gan,face,train
/content/intel_local/seg_train/seg_train/street/16504.jpg,real,intel,street,train
/content/diffusion_local/train/REAL/4064.jpg,real,diffusion,cifar_object,train
/content/diffusion_local/test/FAKE/975 (3).jpg,fake,diffusion,cifar_object,test
/content/gan_local/real_vs_fake/real-vs-fake/train/fake/QM7CJLIS0D.jpg,fake,gan,face,train
/content/intel_local/seg_train/seg_train/street/8591.jpg,real,intel,street,train
/content/intel_local/seg_train/seg_train/sea/17757.jpg,real,intel,sea,train
/content/intel_local/seg_train/seg_train/mountain/10081.jpg,real,intel,mountain,train
/content/diffusion_local/test/FAKE/347 (4).jpg,fake,diffusion,cifar_object,test
/content/diffusion_local/train/FAKE/2750 (7).jpg,fake,diffusion,cifar_object,train
/content/diffusion_local/train/FAKE/1866 (3).jpg,fake,diffusion,cifar_object,train
/content/diffusion_local/train/REAL/3340 (7).jpg,real,diffusion,cifar_object,train
/content/intel_local/seg_train/seg_train/street/510.jpg,real,intel,street,train
/content/gan_local/real_vs_fake/real-vs-fake/train/fake/G1GVCRQSOL.jpg,fake,gan,face,train
/content/diffusion_local/train/FAKE/1853 (8).jpg,fake,diffusion,cifar_object,train
/content/intel_local/seg_train/seg_train/buildings/6773.jpg,real,intel,buildings,train
/content/gan_local/real_vs_fake/real-vs-fake/train/fake/EMO9ML70Z4.jpg,fake,gan,face,train
/content/diffusion_local/test/FAKE/133 (5).jpg,fake,diffusion,cifar_object,test
/content/diffusion_local/train/FAKE/3713 (8).jpg,fake,diffusion,cifar_object,train
/content/general_ai_local/AiArtData/AiArtData/elijah-clean28129-1.png,fake,general_ai,AiArtData,train
/content/diffusion_local/train/REAL/3052 (3).jpg,real,diffusion,cifar_object,train
/content/diffusion_local/train/FAKE/2839 (2).jpg,fake,diffusion,cifar_object,train
/content/gan_local/real_vs_fake/real-vs-fake/test/fake/GLXV76E6A9.jpg,fake,gan,face,test
/content/gan_local/real_vs_fake/real-vs-fake/train/fake/CC0G4GD3HH.jpg,fake,gan,face,train
/content/gan_local/real_vs_fake/real-vs-fake/train/real/08833.jpg,real,gan,face,train
/content/gan_local/real_vs_fake/real-vs-fake/train/real/26996.jpg,real,gan,face,train
/content/intel_local/seg_train/seg_train/sea/4555.jpg,real,intel,sea,train
/content/diffusion_local/train/FAKE/4576 (7).jpg,fake,diffusion,cifar_object,train
/content/intel_local/seg_train/seg_train/street/9271.jpg,real,intel,street,train
/content/gan_local/real_vs_fake/real-vs-fake/train/fake/Q1CNRUBBH0.jpg,fake,gan,face,train
/content/diffusion_local/train/FAKE/1584 (2).jpg,fake,diffusion,cifar_object,train
/content/diffusion_local/train/REAL/1482 (3).jpg,real,diffusion,cifar_object,train
/content/intel_local/seg_test/seg_test/glacier/21995.jpg,real,intel,glacier,test
/content/gan_local/real_vs_fake/real-vs-fake/train/real/67944.jpg,real,gan,face,train
/content/gan_local/real_vs_fake/real-vs-fake/train/real/30002.jpg,real,gan,face,train
/content/diffusion_local/train/REAL/2301 (3).jpg,real,diffusion,cifar_object,train
/content/intel_local/seg_test/seg_test/forest/24178.jpg,real,intel,forest,test
/content/diffusion_local/train/FAKE/5676 (4).jpg,fake,diffusion,cifar_object,train
/content/intel_local/seg_train/seg_train/buildings/17574.jpg,real,intel,buildings,train
/content/general_ai_local/AiArtData/AiArtData/a1ecf33fc27a086ef0120e46385f.jpg,fake,general_ai,AiArtData,train
/content/intel_local/seg_train/seg_train/forest/5062.jpg,real,intel,forest,train
/content/diffusion_local/train/REAL/4126.jpg,real,diffusion,cifar_object,train
/content/diffusion_local/train/FAKE/1294 (9).jpg,fake,diffusion,cifar_object,train
/content/diffusion_local/train/REAL/2785 (3).jpg,real,diffusion,cifar_object,train
/content/gan_local/real_vs_fake/real-vs-fake/test/fake/ZTD52IAXVT.jpg,fake,gan,face,test
/content/diffusion_local/train/FAKE/4771 (8).jpg,fake,diffusion,cifar_object,train
/content/intel_local/seg_train/seg_train/forest/15681.jpg,real,intel,forest,train
/content/intel_local/seg_train/seg_train/street/14260.jpg,real,intel,street,train
/content/intel_local/seg_train/seg_train/buildings/6117.jpg,real,intel,buildings,train
/content/gan_local/real_vs_fake/real-vs-fake/train/real/21821.jpg,real,gan,face,train
/content/diffusion_local/train/FAKE/4065 (5).jpg,fake,diffusion,cifar_object,train
/content/diffusion_local/train/FAKE/3326 (7).jpg,fake,diffusion,cifar_object,train
/content/diffusion_local/train/FAKE/1289 (10).jpg,fake,diffusion,cifar_object,train
/content/gan_local/real_vs_fake/real-vs-fake/test/real/08718.jpg,real,gan,face,test
/content/diffusion_local/train/REAL/4333 (7).jpg,real,diffusion,cifar_object,train
/content/general_ai_local/AiArtData/AiArtData/6588c371e32a540aace3ecd5_Ci5y2JLvKKO7SveqO8kAb8xloBhjE2Kjd2JzBr9EYNA.jpeg,fake,general_ai,AiArtData,train
/content/gan_local/real_vs_fake/real-vs-fake/train/fake/OOX5OV5PRY.jpg,fake,gan,face,train
/content/diffusion_local/train/REAL/2835 (9).jpg,real,diffusion,cifar_object,train
/content/diffusion_local/train/FAKE/4039.jpg,fake,diffusion,cifar_object,train
/content/diffusion_local/train/FAKE/3371 (6).jpg,fake,diffusion,cifar_object,train
/content/gan_local/real_vs_fake/real-vs-fake/valid/real/40458.jpg,real,gan,face,valid
/content/diffusion_local/test/REAL/0731 (9).jpg,real,diffusion,cifar_object,test
/content/intel_local/seg_test/seg_test/sea/21707.jpg,real,intel,sea,test
/content/gan_local/real_vs_fake/real-vs-fake/train/fake/DG64VF00QR.jpg,fake,gan,face,train
/content/diffusion_local/train/FAKE/5231 (9).jpg,fake,diffusion,cifar_object,train
/content/diffusion_local/test/FAKE/669 (5).jpg,fake,diffusion,cifar_object,test
/content/intel_local/seg_train/seg_train/mountain/7819.jpg,real,intel,mountain,train
/content/diffusion_local/train/FAKE/1480 (3).jpg,fake,diffusion,cifar_object,train
/content/gan_local/real_vs_fake/real-vs-fake/train/real/33515.jpg,real,gan,face,train
/content/intel_local/seg_train/seg_train/mountain/17061.jpg,real,intel,mountain,train
/content/general_ai_local/AiArtData/AiArtData/Picture1.jpg,fake,general_ai,AiArtData,train
/content/diffusion_local/train/FAKE/3384 (10).jpg,fake,diffusion,cifar_object,train
/content/intel_local/seg_test/seg_test/street/24300.jpg,real,intel,street,test
/content/gan_local/real_vs_fake/real-vs-fake/train/fake/N4KZFG1TQC.jpg,fake,gan,face,train
/content/gan_local/real_vs_fake/real-vs-fake/test/fake/3LC1I5O74O.jpg,fake,gan,face,test
/content/intel_local/seg_test/seg_test/forest/21316.jpg,real,intel,forest,test
/content/diffusion_local/train/FAKE/4706 (5).jpg,fake,diffusion,cifar_object,train
/content/diffusion_local/train/REAL/4971 (7).jpg,real,diffusion,cifar_object,train
/content/diffusion_local/train/REAL/0254 (6).jpg,real,diffusion,cifar_object,train
/content/diffusion_local/train/REAL/0603 (7).jpg,real,diffusion,cifar_object,train
/content/gan_local/real_vs_fake/real-vs-fake/train/fake/96TBT47FXP.jpg,fake,gan,face,train
/content/diffusion_local/train/FAKE/3804 (3).jpg,fake,diffusion,cifar_object,train
/content/diffusion_local/train/FAKE/3228 (2).jpg,fake,diffusion,cifar_object,train
/content/gan_local/real_vs_fake/real-vs-fake/train/real/67385.jpg,real,gan,face,train
/content/diffusion_local/train/REAL/3134 (9).jpg,real,diffusion,cifar_object,train
/content/intel_local/seg_train/seg_train/sea/4068.jpg,real,intel,sea,train
/content/intel_local/seg_train/seg_train/street/15512.jpg,real,intel,street,train
/content/intel_local/seg_test/seg_test/mountain/23283.jpg,real,intel,mountain,test
/content/intel_local/seg_train/seg_train/sea/12204.jpg,real,intel,sea,train
/content/gan_local/real_vs_fake/real-vs-fake/test/fake/XNG515LOZT.jpg,fake,gan,face,test
/content/gan_local/real_vs_fake/real-vs-fake/train/real/63966.jpg,real,gan,face,train
/content/diffusion_local/train/REAL/4001 (5).jpg,real,diffusion,cifar_object,train
/content/diffusion_local/train/FAKE/1178 (3).jpg,fake,diffusion,cifar_object,train
/content/gan_local/real_vs_fake/real-vs-fake/train/real/25182.jpg,real,gan,face,train
/content/gan_local/real_vs_fake/real-vs-fake/train/real/25229.jpg,real,gan,face,train
/content/diffusion_local/train/FAKE/5740 (10).jpg,fake,diffusion,cifar_object,train
/content/diffusion_local/train/FAKE/4073 (5).jpg,fake,diffusion,cifar_object,train
/content/gan_local/real_vs_fake/real-vs-fake/test/fake/OH0X2RCH77.jpg,fake,gan,face,test
/content/gan_local/real_vs_fake/real-vs-fake/train/fake/MAR4W4VEQQ.jpg,fake,gan,face,train
/content/gan_local/real_vs_fake/real-vs-fake/train/real/34092.jpg,real,gan,face,train
/content/intel_local/seg_train/seg_train/mountain/6726.jpg,real,intel,mountain,train
/content/diffusion_local/train/REAL/4923.jpg,real,diffusion,cifar_object,train
/content/intel_local/seg_test/seg_test/street/23781.jpg,real,intel,street,test
/content/gan_local/real_vs_fake/real-vs-fake/train/fake/3Q2VK5LVUU.jpg,fake,gan,face,train
/content/diffusion_local/train/REAL/1310 (4).jpg,real,diffusion,cifar_object,train
/content/diffusion_local/train/FAKE/4552 (7).jpg,fake,diffusion,cifar_object,train
/content/intel_local/seg_train/seg_train/forest/1829.jpg,real,intel,forest,train
/content/diffusion_local/test/FAKE/209 (4).jpg,fake,diffusion,cifar_object,test
/content/diffusion_local/train/REAL/1737 (9).jpg,real,diffusion,cifar_object,train
/content/gan_local/real_vs_fake/real-vs-fake/train/real/15161.jpg,real,gan,face,train
/content/gan_local/real_vs_fake/real-vs-fake/train/real/41182.jpg,real,gan,face,train
/content/diffusion_local/train/FAKE/4071 (7).jpg,fake,diffusion,cifar_object,train
/content/intel_local/seg_train/seg_train/street/1548.jpg,real,intel,street,train
/content/diffusion_local/test/FAKE/776 (6).jpg,fake,diffusion,cifar_object,test
/content/diffusion_local/test/FAKE/842 (4).jpg,fake,diffusion,cifar_object,test
/content/diffusion_local/test/FAKE/643 (5).jpg,fake,diffusion,cifar_object,test
/content/diffusion_local/train/FAKE/4006 (9).jpg,fake,diffusion,cifar_object,train
/content/intel_local/seg_train/seg_train/glacier/19216.jpg,real,intel,glacier,train
/content/intel_local/seg_train/seg_train/buildings/12489.jpg,real,intel,buildings,train
/content/diffusion_local/train/FAKE/3851 (10).jpg,fake,diffusion,cifar_object,train
/content/diffusion_local/train/REAL/4492 (5).jpg,real,diffusion,cifar_object,train
/content/diffusion_local/train/REAL/3918 (10).jpg,real,diffusion,cifar_object,train
/content/general_ai_local/AiArtData/AiArtData/10352-original.jpg,fake,general_ai,AiArtData,train
/content/gan_local/real_vs_fake/real-vs-fake/train/fake/0FKX2W9XRP.jpg,fake,gan,face,train
/content/intel_local/seg_train/seg_train/street/6905.jpg,real,intel,street,train
/content/gan_local/real_vs_fake/real-vs-fake/valid/real/36704.jpg,real,gan,face,valid
/content/gan_local/real_vs_fake/real-vs-fake/train/fake/5622QM3CIG.jpg,fake,gan,face,train
/content/gan_local/real_vs_fake/real-vs-fake/train/real/21953.jpg,real,gan,face,train
/content/intel_local/seg_train/seg_train/buildings/9117.jpg,real,intel,buildings,train
/content/diffusion_local/train/FAKE/4714 (9).jpg,fake,diffusion,cifar_object,train
/content/intel_local/seg_train/seg_train/buildings/10126.jpg,real,intel,buildings,train
/content/diffusion_local/train/REAL/3584 (3).jpg,real,diffusion,cifar_object,train
/content/gan_local/real_vs_fake/real-vs-fake/train/fake/M6T6RY6GPC.jpg,fake,gan,face,train
/content/diffusion_local/train/FAKE/2042.jpg,fake,diffusion,cifar_object,train
/content/gan_local/real_vs_fake/real-vs-fake/train/real/60433.jpg,real,gan,face,train
/content/gan_local/real_vs_fake/real-vs-fake/train/fake/E7MK06ITLQ.jpg,fake,gan,face,train
/content/gan_local/real_vs_fake/real-vs-fake/train/real/23036.jpg,real,gan,face,train
/content/intel_local/seg_train/seg_train/forest/3468.jpg,real,intel,forest,train
/content/gan_local/real_vs_fake/real-vs-fake/train/fake/KAJNHU1M4H.jpg,fake,gan,face,train
/content/gan_local/real_vs_fake/real-vs-fake/train/fake/FRFPN0XARD.jpg,fake,gan,face,train
/content/general_ai_local/AiArtData/AiArtData/Dave-McKean-3.jpeg,fake,general_ai,AiArtData,train
/content/general_ai_local/AiArtData/AiArtData/960x0.jpg,fake,general_ai,AiArtData,train
/content/diffusion_local/train/FAKE/1605 (4).jpg,fake,diffusion,cifar_object,train
/content/intel_local/seg_test/seg_test/glacier/21824.jpg,real,intel,glacier,test
/content/diffusion_local/test/REAL/0586 (9).jpg,real,diffusion,cifar_object,test
/content/gan_local/real_vs_fake/real-vs-fake/test/real/16057.jpg,real,gan,face,test
/content/diffusion_local/train/FAKE/4881 (6).jpg,fake,diffusion,cifar_object,train
/content/diffusion_local/test/FAKE/904 (3).jpg,fake,diffusion,cifar_object,test
/content/intel_local/seg_test/seg_test/street/22316.jpg,real,intel,street,test
/content/intel_local/seg_train/seg_train/mountain/9884.jpg,real,intel,mountain,train
/content/intel_local/seg_train/seg_train/glacier/6298.jpg,real,intel,glacier,train
/content/intel_local/seg_train/seg_train/street/3222.jpg,real,intel,street,train
/content/gan_local/real_vs_fake/real-vs-fake/train/fake/8GBRV6FU8P.jpg,fake,gan,face,train
/content/gan_local/real_vs_fake/real-vs-fake/train/fake/CVNG3KIWSA.jpg,fake,gan,face,train
/content/diffusion_local/test/FAKE/116 (4).jpg,fake,diffusion,cifar_object,test
/content/gan_local/real_vs_fake/real-vs-fake/train/fake/CFJGIXGISM.jpg,fake,gan,face,train
/content/gan_local/real_vs_fake/real-vs-fake/valid/real/14346.jpg,real,gan,face,valid
/content/intel_local/seg_test/seg_test/forest/23244.jpg,real,intel,forest,test
/content/intel_local/seg_train/seg_train/sea/19367.jpg,real,intel,sea,train
/content/diffusion_local/train/FAKE/3803 (9).jpg,fake,diffusion,cifar_object,train
/content/gan_local/real_vs_fake/real-vs-fake/valid/real/25512.jpg,real,gan,face,valid
/content/general_ai_local/AiArtData/AiArtData/beautiful-psychedelic-surreal-landscape-water-painting-ai-generated-art_843679-2401.jpg,fake,general_ai,AiArtData,train
/content/gan_local/real_vs_fake/real-vs-fake/train/fake/X2A7CW72CT.jpg,fake,gan,face,train
/content/general_ai_local/RealArt/RealArt/rk-beautiful-autumn-scenery-park-outdoor-photography-sunrise-light-101482086.jpg,real,general_ai,RealArt,train
/content/diffusion_local/test/FAKE/902 (7).jpg,fake,diffusion,cifar_object,test
/content/diffusion_local/train/FAKE/3134 (6).jpg,fake,diffusion,cifar_object,train
/content/intel_local/seg_train/seg_train/street/14586.jpg,real,intel,street,train
/content/gan_local/real_vs_fake/real-vs-fake/train/real/38634.jpg,real,gan,face,train
/content/gan_local/real_vs_fake/real-vs-fake/train/fake/K52BWFGCSM.jpg,fake,gan,face,train
/content/gan_local/real_vs_fake/real-vs-fake/test/real/18527.jpg,real,gan,face,test
/content/diffusion_local/train/FAKE/4291.jpg,fake,diffusion,cifar_object,train
/content/gan_local/real_vs_fake/real-vs-fake/test/fake/K7XSGFZDBJ.jpg,fake,gan,face,test
/content/diffusion_local/test/REAL/0181 (2).jpg,real,diffusion,cifar_object,test
/content/diffusion_local/train/FAKE/3603.jpg,fake,diffusion,cifar_object,train
/content/diffusion_local/train/REAL/4651.jpg,real,diffusion,cifar_object,train
/content/diffusion_local/train/FAKE/5209 (7).jpg,fake,diffusion,cifar_object,train
/content/diffusion_local/train/REAL/0326.jpg,real,diffusion,cifar_object,train
/content/gan_local/real_vs_fake/real-vs-fake/train/fake/7SALBNZGY9.jpg,fake,gan,face,train
/content/diffusion_local/test/FAKE/511 (4).jpg,fake,diffusion,cifar_object,test
/content/gan_local/real_vs_fake/real-vs-fake/train/fake/S0EVW3NBUF.jpg,fake,gan,face,train
/content/gan_local/real_vs_fake/real-vs-fake/train/real/33696.jpg,real,gan,face,train
/content/gan_local/real_vs_fake/real-vs-fake/valid/real/46094.jpg,real,gan,face,valid
/content/gan_local/real_vs_fake/real-vs-fake/test/real/17461.jpg,real,gan,face,test
/content/diffusion_local/test/FAKE/91 (3).jpg,fake,diffusion,cifar_object,test
/content/diffusion_local/train/FAKE/1275 (7).jpg,fake,diffusion,cifar_object,train
/content/diffusion_local/train/FAKE/2902 (7).jpg,fake,diffusion,cifar_object,train
/content/intel_local/seg_train/seg_train/glacier/8196.jpg,real,intel,glacier,train
/content/gan_local/real_vs_fake/real-vs-fake/train/real/08387.jpg,real,gan,face,train
/content/gan_local/real_vs_fake/real-vs-fake/train/real/49939.jpg,real,gan,face,train
/content/diffusion_local/train/REAL/2852 (5).jpg,real,diffusion,cifar_object,train
/content/gan_local/real_vs_fake/real-vs-fake/train/real/67014.jpg,real,gan,face,train
/content/general_ai_local/AiArtData/AiArtData/394d68ba91ee4f49d400034d8d487997.jpg,fake,general_ai,AiArtData,train
/content/gan_local/real_vs_fake/real-vs-fake/train/fake/RNJSGKOM3K.jpg,fake,gan,face,train
/content/diffusion_local/train/REAL/1134 (10).jpg,real,diffusion,cifar_object,train
/content/gan_local/real_vs_fake/real-vs-fake/train/real/37672.jpg,real,gan,face,train
/content/intel_local/seg_test/seg_test/street/21724.jpg,real,intel,street,test
/content/gan_local/real_vs_fake/real-vs-fake/test/fake/M4JABX5H94.jpg,fake,gan,face,test
/content/gan_local/real_vs_fake/real-vs-fake/train/real/64879.jpg,real,gan,face,train
/content/gan_local/real_vs_fake/real-vs-fake/test/real/15877.jpg,real,gan,face,test
/content/gan_local/real_vs_fake/real-vs-fake/test/fake/JNUAI5A217.jpg,fake,gan,face,test
/content/diffusion_local/train/FAKE/2991 (5).jpg,fake,diffusion,cifar_object,train
/content/intel_local/seg_train/seg_train/street/17106.jpg,real,intel,street,train
/content/intel_local/seg_train/seg_train/glacier/8608.jpg,real,intel,glacier,train
/content/intel_local/seg_train/seg_train/sea/17298.jpg,real,intel,sea,train
/content/general_ai_local/AiArtData/AiArtData/Blogs.jpg,fake,general_ai,AiArtData,train
/content/gan_local/real_vs_fake/real-vs-fake/train/fake/M6P78HBYHF.jpg,fake,gan,face,train
/content/diffusion_local/train/REAL/4297 (4).jpg,real,diffusion,cifar_object,train
/content/diffusion_local/test/FAKE/380 (2).jpg,fake,diffusion,cifar_object,test
/content/gan_local/real_vs_fake/real-vs-fake/train/real/25948.jpg,real,gan,face,train
/content/intel_local/seg_train/seg_train/street/10632.jpg,real,intel,street,train
/content/diffusion_local/train/REAL/1343 (4).jpg,real,diffusion,cifar_object,train
/content/gan_local/real_vs_fake/real-vs-fake/train/fake/GBES4GA88H.jpg,fake,gan,face,train
/content/diffusion_local/train/REAL/1152 (7).jpg,real,diffusion,cifar_object,train
/content/gan_local/real_vs_fake/real-vs-fake/valid/real/18678.jpg,real,gan,face,valid
/content/gan_local/real_vs_fake/real-vs-fake/train/fake/D8PZVZQZ2E.jpg,fake,gan,face,train
/content/gan_local/real_vs_fake/real-vs-fake/train/fake/KNRPNY2ZSM.jpg,fake,gan,face,train
/content/diffusion_local/train/REAL/4648 (5).jpg,real,diffusion,cifar_object,train
/content/gan_local/real_vs_fake/real-vs-fake/train/fake/GDQOR945DL.jpg,fake,gan,face,train
/content/intel_local/seg_train/seg_train/sea/8509.jpg,real,intel,sea,train
/content/gan_local/real_vs_fake/real-vs-fake/test/real/20896.jpg,real,gan,face,test
/content/gan_local/real_vs_fake/real-vs-fake/train/real/49379.jpg,real,gan,face,train
/content/diffusion_local/train/FAKE/1214 (9).jpg,fake,diffusion,cifar_object,train
/content/diffusion_local/train/FAKE/1209 (8).jpg,fake,diffusion,cifar_object,train
/content/gan_local/real_vs_fake/real-vs-fake/test/fake/0CHMGS8BF3.jpg,fake,gan,face,test
/content/gan_local/real_vs_fake/real-vs-fake/train/fake/JX1ME9SZGV.jpg,fake,gan,face,train
/content/diffusion_local/train/FAKE/4639 (9).jpg,fake,diffusion,cifar_object,train
/content/intel_local/seg_test/seg_test/street/23183.jpg,real,intel,street,test
/content/gan_local/real_vs_fake/real-vs-fake/train/real/41469.jpg,real,gan,face,train
/content/gan_local/real_vs_fake/real-vs-fake/valid/fake/4X8PXWN9DB.jpg,fake,gan,face,valid
/content/diffusion_local/train/FAKE/2836 (6).jpg,fake,diffusion,cifar_object,train
/content/intel_local/seg_train/seg_train/sea/1377.jpg,real,intel,sea,train
/content/intel_local/seg_test/seg_test/sea/23187.jpg,real,intel,sea,test
/content/gan_local/real_vs_fake/real-vs-fake/train/real/01080.jpg,real,gan,face,train
/content/diffusion_local/test/FAKE/73 (3).jpg,fake,diffusion,cifar_object,test
/content/gan_local/real_vs_fake/real-vs-fake/train/real/00194.jpg,real,gan,face,train
/content/gan_local/real_vs_fake/real-vs-fake/train/fake/KM5ECVX2U7.jpg,fake,gan,face,train
/content/intel_local/seg_train/seg_train/buildings/8431.jpg,real,intel,buildings,train
/content/intel_local/seg_train/seg_train/street/7604.jpg,real,intel,street,train
/content/gan_local/real_vs_fake/real-vs-fake/train/fake/1LO2KH2U4R.jpg,fake,gan,face,train
/content/gan_local/real_vs_fake/real-vs-fake/test/fake/3ZIBN8NBWI.jpg,fake,gan,face,test
/content/diffusion_local/test/REAL/0000 (9).jpg,real,diffusion,cifar_object,test
/content/gan_local/real_vs_fake/real-vs-fake/train/real/36684.jpg,real,gan,face,train
/content/diffusion_local/train/FAKE/4690 (3).jpg,fake,diffusion,cifar_object,train
/content/diffusion_local/train/FAKE/3462 (6).jpg,fake,diffusion,cifar_object,train
/content/gan_local/real_vs_fake/real-vs-fake/valid/fake/CMXGYVJV0R.jpg,fake,gan,face,valid
/content/gan_local/real_vs_fake/real-vs-fake/train/fake/C69VDZ7ZOY.jpg,fake,gan,face,train
/content/intel_local/seg_train/seg_train/street/19422.jpg,real,intel,street,train
/content/diffusion_local/train/FAKE/4719 (6).jpg,fake,diffusion,cifar_object,train
/content/general_ai_local/AiArtData/AiArtData/Biden1400.jpg,fake,general_ai,AiArtData,train
/content/intel_local/seg_train/seg_train/sea/11233.jpg,real,intel,sea,train
/content/gan_local/real_vs_fake/real-vs-fake/valid/fake/E394CXPXWQ.jpg,fake,gan,face,valid
/content/intel_local/seg_train/seg_train/mountain/16745.jpg,real,intel,mountain,train
/content/gan_local/real_vs_fake/real-vs-fake/train/fake/U95COA69NF.jpg,fake,gan,face,train
/content/intel_local/seg_train/seg_train/glacier/17944.jpg,real,intel,glacier,train
/content/diffusion_local/train/REAL/4427 (2).jpg,real,diffusion,cifar_object,train
/content/diffusion_local/train/FAKE/3140 (4).jpg,fake,diffusion,cifar_object,train
/content/intel_local/seg_train/seg_train/street/11092.jpg,real,intel,street,train
/content/intel_local/seg_train/seg_train/mountain/2078.jpg,real,intel,mountain,train
/content/diffusion_local/test/FAKE/349.jpg,fake,diffusion,cifar_object,test
/content/intel_local/seg_train/seg_train/glacier/16771.jpg,real,intel,glacier,train
/content/gan_local/real_vs_fake/real-vs-fake/train/real/19839.jpg,real,gan,face,train
/content/gan_local/real_vs_fake/real-vs-fake/valid/fake/TCESSNFKDB.jpg,fake,gan,face,valid
/content/gan_local/real_vs_fake/real-vs-fake/train/fake/QR5EWHFZUH.jpg,fake,gan,face,train
/content/intel_local/seg_train/seg_train/sea/2063.jpg,real,intel,sea,train
/content/gan_local/real_vs_fake/real-vs-fake/test/fake/EPND6B47FT.jpg,fake,gan,face,test
/content/gan_local/real_vs_fake/real-vs-fake/train/fake/HVJRYOBUBZ.jpg,fake,gan,face,train
/content/intel_local/seg_train/seg_train/mountain/12616.jpg,real,intel,mountain,train
/content/general_ai_local/AiArtData/AiArtData/ancient_thing_when_the_leaves_take_thei_a1c8ef7e-e531-4d0d-8bcf-e5714b420f8e.png,fake,general_ai,AiArtData,train
/content/general_ai_local/RealArt/RealArt/7ce6zbax23_WEB_257649.jpg,real,general_ai,RealArt,train
/content/intel_local/seg_train/seg_train/buildings/5919.jpg,real,intel,buildings,train
/content/diffusion_local/train/REAL/0258 (5).jpg,real,diffusion,cifar_object,train
/content/gan_local/real_vs_fake/real-vs-fake/train/fake/Q19LOVS9RU.jpg,fake,gan,face,train
/content/gan_local/real_vs_fake/real-vs-fake/train/fake/8YF86EDMA9.jpg,fake,gan,face,train
/content/intel_local/seg_train/seg_train/mountain/17916.jpg,real,intel,mountain,train
/content/diffusion_local/train/REAL/3330 (9).jpg,real,diffusion,cifar_object,train
/content/gan_local/real_vs_fake/real-vs-fake/train/fake/PUHRNKQAGR.jpg,fake,gan,face,train
/content/general_ai_local/RealArt/RealArt/Mona-Lisa-by-Leonardo-da-Vinci-687x1024.jpg,real,general_ai,RealArt,train
/content/gan_local/real_vs_fake/real-vs-fake/test/fake/0PBTR1V63A.jpg,fake,gan,face,test
/content/gan_local/real_vs_fake/real-vs-fake/test/fake/41XCWU7IGW.jpg,fake,gan,face,test
/content/intel_local/seg_train/seg_train/sea/372.jpg,real,intel,sea,train
/content/diffusion_local/train/REAL/0381 (10).jpg,real,diffusion,cifar_object,train
/content/diffusion_local/train/REAL/2941 (5).jpg,real,diffusion,cifar_object,train
/content/diffusion_local/train/REAL/3357 (4).jpg,real,diffusion,cifar_object,train
/content/gan_local/real_vs_fake/real-vs-fake/train/real/47360.jpg,real,gan,face,train
/content/diffusion_local/test/FAKE/558 (7).jpg,fake,diffusion,cifar_object,test
/content/gan_local/real_vs_fake/real-vs-fake/valid/real/37363.jpg,real,gan,face,valid
/content/diffusion_local/train/FAKE/2118 (5).jpg,fake,diffusion,cifar_object,train
/content/gan_local/real_vs_fake/real-vs-fake/train/real/11273.jpg,real,gan,face,train
/content/gan_local/real_vs_fake/real-vs-fake/train/real/46578.jpg,real,gan,face,train
/content/diffusion_local/train/REAL/1820 (3).jpg,real,diffusion,cifar_object,train
/content/gan_local/real_vs_fake/real-vs-fake/test/fake/NTFCSMVR4H.jpg,fake,gan,face,test
/content/diffusion_local/test/FAKE/553 (10).jpg,fake,diffusion,cifar_object,test
/content/gan_local/real_vs_fake/real-vs-fake/train/real/47702.jpg,real,gan,face,train
/content/diffusion_local/train/FAKE/3770 (9).jpg,fake,diffusion,cifar_object,train
/content/diffusion_local/train/REAL/3001 (8).jpg,real,diffusion,cifar_object,train
/content/diffusion_local/train/FAKE/4795 (9).jpg,fake,diffusion,cifar_object,train
/content/diffusion_local/train/FAKE/2227 (8).jpg,fake,diffusion,cifar_object,train
/content/diffusion_local/train/REAL/2553 (6).jpg,real,diffusion,cifar_object,train
/content/diffusion_local/train/FAKE/1799 (8).jpg,fake,diffusion,cifar_object,train
/content/diffusion_local/train/REAL/4229 (10).jpg,real,diffusion,cifar_object,train
/content/general_ai_local/AiArtData/AiArtData/Fotor-AI-portrait-generator-interface.jpg,fake,general_ai,AiArtData,train
/content/gan_local/real_vs_fake/real-vs-fake/train/fake/XIDOYKNLEC.jpg,fake,gan,face,train
/content/gan_local/real_vs_fake/real-vs-fake/valid/fake/FP7CVF51JV.jpg,fake,gan,face,valid
/content/diffusion_local/train/FAKE/4442 (9).jpg,fake,diffusion,cifar_object,train
/content/gan_local/real_vs_fake/real-vs-fake/train/real/31603.jpg,real,gan,face,train
/content/general_ai_local/AiArtData/AiArtData/thejohnechen-a-1691152122-png-selar.co-20230804122842.png,fake,general_ai,AiArtData,train
/content/intel_local/seg_train/seg_train/forest/14700.jpg,real,intel,forest,train
/content/gan_local/real_vs_fake/real-vs-fake/train/fake/XQFE1OQLIW.jpg,fake,gan,face,train
/content/diffusion_local/train/FAKE/1322 (3).jpg,fake,diffusion,cifar_object,train
/content/gan_local/real_vs_fake/real-vs-fake/train/fake/U635BM0BG8.jpg,fake,gan,face,train
/content/intel_local/seg_train/seg_train/mountain/3275.jpg,real,intel,mountain,train
/content/intel_local/seg_test/seg_test/mountain/22818.jpg,real,intel,mountain,test
/content/diffusion_local/train/REAL/3297 (3).jpg,real,diffusion,cifar_object,train
/content/diffusion_local/train/FAKE/2510 (10).jpg,fake,diffusion,cifar_object,train
/content/intel_local/seg_train/seg_train/buildings/4466.jpg,real,intel,buildings,train
/content/gan_local/real_vs_fake/real-vs-fake/train/fake/KD08XMUFVU.jpg,fake,gan,face,train
/content/diffusion_local/train/FAKE/3115 (10).jpg,fake,diffusion,cifar_object,train
/content/general_ai_local/AiArtData/AiArtData/tnsc6ik8_personalities-playing-holi_625x300_18_June_23.jpg,fake,general_ai,AiArtData,train
/content/diffusion_local/train/REAL/1427 (4).jpg,real,diffusion,cifar_object,train
/content/gan_local/real_vs_fake/real-vs-fake/train/real/54071.jpg,real,gan,face,train
/content/diffusion_local/train/FAKE/1499 (5).jpg,fake,diffusion,cifar_object,train
/content/gan_local/real_vs_fake/real-vs-fake/train/fake/NLSONVQN5Q.jpg,fake,gan,face,train
/content/intel_local/seg_train/seg_train/sea/10396.jpg,real,intel,sea,train
/content/gan_local/real_vs_fake/real-vs-fake/train/real/38528.jpg,real,gan,face,train
/content/diffusion_local/train/FAKE/1807 (8).jpg,fake,diffusion,cifar_object,train
/content/diffusion_local/test/FAKE/275 (10).jpg,fake,diffusion,cifar_object,test
/content/diffusion_local/train/REAL/1634 (4).jpg,real,diffusion,cifar_object,train
/content/diffusion_local/train/FAKE/2940.jpg,fake,diffusion,cifar_object,train
/content/intel_local/seg_train/seg_train/sea/11892.jpg,real,intel,sea,train
/content/gan_local/real_vs_fake/real-vs-fake/train/real/27199.jpg,real,gan,face,train
/content/gan_local/real_vs_fake/real-vs-fake/valid/fake/6TG9JA2FN8.jpg,fake,gan,face,valid
/content/gan_local/real_vs_fake/real-vs-fake/train/real/05791.jpg,real,gan,face,train
/content/diffusion_local/train/FAKE/2158 (7).jpg,fake,diffusion,cifar_object,train
/content/diffusion_local/train/FAKE/1381.jpg,fake,diffusion,cifar_object,train
/content/general_ai_local/AiArtData/AiArtData/ai-generated-7820332_1280.jpg,fake,general_ai,AiArtData,train
/content/gan_local/real_vs_fake/real-vs-fake/train/real/06502.jpg,real,gan,face,train
/content/gan_local/real_vs_fake/real-vs-fake/train/real/51459.jpg,real,gan,face,train
/content/diffusion_local/train/FAKE/3265 (9).jpg,fake,diffusion,cifar_object,train
/content/gan_local/real_vs_fake/real-vs-fake/test/fake/4OHS4ZH1KA.jpg,fake,gan,face,test
/content/gan_local/real_vs_fake/real-vs-fake/test/fake/H7RC1C3HI6.jpg,fake,gan,face,test
/content/general_ai_local/AiArtData/AiArtData/wieland_hero_2-800x450.jpg,fake,general_ai,AiArtData,train
/content/general_ai_local/AiArtData/AiArtData/creepy-ai-generated-photos-743.jpg,fake,general_ai,AiArtData,train
/content/intel_local/seg_train/seg_train/buildings/13008.jpg,real,intel,buildings,train
/content/diffusion_local/train/FAKE/3028 (8).jpg,fake,diffusion,cifar_object,train
/content/intel_local/seg_train/seg_train/forest/813.jpg,real,intel,forest,train
/content/diffusion_local/train/FAKE/2971 (3).jpg,fake,diffusion,cifar_object,train
/content/gan_local/real_vs_fake/real-vs-fake/train/fake/ZOJXZ0SQEI.jpg,fake,gan,face,train
/content/diffusion_local/train/FAKE/3561 (10).jpg,fake,diffusion,cifar_object,train
/content/gan_local/real_vs_fake/real-vs-fake/train/real/00246.jpg,real,gan,face,train
/content/diffusion_local/train/FAKE/1607.jpg,fake,diffusion,cifar_object,train
/content/gan_local/real_vs_fake/real-vs-fake/test/fake/J3IRS0QLX1.jpg,fake,gan,face,test
/content/intel_local/seg_test/seg_test/buildings/22150.jpg,real,intel,buildings,test
/content/intel_local/seg_train/seg_train/street/11725.jpg,real,intel,street,train
/content/gan_local/real_vs_fake/real-vs-fake/train/fake/HS1WMOUOY9.jpg,fake,gan,face,train
/content/diffusion_local/train/FAKE/1360 (10).jpg,fake,diffusion,cifar_object,train
/content/diffusion_local/train/FAKE/3932 (4).jpg,fake,diffusion,cifar_object,train
/content/general_ai_local/AiArtData/AiArtData/How-to-Use-Midjourney-to-create-AI-Art.jpg,fake,general_ai,AiArtData,train
/content/intel_local/seg_train/seg_train/mountain/8335.jpg,real,intel,mountain,train
/content/gan_local/real_vs_fake/real-vs-fake/train/real/02006.jpg,real,gan,face,train
/content/diffusion_local/train/FAKE/1927 (3).jpg,fake,diffusion,cifar_object,train
/content/intel_local/seg_test/seg_test/mountain/21872.jpg,real,intel,mountain,test
/content/gan_local/real_vs_fake/real-vs-fake/train/fake/NNP0RG2XDN.jpg,fake,gan,face,train
/content/gan_local/real_vs_fake/real-vs-fake/train/fake/245IL3IXGQ.jpg,fake,gan,face,train
/content/gan_local/real_vs_fake/real-vs-fake/test/fake/JOUJ6E3F1X.jpg,fake,gan,face,test
/content/diffusion_local/train/FAKE/5497 (9).jpg,fake,diffusion,cifar_object,train
/content/general_ai_local/AiArtData/AiArtData/331EB940-E464-438A-B10138CC86B39894_source.jpeg,fake,general_ai,AiArtData,train
/content/diffusion_local/train/FAKE/1032 (5).jpg,fake,diffusion,cifar_object,train
/content/gan_local/real_vs_fake/real-vs-fake/valid/fake/HBWNVQ3AJN.jpg,fake,gan,face,valid
/content/diffusion_local/train/REAL/0321 (4).jpg,real,diffusion,cifar_object,train
/content/general_ai_local/RealArt/RealArt/71JgyMLYYSL._AC_UF10001000_QL80_.jpg,real,general_ai,RealArt,train
/content/general_ai_local/RealArt/RealArt/girl-with-a-pearl-earring-c-16.jpg,real,general_ai,RealArt,train
/content/general_ai_local/RealArt/RealArt/Javan_rhino_Ujung_Kulon_NP.jpg,real,general_ai,RealArt,train
/content/gan_local/real_vs_fake/real-vs-fake/train/real/09759.jpg,real,gan,face,train
/content/diffusion_local/train/FAKE/1701 (8).jpg,fake,diffusion,cifar_object,train
/content/diffusion_local/test/REAL/0105 (6).jpg,real,diffusion,cifar_object,test
/content/intel_local/seg_train/seg_train/mountain/2150.jpg,real,intel,mountain,train
/content/gan_local/real_vs_fake/real-vs-fake/train/real/59556.jpg,real,gan,face,train
/content/general_ai_local/AiArtData/AiArtData/22-23-3-17-17-51-3m.jpg,fake,general_ai,AiArtData,train
/content/gan_local/real_vs_fake/real-vs-fake/train/real/36855.jpg,real,gan,face,train
/content/diffusion_local/train/FAKE/5070 (7).jpg,fake,diffusion,cifar_object,train
/content/gan_local/real_vs_fake/real-vs-fake/train/fake/FKRW6ZYOPF.jpg,fake,gan,face,train
/content/intel_local/seg_train/seg_train/sea/13797.jpg,real,intel,sea,train
/content/gan_local/real_vs_fake/real-vs-fake/train/real/44868.jpg,real,gan,face,train
/content/general_ai_local/RealArt/RealArt/91BglHKIKnL._AC_UF8941000_QL80_.jpg,real,general_ai,RealArt,train
/content/diffusion_local/train/FAKE/5489 (9).jpg,fake,diffusion,cifar_object,train
/content/diffusion_local/train/FAKE/1064 (10).jpg,fake,diffusion,cifar_object,train
/content/diffusion_local/test/REAL/0652 (5).jpg,real,diffusion,cifar_object,test
/content/intel_local/seg_train/seg_train/forest/13824.jpg,real,intel,forest,train
/content/diffusion_local/train/FAKE/2253 (7).jpg,fake,diffusion,cifar_object,train
/content/gan_local/real_vs_fake/real-vs-fake/train/fake/2WCCDUAI4I.jpg,fake,gan,face,train
/content/diffusion_local/train/REAL/0837 (3).jpg,real,diffusion,cifar_object,train
/content/gan_local/real_vs_fake/real-vs-fake/train/fake/FAQJIR5CXI.jpg,fake,gan,face,train
/content/gan_local/real_vs_fake/real-vs-fake/valid/fake/YPXLJPV6RO.jpg,fake,gan,face,valid
/content/diffusion_local/train/REAL/4613.jpg,real,diffusion,cifar_object,train
/content/diffusion_local/train/REAL/2888 (2).jpg,real,diffusion,cifar_object,train
/content/intel_local/seg_train/seg_train/mountain/12903.jpg,real,intel,mountain,train
/content/diffusion_local/test/FAKE/308 (8).jpg,fake,diffusion,cifar_object,test
/content/gan_local/real_vs_fake/real-vs-fake/valid/real/34126.jpg,real,gan,face,valid
/content/general_ai_local/AiArtData/AiArtData/robot-art-for-web-1180x560.jpg,fake,general_ai,AiArtData,train
/content/intel_local/seg_train/seg_train/glacier/9426.jpg,real,intel,glacier,train
/content/diffusion_local/test/FAKE/400 (6).jpg,fake,diffusion,cifar_object,test
/content/general_ai_local/AiArtData/AiArtData/ah3-932b64a175ba.jpeg,fake,general_ai,AiArtData,train
/content/gan_local/real_vs_fake/real-vs-fake/valid/real/58653.jpg,real,gan,face,valid
/content/intel_local/seg_train/seg_train/buildings/963.jpg,real,intel,buildings,train
/content/gan_local/real_vs_fake/real-vs-fake/train/fake/X5ZJJMQY64.jpg,fake,gan,face,train
/content/gan_local/real_vs_fake/real-vs-fake/train/fake/6YZFFM3LJT.jpg,fake,gan,face,train
/content/intel_local/seg_train/seg_train/street/5073.jpg,real,intel,street,train
/content/diffusion_local/train/REAL/3239 (10).jpg,real,diffusion,cifar_object,train
/content/gan_local/real_vs_fake/real-vs-fake/train/fake/W3E4TMJ07C.jpg,fake,gan,face,train
/content/gan_local/real_vs_fake/real-vs-fake/train/fake/E59KTLWLT8.jpg,fake,gan,face,train
/content/gan_local/real_vs_fake/real-vs-fake/train/real/37447.jpg,real,gan,face,train
/content/gan_local/real_vs_fake/real-vs-fake/train/real/52744.jpg,real,gan,face,train
/content/diffusion_local/train/FAKE/4873.jpg,fake,diffusion,cifar_object,train
/content/gan_local/real_vs_fake/real-vs-fake/train/real/40459.jpg,real,gan,face,train
/content/gan_local/real_vs_fake/real-vs-fake/train/fake/QDWRURUACD.jpg,fake,gan,face,train
/content/intel_local/seg_train/seg_train/forest/1659.jpg,real,intel,forest,train
/content/diffusion_local/train/FAKE/3259 (4).jpg,fake,diffusion,cifar_object,train
/content/gan_local/real_vs_fake/real-vs-fake/valid/fake/EER47YU6EX.jpg,fake,gan,face,valid
/content/gan_local/real_vs_fake/real-vs-fake/train/fake/RNMJWS4LC1.jpg,fake,gan,face,train
/content/gan_local/real_vs_fake/real-vs-fake/train/fake/RAQXTLLY7U.jpg,fake,gan,face,train
/content/intel_local/seg_train/seg_train/street/13892.jpg,real,intel,street,train
/content/intel_local/seg_test/seg_test/glacier/24334.jpg,real,intel,glacier,test
/content/diffusion_local/test/FAKE/683 (5).jpg,fake,diffusion,cifar_object,test
/content/gan_local/real_vs_fake/real-vs-fake/train/fake/XCIXGF7YMZ.jpg,fake,gan,face,train
/content/gan_local/real_vs_fake/real-vs-fake/train/fake/F9YZ4V3F3B.jpg,fake,gan,face,train
/content/intel_local/seg_train/seg_train/glacier/8636.jpg,real,intel,glacier,train
/content/gan_local/real_vs_fake/real-vs-fake/train/fake/JLQE7Z7B1D.jpg,fake,gan,face,train
/content/intel_local/seg_test/seg_test/glacier/21475.jpg,real,intel,glacier,test
/content/gan_local/real_vs_fake/real-vs-fake/train/fake/WE95G51PR2.jpg,fake,gan,face,train
/content/general_ai_local/RealArt/RealArt/WR202206_GiraffeTranslocation_012_360559_reduced.jpg,real,general_ai,RealArt,train
/content/gan_local/real_vs_fake/real-vs-fake/train/real/69906.jpg,real,gan,face,train
/content/general_ai_local/AiArtData/AiArtData/97224914.jpg,fake,general_ai,AiArtData,train
/content/diffusion_local/train/REAL/3237 (10).jpg,real,diffusion,cifar_object,train
/content/gan_local/real_vs_fake/real-vs-fake/train/fake/11NYL3F0PS.jpg,fake,gan,face,train
/content/gan_local/real_vs_fake/real-vs-fake/train/fake/T18V27DUCG.jpg,fake,gan,face,train
/content/gan_local/real_vs_fake/real-vs-fake/test/fake/K6PPAT5HUG.jpg,fake,gan,face,test
/content/diffusion_local/train/FAKE/3187 (4).jpg,fake,diffusion,cifar_object,train
/content/gan_local/real_vs_fake/real-vs-fake/test/fake/A09HPYPA2A.jpg,fake,gan,face,test
/content/diffusion_local/train/FAKE/4683 (7).jpg,fake,diffusion,cifar_object,train
/content/general_ai_local/AiArtData/AiArtData/Nov20_17_498430921.jpg,fake,general_ai,AiArtData,train
/content/gan_local/real_vs_fake/real-vs-fake/train/fake/4U79XBB06Y.jpg,fake,gan,face,train
/content/diffusion_local/train/FAKE/2697 (3).jpg,fake,diffusion,cifar_object,train
/content/gan_local/real_vs_fake/real-vs-fake/train/fake/XIFJ8UOFH8.jpg,fake,gan,face,train
/content/intel_local/seg_train/seg_train/glacier/3736.jpg,real,intel,glacier,train
/content/intel_local/seg_train/seg_train/mountain/14849.jpg,real,intel,mountain,train
/content/intel_local/seg_train/seg_train/forest/10721.jpg,real,intel,forest,train
/content/diffusion_local/train/FAKE/4412 (6).jpg,fake,diffusion,cifar_object,train
/content/diffusion_local/train/FAKE/3118 (7).jpg,fake,diffusion,cifar_object,train
/content/intel_local/seg_train/seg_train/buildings/3878.jpg,real,intel,buildings,train
/content/diffusion_local/train/REAL/2507 (6).jpg,real,diffusion,cifar_object,train
/content/diffusion_local/train/REAL/0964 (6).jpg,real,diffusion,cifar_object,train
/content/general_ai_local/RealArt/RealArt/dog.jpg,real,general_ai,RealArt,train
/content/intel_local/seg_train/seg_train/mountain/16283.jpg,real,intel,mountain,train
/content/gan_local/real_vs_fake/real-vs-fake/train/fake/G3WWAQDUT3.jpg,fake,gan,face,train
/content/diffusion_local/test/FAKE/565 (4).jpg,fake,diffusion,cifar_object,test
/content/gan_local/real_vs_fake/real-vs-fake/train/fake/LJON0GYSAU.jpg,fake,gan,face,train
/content/intel_local/seg_test/seg_test/mountain/21055.jpg,real,intel,mountain,test
/content/diffusion_local/train/REAL/1102.jpg,real,diffusion,cifar_object,train
/content/gan_local/real_vs_fake/real-vs-fake/train/fake/R92U9LLK6Q.jpg,fake,gan,face,train
/content/gan_local/real_vs_fake/real-vs-fake/train/fake/W0K1Y9F2ED.jpg,fake,gan,face,train
/content/diffusion_local/train/FAKE/2836 (4).jpg,fake,diffusion,cifar_object,train
/content/intel_local/seg_test/seg_test/forest/20717.jpg,real,intel,forest,test
/content/diffusion_local/train/REAL/4163 (4).jpg,real,diffusion,cifar_object,train
/content/intel_local/seg_test/seg_test/street/20897.jpg,real,intel,street,test
/content/diffusion_local/train/REAL/0947 (8).jpg,real,diffusion,cifar_object,train
/content/gan_local/real_vs_fake/real-vs-fake/train/fake/4RI14DXGSG.jpg,fake,gan,face,train
/content/diffusion_local/train/FAKE/4228 (9).jpg,fake,diffusion,cifar_object,train
/content/gan_local/real_vs_fake/real-vs-fake/test/fake/YMRXQRXM2J.jpg,fake,gan,face,test
/content/diffusion_local/train/FAKE/2356 (2).jpg,fake,diffusion,cifar_object,train
/content/intel_local/seg_train/seg_train/sea/953.jpg,real,intel,sea,train
/content/gan_local/real_vs_fake/real-vs-fake/valid/fake/0D6U5NA2O8.jpg,fake,gan,face,valid
/content/diffusion_local/train/FAKE/4500 (8).jpg,fake,diffusion,cifar_object,train
/content/diffusion_local/train/FAKE/2511 (2).jpg,fake,diffusion,cifar_object,train
/content/general_ai_local/RealArt/RealArt/9511429-QBAHKOGH-7.jpg,real,general_ai,RealArt,train
/content/intel_local/seg_train/seg_train/forest/17371.jpg,real,intel,forest,train
/content/intel_local/seg_train/seg_train/buildings/5327.jpg,real,intel,buildings,train
/content/intel_local/seg_train/seg_train/mountain/19251.jpg,real,intel,mountain,train
/content/intel_local/seg_train/seg_train/sea/2365.jpg,real,intel,sea,train
/content/diffusion_local/train/FAKE/2385 (8).jpg,fake,diffusion,cifar_object,train
/content/gan_local/real_vs_fake/real-vs-fake/valid/fake/15GD6GJS5Q.jpg,fake,gan,face,valid
/content/gan_local/real_vs_fake/real-vs-fake/train/fake/E9D296VUN3.jpg,fake,gan,face,train
/content/gan_local/real_vs_fake/real-vs-fake/train/real/44193.jpg,real,gan,face,train
/content/diffusion_local/test/FAKE/22 (3).jpg,fake,diffusion,cifar_object,test
/content/gan_local/real_vs_fake/real-vs-fake/train/real/37477.jpg,real,gan,face,train
/content/gan_local/real_vs_fake/real-vs-fake/test/real/14217.jpg,real,gan,face,test
/content/intel_local/seg_train/seg_train/glacier/1516.jpg,real,intel,glacier,train
/content/diffusion_local/test/FAKE/346 (6).jpg,fake,diffusion,cifar_object,test
/content/intel_local/seg_train/seg_train/street/9299.jpg,real,intel,street,train
/content/diffusion_local/train/FAKE/5139 (3).jpg,fake,diffusion,cifar_object,train
/content/gan_local/real_vs_fake/real-vs-fake/train/fake/21MRPIYG2O.jpg,fake,gan,face,train
/content/diffusion_local/test/FAKE/786 (6).jpg,fake,diffusion,cifar_object,test
/content/diffusion_local/train/FAKE/4149 (3).jpg,fake,diffusion,cifar_object,train
/content/gan_local/real_vs_fake/real-vs-fake/train/fake/MX9AOMP9OQ.jpg,fake,gan,face,train
/content/diffusion_local/train/REAL/1424 (4).jpg,real,diffusion,cifar_object,train
/content/diffusion_local/train/REAL/0871.jpg,real,diffusion,cifar_object,train
/content/general_ai_local/AiArtData/AiArtData/Midjourney-Mishra-abstract-dancing-painting.jpg,fake,general_ai,AiArtData,train
/content/intel_local/seg_train/seg_train/forest/3430.jpg,real,intel,forest,train
/content/gan_local/real_vs_fake/real-vs-fake/train/fake/7H8K5KYFCQ.jpg,fake,gan,face,train
/content/intel_local/seg_train/seg_train/buildings/8752.jpg,real,intel,buildings,train
/content/diffusion_local/train/REAL/1355 (2).jpg,real,diffusion,cifar_object,train
/content/diffusion_local/train/FAKE/4760 (10).jpg,fake,diffusion,cifar_object,train
/content/diffusion_local/train/FAKE/4438 (4).jpg,fake,diffusion,cifar_object,train
/content/intel_local/seg_train/seg_train/sea/13760.jpg,real,intel,sea,train
/content/diffusion_local/train/REAL/0988.jpg,real,diffusion,cifar_object,train
/content/diffusion_local/train/FAKE/5999 (2).jpg,fake,diffusion,cifar_object,train
/content/gan_local/real_vs_fake/real-vs-fake/train/real/24286.jpg,real,gan,face,train
/content/intel_local/seg_train/seg_train/sea/8230.jpg,real,intel,sea,train
/content/intel_local/seg_train/seg_train/glacier/9705.jpg,real,intel,glacier,train
/content/intel_local/seg_train/seg_train/forest/5335.jpg,real,intel,forest,train
/content/diffusion_local/train/FAKE/2827 (6).jpg,fake,diffusion,cifar_object,train
/content/gan_local/real_vs_fake/real-vs-fake/train/fake/SDDG2KP08J.jpg,fake,gan,face,train
/content/gan_local/real_vs_fake/real-vs-fake/valid/real/04655.jpg,real,gan,face,valid
/content/intel_local/seg_train/seg_train/street/12046.jpg,real,intel,street,train
/content/diffusion_local/train/FAKE/4666 (7).jpg,fake,diffusion,cifar_object,train
/content/intel_local/seg_train/seg_train/mountain/2618.jpg,real,intel,mountain,train
/content/diffusion_local/train/FAKE/2204 (7).jpg,fake,diffusion,cifar_object,train
/content/gan_local/real_vs_fake/real-vs-fake/train/fake/Z7U263UPLQ.jpg,fake,gan,face,train
/content/diffusion_local/train/FAKE/1598 (4).jpg,fake,diffusion,cifar_object,train
/content/diffusion_local/train/REAL/3815 (9).jpg,real,diffusion,cifar_object,train
/content/diffusion_local/train/FAKE/5637 (7).jpg,fake,diffusion,cifar_object,train
/content/gan_local/real_vs_fake/real-vs-fake/train/fake/5UTLJ7IRU4.jpg,fake,gan,face,train
/content/diffusion_local/train/REAL/3787 (9).jpg,real,diffusion,cifar_object,train
/content/diffusion_local/train/REAL/4250 (5).jpg,real,diffusion,cifar_object,train
/content/diffusion_local/train/REAL/1741 (8).jpg,real,diffusion,cifar_object,train
/content/intel_local/seg_train/seg_train/sea/569.jpg,real,intel,sea,train
/content/intel_local/seg_test/seg_test/glacier/20211.jpg,real,intel,glacier,test
/content/intel_local/seg_train/seg_train/sea/13194.jpg,real,intel,sea,train
/content/diffusion_local/test/FAKE/402 (4).jpg,fake,diffusion,cifar_object,test
/content/gan_local/real_vs_fake/real-vs-fake/train/fake/TAC5GK7BTN.jpg,fake,gan,face,train
/content/gan_local/real_vs_fake/real-vs-fake/train/fake/DE111X6N4M.jpg,fake,gan,face,train
/content/intel_local/seg_train/seg_train/sea/6742.jpg,real,intel,sea,train
/content/intel_local/seg_train/seg_train/forest/1757.jpg,real,intel,forest,train
/content/diffusion_local/train/FAKE/4276 (6).jpg,fake,diffusion,cifar_object,train
/content/gan_local/real_vs_fake/real-vs-fake/valid/fake/31FPI342V9.jpg,fake,gan,face,valid
/content/diffusion_local/train/FAKE/2697 (9).jpg,fake,diffusion,cifar_object,train
/content/diffusion_local/test/FAKE/873 (5).jpg,fake,diffusion,cifar_object,test
/content/gan_local/real_vs_fake/real-vs-fake/test/fake/N042MU1OVI.jpg,fake,gan,face,test
/content/diffusion_local/train/FAKE/5456 (4).jpg,fake,diffusion,cifar_object,train
/content/gan_local/real_vs_fake/real-vs-fake/train/fake/IOSA5OVW8B.jpg,fake,gan,face,train
/content/diffusion_local/train/FAKE/1421 (8).jpg,fake,diffusion,cifar_object,train
/content/diffusion_local/train/REAL/2820 (3).jpg,real,diffusion,cifar_object,train
/content/diffusion_local/train/FAKE/4973 (5).jpg,fake,diffusion,cifar_object,train
/content/gan_local/real_vs_fake/real-vs-fake/train/fake/TZVBRX6UZN.jpg,fake,gan,face,train
/content/diffusion_local/train/FAKE/4019 (8).jpg,fake,diffusion,cifar_object,train
/content/general_ai_local/AiArtData/AiArtData/original-a7d94b3e8208048992a9732624e4c7fd.png,fake,general_ai,AiArtData,train
/content/gan_local/real_vs_fake/real-vs-fake/test/real/65550.jpg,real,gan,face,test
/content/diffusion_local/train/REAL/4738 (5).jpg,real,diffusion,cifar_object,train
/content/gan_local/real_vs_fake/real-vs-fake/train/fake/QGZH1GUKAZ.jpg,fake,gan,face,train
/content/intel_local/seg_train/seg_train/street/260.jpg,real,intel,street,train
/content/intel_local/seg_train/seg_train/buildings/1786.jpg,real,intel,buildings,train
/content/diffusion_local/train/FAKE/5761.jpg,fake,diffusion,cifar_object,train
/content/gan_local/real_vs_fake/real-vs-fake/valid/fake/1WUA0G1VG1.jpg,fake,gan,face,valid
/content/gan_local/real_vs_fake/real-vs-fake/train/real/48393.jpg,real,gan,face,train
/content/gan_local/real_vs_fake/real-vs-fake/valid/fake/YREMXBFW27.jpg,fake,gan,face,valid
/content/diffusion_local/train/FAKE/5497 (8).jpg,fake,diffusion,cifar_object,train
/content/intel_local/seg_train/seg_train/forest/17144.jpg,real,intel,forest,train
/content/diffusion_local/train/FAKE/4154 (3).jpg,fake,diffusion,cifar_object,train
/content/gan_local/real_vs_fake/real-vs-fake/train/fake/3ST7FHKPXT.jpg,fake,gan,face,train
/content/gan_local/real_vs_fake/real-vs-fake/valid/real/34111.jpg,real,gan,face,valid
/content/gan_local/real_vs_fake/real-vs-fake/train/fake/TLA2E6FNOX.jpg,fake,gan,face,train
/content/intel_local/seg_train/seg_train/forest/6514.jpg,real,intel,forest,train
/content/gan_local/real_vs_fake/real-vs-fake/valid/real/35073.jpg,real,gan,face,valid
/content/diffusion_local/train/FAKE/2227 (2).jpg,fake,diffusion,cifar_object,train
/content/diffusion_local/train/FAKE/3761 (3).jpg,fake,diffusion,cifar_object,train
/content/diffusion_local/train/FAKE/4321 (3).jpg,fake,diffusion,cifar_object,train
/content/diffusion_local/train/REAL/1930 (7).jpg,real,diffusion,cifar_object,train
/content/intel_local/seg_train/seg_train/sea/14468.jpg,real,intel,sea,train
/content/gan_local/real_vs_fake/real-vs-fake/train/fake/NWJCGY7IM9.jpg,fake,gan,face,train
/content/diffusion_local/train/REAL/1789 (7).jpg,real,diffusion,cifar_object,train
/content/gan_local/real_vs_fake/real-vs-fake/train/fake/7YFECJ7FGJ.jpg,fake,gan,face,train
/content/gan_local/real_vs_fake/real-vs-fake/valid/fake/MFAORC682M.jpg,fake,gan,face,valid
/content/general_ai_local/AiArtData/AiArtData/ai-portraits-celebrities-beyonce.jpg,fake,general_ai,AiArtData,train
/content/gan_local/real_vs_fake/real-vs-fake/test/real/32823.jpg,real,gan,face,test
/content/gan_local/real_vs_fake/real-vs-fake/train/real/07911.jpg,real,gan,face,train
/content/intel_local/seg_train/seg_train/buildings/12925.jpg,real,intel,buildings,train
/content/gan_local/real_vs_fake/real-vs-fake/train/fake/HE6JG2A6ZV.jpg,fake,gan,face,train
/content/general_ai_local/AiArtData/AiArtData/essay-v2-gettyimages-1221733403.jpg,fake,general_ai,AiArtData,train
/content/diffusion_local/train/REAL/3133 (9).jpg,real,diffusion,cifar_object,train
/content/diffusion_local/train/FAKE/1266 (7).jpg,fake,diffusion,cifar_object,train
/content/gan_local/real_vs_fake/real-vs-fake/test/real/53737.jpg,real,gan,face,test
/content/intel_local/seg_test/seg_test/street/22156.jpg,real,intel,street,test
/content/gan_local/real_vs_fake/real-vs-fake/train/fake/XCZB3W5D3K.jpg,fake,gan,face,train
/content/gan_local/real_vs_fake/real-vs-fake/train/real/63269.jpg,real,gan,face,train
/content/diffusion_local/train/FAKE/2474 (7).jpg,fake,diffusion,cifar_object,train
/content/diffusion_local/train/REAL/2331 (5).jpg,real,diffusion,cifar_object,train
/content/intel_local/seg_train/seg_train/forest/7674.jpg,real,intel,forest,train
/content/intel_local/seg_test/seg_test/forest/21139.jpg,real,intel,forest,test
/content/intel_local/seg_train/seg_train/sea/17564.jpg,real,intel,sea,train
/content/intel_local/seg_train/seg_train/glacier/214.jpg,real,intel,glacier,train
/content/gan_local/real_vs_fake/real-vs-fake/train/fake/S0TXVRV9CY.jpg,fake,gan,face,train
/content/gan_local/real_vs_fake/real-vs-fake/valid/fake/G88TF4TO8X.jpg,fake,gan,face,valid
/content/gan_local/real_vs_fake/real-vs-fake/test/real/53416.jpg,real,gan,face,test
/content/gan_local/real_vs_fake/real-vs-fake/train/fake/VZV7J9PKLF.jpg,fake,gan,face,train
/content/diffusion_local/train/REAL/4763 (9).jpg,real,diffusion,cifar_object,train
/content/diffusion_local/test/REAL/0315 (9).jpg,real,diffusion,cifar_object,test
/content/intel_local/seg_train/seg_train/sea/15412.jpg,real,intel,sea,train
/content/intel_local/seg_train/seg_train/buildings/6702.jpg,real,intel,buildings,train
/content/diffusion_local/train/REAL/3015 (2).jpg,real,diffusion,cifar_object,train
/content/gan_local/real_vs_fake/real-vs-fake/valid/real/41916.jpg,real,gan,face,valid
/content/intel_local/seg_test/seg_test/glacier/23497.jpg,real,intel,glacier,test
/content/gan_local/real_vs_fake/real-vs-fake/test/fake/9YI27JVUGH.jpg,fake,gan,face,test
/content/diffusion_local/train/REAL/1196 (4).jpg,real,diffusion,cifar_object,train
/content/intel_local/seg_test/seg_test/sea/22484.jpg,real,intel,sea,test
/content/diffusion_local/train/FAKE/3488 (4).jpg,fake,diffusion,cifar_object,train
/content/diffusion_local/train/REAL/0067 (5).jpg,real,diffusion,cifar_object,train
/content/gan_local/real_vs_fake/real-vs-fake/train/fake/ICKP99NFG3.jpg,fake,gan,face,train
/content/diffusion_local/train/REAL/0588.jpg,real,diffusion,cifar_object,train
/content/intel_local/seg_train/seg_train/buildings/8241.jpg,real,intel,buildings,train
/content/diffusion_local/train/REAL/3027 (10).jpg,real,diffusion,cifar_object,train
/content/gan_local/real_vs_fake/real-vs-fake/test/fake/ARDJYRHNMG.jpg,fake,gan,face,test
/content/intel_local/seg_test/seg_test/buildings/20064.jpg,real,intel,buildings,test
/content/gan_local/real_vs_fake/real-vs-fake/train/real/38090.jpg,real,gan,face,train
/content/gan_local/real_vs_fake/real-vs-fake/train/fake/Y1TMRS8H28.jpg,fake,gan,face,train
/content/gan_local/real_vs_fake/real-vs-fake/train/fake/99ZJ5PSYI4.jpg,fake,gan,face,train
/content/gan_local/real_vs_fake/real-vs-fake/train/real/31989.jpg,real,gan,face,train
/content/gan_local/real_vs_fake/real-vs-fake/valid/real/61393.jpg,real,gan,face,valid
/content/diffusion_local/test/FAKE/129 (5).jpg,fake,diffusion,cifar_object,test
/content/gan_local/real_vs_fake/real-vs-fake/valid/fake/OGJLOPNHOT.jpg,fake,gan,face,valid
/content/gan_local/real_vs_fake/real-vs-fake/train/fake/M54QUSM9SL.jpg,fake,gan,face,train
/content/gan_local/real_vs_fake/real-vs-fake/test/fake/T1V5H9PEUC.jpg,fake,gan,face,test
/content/intel_local/seg_train/seg_train/sea/13502.jpg,real,intel,sea,train
/content/gan_local/real_vs_fake/real-vs-fake/train/fake/KBYNMYPXC5.jpg,fake,gan,face,train
/content/intel_local/seg_train/seg_train/mountain/12014.jpg,real,intel,mountain,train
/content/diffusion_local/test/FAKE/792 (4).jpg,fake,diffusion,cifar_object,test
/content/gan_local/real_vs_fake/real-vs-fake/train/fake/05Z1C2NQB1.jpg,fake,gan,face,train
/content/gan_local/real_vs_fake/real-vs-fake/valid/fake/VL0OTDTKGF.jpg,fake,gan,face,valid
/content/diffusion_local/test/REAL/0896 (9).jpg,real,diffusion,cifar_object,test
/content/diffusion_local/train/FAKE/2190 (4).jpg,fake,diffusion,cifar_object,train
/content/diffusion_local/train/REAL/0405 (4).jpg,real,diffusion,cifar_object,train
/content/diffusion_local/train/FAKE/1592 (8).jpg,fake,diffusion,cifar_object,train
/content/diffusion_local/train/FAKE/3167 (6).jpg,fake,diffusion,cifar_object,train
/content/general_ai_local/AiArtData/AiArtData/0qL4hrXp-V_NW-FR-.jpg,fake,general_ai,AiArtData,train
/content/gan_local/real_vs_fake/real-vs-fake/train/fake/VSA2H66KY5.jpg,fake,gan,face,train
/content/gan_local/real_vs_fake/real-vs-fake/train/fake/CX8LYHEFQZ.jpg,fake,gan,face,train
/content/gan_local/real_vs_fake/real-vs-fake/test/real/05451.jpg,real,gan,face,test
/content/intel_local/seg_train/seg_train/sea/12910.jpg,real,intel,sea,train
/content/gan_local/real_vs_fake/real-vs-fake/train/real/25776.jpg,real,gan,face,train
/content/intel_local/seg_train/seg_train/sea/15341.jpg,real,intel,sea,train
/content/intel_local/seg_train/seg_train/buildings/17805.jpg,real,intel,buildings,train
/content/gan_local/real_vs_fake/real-vs-fake/train/fake/QGXUAKW3DH.jpg,fake,gan,face,train
/content/gan_local/real_vs_fake/real-vs-fake/train/real/35966.jpg,real,gan,face,train
/content/intel_local/seg_test/seg_test/mountain/22391.jpg,real,intel,mountain,test
/content/diffusion_local/test/FAKE/908 (10).jpg,fake,diffusion,cifar_object,test
/content/diffusion_local/train/FAKE/4761 (8).jpg,fake,diffusion,cifar_object,train
/content/intel_local/seg_train/seg_train/forest/17179.jpg,real,intel,forest,train
/content/diffusion_local/train/FAKE/3230 (3).jpg,fake,diffusion,cifar_object,train
/content/gan_local/real_vs_fake/real-vs-fake/train/fake/N2ZJCFAVZ3.jpg,fake,gan,face,train
/content/gan_local/real_vs_fake/real-vs-fake/train/fake/ELRB3DSTN3.jpg,fake,gan,face,train
/content/gan_local/real_vs_fake/real-vs-fake/valid/real/38268.jpg,real,gan,face,valid
/content/intel_local/seg_train/seg_train/street/5260.jpg,real,intel,street,train
/content/gan_local/real_vs_fake/real-vs-fake/test/real/35024.jpg,real,gan,face,test
/content/general_ai_local/AiArtData/AiArtData/6324662e5ee3110438933c1b_COBE-Pink-Elephant-Midjourney-Article.jpg,fake,general_ai,AiArtData,train
/content/intel_local/seg_train/seg_train/glacier/5904.jpg,real,intel,glacier,train
/content/gan_local/real_vs_fake/real-vs-fake/train/fake/OX82FQ3241.jpg,fake,gan,face,train
/content/diffusion_local/train/REAL/2429 (3).jpg,real,diffusion,cifar_object,train
/content/intel_local/seg_test/seg_test/buildings/22531.jpg,real,intel,buildings,test
/content/diffusion_local/train/REAL/0050 (8).jpg,real,diffusion,cifar_object,train
/content/intel_local/seg_train/seg_train/sea/12027.jpg,real,intel,sea,train
/content/gan_local/real_vs_fake/real-vs-fake/valid/fake/GFTR57ZTIC.jpg,fake,gan,face,valid
/content/gan_local/real_vs_fake/real-vs-fake/train/fake/GETX4RIXZL.jpg,fake,gan,face,train
/content/intel_local/seg_train/seg_train/street/9600.jpg,real,intel,street,train
/content/diffusion_local/train/FAKE/1216.jpg,fake,diffusion,cifar_object,train
/content/diffusion_local/train/FAKE/5900 (2).jpg,fake,diffusion,cifar_object,train
/content/gan_local/real_vs_fake/real-vs-fake/train/fake/CX16QSAREO.jpg,fake,gan,face,train
/content/intel_local/seg_train/seg_train/mountain/293.jpg,real,intel,mountain,train
/content/gan_local/real_vs_fake/real-vs-fake/train/fake/0O468LNEHF.jpg,fake,gan,face,train
/content/gan_local/real_vs_fake/real-vs-fake/train/fake/DH91G2EPQB.jpg,fake,gan,face,train
/content/diffusion_local/train/FAKE/3560 (3).jpg,fake,diffusion,cifar_object,train
/content/general_ai_local/AiArtData/AiArtData/Header-2.jpg,fake,general_ai,AiArtData,train
/content/diffusion_local/train/REAL/2545 (3).jpg,real,diffusion,cifar_object,train
/content/diffusion_local/train/FAKE/1406 (8).jpg,fake,diffusion,cifar_object,train
/content/diffusion_local/test/FAKE/906 (9).jpg,fake,diffusion,cifar_object,test
/content/diffusion_local/train/FAKE/1121 (9).jpg,fake,diffusion,cifar_object,train
/content/diffusion_local/train/FAKE/3239 (7).jpg,fake,diffusion,cifar_object,train
/content/gan_local/real_vs_fake/real-vs-fake/train/fake/GGW5RGII71.jpg,fake,gan,face,train
/content/gan_local/real_vs_fake/real-vs-fake/train/real/01656.jpg,real,gan,face,train
/content/diffusion_local/train/FAKE/4410 (8).jpg,fake,diffusion,cifar_object,train
/content/gan_local/real_vs_fake/real-vs-fake/train/fake/6PZSY7DDGJ.jpg,fake,gan,face,train
/content/diffusion_local/train/FAKE/1442 (8).jpg,fake,diffusion,cifar_object,train
/content/gan_local/real_vs_fake/real-vs-fake/train/fake/D3FTY5OODK.jpg,fake,gan,face,train
/content/intel_local/seg_test/seg_test/mountain/23212.jpg,real,intel,mountain,test
/content/diffusion_local/train/FAKE/5891 (7).jpg,fake,diffusion,cifar_object,train
/content/diffusion_local/train/FAKE/5234 (2).jpg,fake,diffusion,cifar_object,train
/content/intel_local/seg_train/seg_train/street/18313.jpg,real,intel,street,train
/content/gan_local/real_vs_fake/real-vs-fake/train/fake/CRPMBB8MMM.jpg,fake,gan,face,train
/content/general_ai_local/RealArt/RealArt/people-rocco-giannetti-2023-2000x1125_1682531615_1024x576.jpg,real,general_ai,RealArt,train
/content/diffusion_local/train/FAKE/4006.jpg,fake,diffusion,cifar_object,train
/content/intel_local/seg_train/seg_train/mountain/7332.jpg,real,intel,mountain,train
/content/diffusion_local/train/FAKE/3211.jpg,fake,diffusion,cifar_object,train
/content/gan_local/real_vs_fake/real-vs-fake/train/fake/06S1ZDWK2P.jpg,fake,gan,face,train
/content/intel_local/seg_train/seg_train/forest/7408.jpg,real,intel,forest,train
/content/gan_local/real_vs_fake/real-vs-fake/train/real/29558.jpg,real,gan,face,train
/content/general_ai_local/RealArt/RealArt/famous-portrait-paintings_wide-3-2-636b81a7177ce.png,real,general_ai,RealArt,train
/content/diffusion_local/train/FAKE/5964 (6).jpg,fake,diffusion,cifar_object,train
/content/diffusion_local/train/FAKE/2808 (8).jpg,fake,diffusion,cifar_object,train
/content/gan_local/real_vs_fake/real-vs-fake/train/fake/UYWKHLKEWK.jpg,fake,gan,face,train
/content/gan_local/real_vs_fake/real-vs-fake/train/fake/JGEOWNZNEJ.jpg,fake,gan,face,train
/content/gan_local/real_vs_fake/real-vs-fake/train/real/21746.jpg,real,gan,face,train
/content/intel_local/seg_train/seg_train/street/17557.jpg,real,intel,street,train
/content/intel_local/seg_train/seg_train/glacier/15957.jpg,real,intel,glacier,train
/content/intel_local/seg_train/seg_train/sea/17942.jpg,real,intel,sea,train
/content/diffusion_local/train/REAL/4993 (9).jpg,real,diffusion,cifar_object,train
/content/diffusion_local/train/FAKE/1999 (5).jpg,fake,diffusion,cifar_object,train
/content/gan_local/real_vs_fake/real-vs-fake/train/fake/KOS9SMH5SV.jpg,fake,gan,face,train
/content/gan_local/real_vs_fake/real-vs-fake/train/fake/JVM4W59C4R.jpg,fake,gan,face,train
/content/diffusion_local/train/REAL/4497 (6).jpg,real,diffusion,cifar_object,train
/content/gan_local/real_vs_fake/real-vs-fake/train/real/30363.jpg,real,gan,face,train
/content/gan_local/real_vs_fake/real-vs-fake/train/fake/1HORUELCSF.jpg,fake,gan,face,train
/content/gan_local/real_vs_fake/real-vs-fake/train/fake/VBRP3DIVQR.jpg,fake,gan,face,train
/content/intel_local/seg_train/seg_train/buildings/15905.jpg,real,intel,buildings,train
/content/gan_local/real_vs_fake/real-vs-fake/train/real/28909.jpg,real,gan,face,train
/content/diffusion_local/train/FAKE/1346 (9).jpg,fake,diffusion,cifar_object,train
/content/diffusion_local/train/FAKE/3221 (7).jpg,fake,diffusion,cifar_object,train
/content/gan_local/real_vs_fake/real-vs-fake/train/fake/CVTFPW0HP7.jpg,fake,gan,face,train
/content/gan_local/real_vs_fake/real-vs-fake/train/real/12503.jpg,real,gan,face,train
/content/intel_local/seg_train/seg_train/buildings/18438.jpg,real,intel,buildings,train
/content/intel_local/seg_train/seg_train/buildings/13352.jpg,real,intel,buildings,train
/content/intel_local/seg_train/seg_train/sea/11292.jpg,real,intel,sea,train
/content/diffusion_local/train/REAL/0597 (5).jpg,real,diffusion,cifar_object,train
/content/gan_local/real_vs_fake/real-vs-fake/train/fake/H6X0JX2LOS.jpg,fake,gan,face,train
/content/diffusion_local/train/FAKE/3721 (5).jpg,fake,diffusion,cifar_object,train
/content/diffusion_local/train/FAKE/2427 (10).jpg,fake,diffusion,cifar_object,train
/content/gan_local/real_vs_fake/real-vs-fake/train/real/35138.jpg,real,gan,face,train
/content/diffusion_local/train/FAKE/4345 (10).jpg,fake,diffusion,cifar_object,train
/content/gan_local/real_vs_fake/real-vs-fake/valid/real/44518.jpg,real,gan,face,valid
/content/intel_local/seg_train/seg_train/sea/18445.jpg,real,intel,sea,train
/content/diffusion_local/train/FAKE/2633 (10).jpg,fake,diffusion,cifar_object,train
/content/gan_local/real_vs_fake/real-vs-fake/test/real/46864.jpg,real,gan,face,test
/content/general_ai_local/AiArtData/AiArtData/ai_image_landscape_12x.png,fake,general_ai,AiArtData,train
/content/diffusion_local/train/FAKE/5432 (2).jpg,fake,diffusion,cifar_object,train
/content/diffusion_local/train/FAKE/5572 (5).jpg,fake,diffusion,cifar_object,train
/content/general_ai_local/AiArtData/AiArtData/737a36cc-c873-4451-90a5-271f2eae7778_landing-ai-portrait-img-3.png,fake,general_ai,AiArtData,train
/content/general_ai_local/AiArtData/AiArtData/images89.jpg,fake,general_ai,AiArtData,train
/content/gan_local/real_vs_fake/real-vs-fake/test/fake/HNCU6AHNCH.jpg,fake,gan,face,test
/content/gan_local/real_vs_fake/real-vs-fake/train/fake/ANPSRTGXBO.jpg,fake,gan,face,train
/content/intel_local/seg_test/seg_test/mountain/20575.jpg,real,intel,mountain,test
/content/gan_local/real_vs_fake/real-vs-fake/train/fake/Q785VXWIXP.jpg,fake,gan,face,train
/content/diffusion_local/train/FAKE/5039 (7).jpg,fake,diffusion,cifar_object,train
/content/diffusion_local/train/FAKE/1962 (8).jpg,fake,diffusion,cifar_object,train
/content/diffusion_local/train/REAL/3605 (9).jpg,real,diffusion,cifar_object,train
/content/gan_local/real_vs_fake/real-vs-fake/train/real/09389.jpg,real,gan,face,train
/content/gan_local/real_vs_fake/real-vs-fake/train/fake/T9NNB20A1W.jpg,fake,gan,face,train
/content/diffusion_local/train/FAKE/3981 (6).jpg,fake,diffusion,cifar_object,train
/content/diffusion_local/train/REAL/3487.jpg,real,diffusion,cifar_object,train
/content/gan_local/real_vs_fake/real-vs-fake/train/fake/L4DSQXM9E4.jpg,fake,gan,face,train
/content/gan_local/real_vs_fake/real-vs-fake/train/fake/BOHII5O8JF.jpg,fake,gan,face,train
/content/intel_local/seg_train/seg_train/buildings/9807.jpg,real,intel,buildings,train
/content/gan_local/real_vs_fake/real-vs-fake/train/fake/M037M72KJR.jpg,fake,gan,face,train
/content/diffusion_local/train/REAL/4666 (9).jpg,real,diffusion,cifar_object,train
/content/general_ai_local/AiArtData/AiArtData/colombe.jpg,fake,general_ai,AiArtData,train
/content/gan_local/real_vs_fake/real-vs-fake/train/fake/94BLO221OT.jpg,fake,gan,face,train
/content/gan_local/real_vs_fake/real-vs-fake/test/fake/YO22OES5E8.jpg,fake,gan,face,test
/content/gan_local/real_vs_fake/real-vs-fake/test/fake/X21GZSF15A.jpg,fake,gan,face,test
/content/diffusion_local/train/FAKE/5193 (9).jpg,fake,diffusion,cifar_object,train
/content/intel_local/seg_train/seg_train/mountain/13125.jpg,real,intel,mountain,train
/content/intel_local/seg_train/seg_train/buildings/18456.jpg,real,intel,buildings,train
/content/gan_local/real_vs_fake/real-vs-fake/train/real/51931.jpg,real,gan,face,train
/content/intel_local/seg_train/seg_train/glacier/5300.jpg,real,intel,glacier,train
/content/diffusion_local/train/FAKE/2927 (7).jpg,fake,diffusion,cifar_object,train
/content/general_ai_local/AiArtData/AiArtData/midjourney-tools-tips-for-photographers-photography-photo-realistic.png,fake,general_ai,AiArtData,train
/content/intel_local/seg_train/seg_train/glacier/6128.jpg,real,intel,glacier,train
/content/gan_local/real_vs_fake/real-vs-fake/train/fake/OASTOELEX8.jpg,fake,gan,face,train
/content/diffusion_local/train/FAKE/5031 (7).jpg,fake,diffusion,cifar_object,train
/content/gan_local/real_vs_fake/real-vs-fake/train/real/45075.jpg,real,gan,face,train
/content/gan_local/real_vs_fake/real-vs-fake/train/real/36869.jpg,real,gan,face,train
/content/diffusion_local/train/FAKE/1665 (8).jpg,fake,diffusion,cifar_object,train
/content/gan_local/real_vs_fake/real-vs-fake/test/fake/48FBMSKEN6.jpg,fake,gan,face,test
/content/diffusion_local/train/FAKE/3637 (2).jpg,fake,diffusion,cifar_object,train
/content/gan_local/real_vs_fake/real-vs-fake/train/fake/9JNTFREGVD.jpg,fake,gan,face,train
/content/gan_local/real_vs_fake/real-vs-fake/test/real/44094.jpg,real,gan,face,test
/content/diffusion_local/test/FAKE/579 (6).jpg,fake,diffusion,cifar_object,test
/content/gan_local/real_vs_fake/real-vs-fake/train/real/50712.jpg,real,gan,face,train
/content/intel_local/seg_train/seg_train/forest/18311.jpg,real,intel,forest,train
/content/gan_local/real_vs_fake/real-vs-fake/train/real/22905.jpg,real,gan,face,train
/content/diffusion_local/train/REAL/2207 (4).jpg,real,diffusion,cifar_object,train
/content/diffusion_local/train/REAL/2198 (8).jpg,real,diffusion,cifar_object,train
/content/diffusion_local/train/FAKE/5970.jpg,fake,diffusion,cifar_object,train
/content/diffusion_local/train/FAKE/2001 (7).jpg,fake,diffusion,cifar_object,train
/content/intel_local/seg_train/seg_train/forest/9883.jpg,real,intel,forest,train
/content/diffusion_local/train/FAKE/2793 (8).jpg,fake,diffusion,cifar_object,train
/content/gan_local/real_vs_fake/real-vs-fake/train/fake/AZPLC0VFG0.jpg,fake,gan,face,train
/content/diffusion_local/train/REAL/0632 (4).jpg,real,diffusion,cifar_object,train
/content/diffusion_local/train/FAKE/3972 (6).jpg,fake,diffusion,cifar_object,train
/content/gan_local/real_vs_fake/real-vs-fake/train/fake/RLUVZVD8HT.jpg,fake,gan,face,train
/content/diffusion_local/train/FAKE/1443.jpg,fake,diffusion,cifar_object,train
/content/diffusion_local/test/REAL/0858.jpg,real,diffusion,cifar_object,test
/content/intel_local/seg_train/seg_train/glacier/19486.jpg,real,intel,glacier,train
/content/diffusion_local/train/FAKE/2179 (7).jpg,fake,diffusion,cifar_object,train
/content/diffusion_local/train/FAKE/3779 (5).jpg,fake,diffusion,cifar_object,train
/content/diffusion_local/train/FAKE/3499 (7).jpg,fake,diffusion,cifar_object,train
/content/gan_local/real_vs_fake/real-vs-fake/valid/real/20376.jpg,real,gan,face,valid
/content/intel_local/seg_test/seg_test/sea/21364.jpg,real,intel,sea,test
/content/gan_local/real_vs_fake/real-vs-fake/valid/fake/2I3L0QCKYG.jpg,fake,gan,face,valid
/content/general_ai_local/RealArt/RealArt/12_20201217171040_10852275_large.jpg,real,general_ai,RealArt,train
/content/gan_local/real_vs_fake/real-vs-fake/test/real/20438.jpg,real,gan,face,test
/content/diffusion_local/test/REAL/0121 (7).jpg,real,diffusion,cifar_object,test
/content/intel_local/seg_train/seg_train/mountain/6267.jpg,real,intel,mountain,train
/content/general_ai_local/AiArtData/AiArtData/Blog-Photo-the-science-behind-AI-Generated-content.png,fake,general_ai,AiArtData,train
/content/diffusion_local/train/FAKE/3258 (7).jpg,fake,diffusion,cifar_object,train
/content/diffusion_local/train/FAKE/3143 (7).jpg,fake,diffusion,cifar_object,train
/content/diffusion_local/train/FAKE/4347 (3).jpg,fake,diffusion,cifar_object,train
/content/diffusion_local/test/FAKE/941 (7).jpg,fake,diffusion,cifar_object,test
/content/gan_local/real_vs_fake/real-vs-fake/train/fake/29YDF39O46.jpg,fake,gan,face,train
/content/diffusion_local/train/FAKE/1330 (5).jpg,fake,diffusion,cifar_object,train
/content/intel_local/seg_train/seg_train/street/2810.jpg,real,intel,street,train
/content/intel_local/seg_train/seg_train/sea/11365.jpg,real,intel,sea,train
/content/intel_local/seg_train/seg_train/buildings/10161.jpg,real,intel,buildings,train
/content/gan_local/real_vs_fake/real-vs-fake/train/fake/IMIN5PXAZ6.jpg,fake,gan,face,train
/content/diffusion_local/train/FAKE/5280 (2).jpg,fake,diffusion,cifar_object,train
/content/gan_local/real_vs_fake/real-vs-fake/train/real/07959.jpg,real,gan,face,train
/content/diffusion_local/train/FAKE/2308 (9).jpg,fake,diffusion,cifar_object,train
/content/diffusion_local/train/FAKE/2685 (8).jpg,fake,diffusion,cifar_object,train
/content/diffusion_local/train/FAKE/1906 (3).jpg,fake,diffusion,cifar_object,train
/content/intel_local/seg_train/seg_train/glacier/5348.jpg,real,intel,glacier,train
/content/diffusion_local/train/FAKE/2846 (5).jpg,fake,diffusion,cifar_object,train
/content/diffusion_local/train/REAL/1875 (8).jpg,real,diffusion,cifar_object,train
/content/intel_local/seg_train/seg_train/street/11255.jpg,real,intel,street,train
/content/intel_local/seg_train/seg_train/street/10691.jpg,real,intel,street,train
/content/gan_local/real_vs_fake/real-vs-fake/train/fake/0USU5OAJOJ.jpg,fake,gan,face,train
/content/gan_local/real_vs_fake/real-vs-fake/train/fake/XG48NAYYJX.jpg,fake,gan,face,train
/content/gan_local/real_vs_fake/real-vs-fake/train/fake/1CO38HO6L5.jpg,fake,gan,face,train
/content/intel_local/seg_train/seg_train/mountain/5886.jpg,real,intel,mountain,train
/content/intel_local/seg_train/seg_train/forest/8732.jpg,real,intel,forest,train
/content/gan_local/real_vs_fake/real-vs-fake/valid/fake/EP4DKWTDS0.jpg,fake,gan,face,valid
/content/gan_local/real_vs_fake/real-vs-fake/train/fake/3ZRP94G6C0.jpg,fake,gan,face,train
/content/intel_local/seg_train/seg_train/street/7588.jpg,real,intel,street,train
/content/gan_local/real_vs_fake/real-vs-fake/valid/fake/7S3NHXMHH6.jpg,fake,gan,face,valid
/content/gan_local/real_vs_fake/real-vs-fake/valid/fake/UZ4T4IFFRE.jpg,fake,gan,face,valid
/content/intel_local/seg_train/seg_train/forest/12499.jpg,real,intel,forest,train
/content/gan_local/real_vs_fake/real-vs-fake/train/fake/G0ZZVQ4U5F.jpg,fake,gan,face,train
/content/intel_local/seg_train/seg_train/mountain/12710.jpg,real,intel,mountain,train
/content/intel_local/seg_test/seg_test/street/23233.jpg,real,intel,street,test
/content/diffusion_local/test/FAKE/325 (3).jpg,fake,diffusion,cifar_object,test
/content/general_ai_local/RealArt/RealArt/Threatened-animals-blog-image.jpg,real,general_ai,RealArt,train
/content/gan_local/real_vs_fake/real-vs-fake/train/fake/M9GKOVDPDD.jpg,fake,gan,face,train
/content/diffusion_local/test/REAL/0014 (3).jpg,real,diffusion,cifar_object,test
/content/diffusion_local/test/FAKE/900 (4).jpg,fake,diffusion,cifar_object,test
/content/gan_local/real_vs_fake/real-vs-fake/train/fake/44U87GGP2Z.jpg,fake,gan,face,train
/content/intel_local/seg_train/seg_train/buildings/9578.jpg,real,intel,buildings,train
/content/gan_local/real_vs_fake/real-vs-fake/valid/fake/O7VJVW0738.jpg,fake,gan,face,valid
/content/diffusion_local/train/REAL/2339 (2).jpg,real,diffusion,cifar_object,train
/content/general_ai_local/AiArtData/AiArtData/impossible-animal-hybrids9.jpg,fake,general_ai,AiArtData,train
/content/gan_local/real_vs_fake/real-vs-fake/train/fake/HSAAKEYJ9F.jpg,fake,gan,face,train
/content/gan_local/real_vs_fake/real-vs-fake/test/fake/HBBCU43ZQ1.jpg,fake,gan,face,test
/content/gan_local/real_vs_fake/real-vs-fake/train/fake/91KYLTK427.jpg,fake,gan,face,train
/content/diffusion_local/test/FAKE/827 (9).jpg,fake,diffusion,cifar_object,test
/content/intel_local/seg_train/seg_train/mountain/19312.jpg,real,intel,mountain,train
/content/diffusion_local/train/FAKE/1235 (6).jpg,fake,diffusion,cifar_object,train
/content/diffusion_local/train/FAKE/1360 (8).jpg,fake,diffusion,cifar_object,train
/content/diffusion_local/train/REAL/0764 (8).jpg,real,diffusion,cifar_object,train
/content/diffusion_local/test/FAKE/944 (3).jpg,fake,diffusion,cifar_object,test
/content/gan_local/real_vs_fake/real-vs-fake/test/real/54905.jpg,real,gan,face,test
/content/general_ai_local/AiArtData/AiArtData/64dccffa6728f2a276286964_can-ai-generated-content-rank-on-google.jpg,fake,general_ai,AiArtData,train
/content/intel_local/seg_train/seg_train/street/19031.jpg,real,intel,street,train
/content/diffusion_local/train/FAKE/4507 (8).jpg,fake,diffusion,cifar_object,train
/content/intel_local/seg_train/seg_train/buildings/6759.jpg,real,intel,buildings,train
/content/diffusion_local/train/REAL/0584 (7).jpg,real,diffusion,cifar_object,train
/content/gan_local/real_vs_fake/real-vs-fake/train/fake/3BZT4W6FLI.jpg,fake,gan,face,train
/content/gan_local/real_vs_fake/real-vs-fake/valid/fake/44WOHAGIP4.jpg,fake,gan,face,valid
/content/intel_local/seg_train/seg_train/forest/3687.jpg,real,intel,forest,train
/content/gan_local/real_vs_fake/real-vs-fake/valid/fake/GQKRY80G1J.jpg,fake,gan,face,valid
/content/intel_local/seg_test/seg_test/buildings/22134.jpg,real,intel,buildings,test
/content/gan_local/real_vs_fake/real-vs-fake/train/fake/LMY7YCMYII.jpg,fake,gan,face,train
/content/diffusion_local/train/REAL/0358 (10).jpg,real,diffusion,cifar_object,train
/content/general_ai_local/AiArtData/AiArtData/on-ai-generated-beautiful-flowers-scenery-spring-season-background-293527034.jpg,fake,general_ai,AiArtData,train
/content/gan_local/real_vs_fake/real-vs-fake/train/real/28319.jpg,real,gan,face,train
/content/gan_local/real_vs_fake/real-vs-fake/train/fake/ZNV8KZLR1W.jpg,fake,gan,face,train
/content/intel_local/seg_train/seg_train/sea/6831.jpg,real,intel,sea,train
/content/intel_local/seg_train/seg_train/street/6072.jpg,real,intel,street,train
/content/gan_local/real_vs_fake/real-vs-fake/valid/fake/LSVEDQPX5G.jpg,fake,gan,face,valid
/content/intel_local/seg_train/seg_train/mountain/10454.jpg,real,intel,mountain,train
/content/diffusion_local/train/FAKE/3324 (7).jpg,fake,diffusion,cifar_object,train
/content/gan_local/real_vs_fake/real-vs-fake/train/fake/8QBA5BV8WD.jpg,fake,gan,face,train
/content/intel_local/seg_train/seg_train/glacier/10704.jpg,real,intel,glacier,train
/content/intel_local/seg_train/seg_train/forest/10847.jpg,real,intel,forest,train
/content/diffusion_local/train/FAKE/1606 (4).jpg,fake,diffusion,cifar_object,train
/content/intel_local/seg_train/seg_train/street/9846.jpg,real,intel,street,train
/content/diffusion_local/test/FAKE/939 (9).jpg,fake,diffusion,cifar_object,test
/content/diffusion_local/train/FAKE/5039 (5).jpg,fake,diffusion,cifar_object,train
/content/intel_local/seg_test/seg_test/forest/21852.jpg,real,intel,forest,test
/content/gan_local/real_vs_fake/real-vs-fake/train/real/01274.jpg,real,gan,face,train
/content/intel_local/seg_train/seg_train/forest/19509.jpg,real,intel,forest,train
/content/diffusion_local/train/REAL/2210 (9).jpg,real,diffusion,cifar_object,train
/content/intel_local/seg_test/seg_test/sea/22439.jpg,real,intel,sea,test
/content/gan_local/real_vs_fake/real-vs-fake/train/real/09527.jpg,real,gan,face,train
/content/diffusion_local/test/REAL/0420 (8).jpg,real,diffusion,cifar_object,test
/content/gan_local/real_vs_fake/real-vs-fake/train/real/21727.jpg,real,gan,face,train
/content/gan_local/real_vs_fake/real-vs-fake/train/fake/MR0I1MK9AB.jpg,fake,gan,face,train
/content/intel_local/seg_train/seg_train/mountain/4208.jpg,real,intel,mountain,train
/content/gan_local/real_vs_fake/real-vs-fake/train/real/21903.jpg,real,gan,face,train
/content/gan_local/real_vs_fake/real-vs-fake/train/fake/AJ21D1LPHC.jpg,fake,gan,face,train
/content/gan_local/real_vs_fake/real-vs-fake/train/fake/PWTEDFMNIK.jpg,fake,gan,face,train
/content/diffusion_local/train/REAL/2224.jpg,real,diffusion,cifar_object,train
/content/intel_local/seg_train/seg_train/sea/3327.jpg,real,intel,sea,train
/content/general_ai_local/AiArtData/AiArtData/not-rabbit-not-mouse.jpg,fake,general_ai,AiArtData,train
/content/diffusion_local/train/FAKE/4264 (4).jpg,fake,diffusion,cifar_object,train
/content/general_ai_local/AiArtData/AiArtData/959b0e7558d409e409de7e789d18e026.jpg,fake,general_ai,AiArtData,train
/content/gan_local/real_vs_fake/real-vs-fake/train/real/26067.jpg,real,gan,face,train
/content/gan_local/real_vs_fake/real-vs-fake/test/fake/QKL18HSI9R.jpg,fake,gan,face,test
/content/diffusion_local/train/FAKE/5938 (5).jpg,fake,diffusion,cifar_object,train
/content/gan_local/real_vs_fake/real-vs-fake/train/fake/ZP2KMGSX4E.jpg,fake,gan,face,train
/content/intel_local/seg_train/seg_train/buildings/256.jpg,real,intel,buildings,train
/content/gan_local/real_vs_fake/real-vs-fake/train/fake/YJS10STIRC.jpg,fake,gan,face,train
/content/diffusion_local/train/FAKE/1500 (6).jpg,fake,diffusion,cifar_object,train
/content/gan_local/real_vs_fake/real-vs-fake/train/real/57759.jpg,real,gan,face,train
/content/gan_local/real_vs_fake/real-vs-fake/train/fake/ET0ETPE8Y8.jpg,fake,gan,face,train
/content/general_ai_local/AiArtData/AiArtData/96715731.jpg,fake,general_ai,AiArtData,train
/content/diffusion_local/test/FAKE/245 (8).jpg,fake,diffusion,cifar_object,test
/content/gan_local/real_vs_fake/real-vs-fake/train/fake/3RIXCO3QL0.jpg,fake,gan,face,train
/content/diffusion_local/train/FAKE/4056 (10).jpg,fake,diffusion,cifar_object,train
/content/diffusion_local/train/FAKE/2607 (5).jpg,fake,diffusion,cifar_object,train
/content/intel_local/seg_train/seg_train/buildings/11471.jpg,real,intel,buildings,train
/content/gan_local/real_vs_fake/real-vs-fake/train/real/55409.jpg,real,gan,face,train
/content/gan_local/real_vs_fake/real-vs-fake/test/real/18029.jpg,real,gan,face,test
/content/intel_local/seg_train/seg_train/forest/4051.jpg,real,intel,forest,train
/content/intel_local/seg_train/seg_train/glacier/2897.jpg,real,intel,glacier,train
/content/gan_local/real_vs_fake/real-vs-fake/train/real/63451.jpg,real,gan,face,train
/content/gan_local/real_vs_fake/real-vs-fake/train/fake/LGEBT3OB3H.jpg,fake,gan,face,train
/content/gan_local/real_vs_fake/real-vs-fake/train/fake/OEI0B65715.jpg,fake,gan,face,train
/content/diffusion_local/train/FAKE/2674 (8).jpg,fake,diffusion,cifar_object,train
/content/gan_local/real_vs_fake/real-vs-fake/train/real/21197.jpg,real,gan,face,train
/content/gan_local/real_vs_fake/real-vs-fake/test/fake/WJLGUXBGSN.jpg,fake,gan,face,test
/content/intel_local/seg_train/seg_train/mountain/18218.jpg,real,intel,mountain,train
/content/general_ai_local/AiArtData/AiArtData/alice.png,fake,general_ai,AiArtData,train
/content/intel_local/seg_train/seg_train/mountain/8136.jpg,real,intel,mountain,train
/content/diffusion_local/test/FAKE/423 (8).jpg,fake,diffusion,cifar_object,test
/content/diffusion_local/train/FAKE/4762 (4).jpg,fake,diffusion,cifar_object,train
/content/diffusion_local/train/FAKE/3435 (7).jpg,fake,diffusion,cifar_object,train
/content/gan_local/real_vs_fake/real-vs-fake/train/real/28688.jpg,real,gan,face,train
/content/gan_local/real_vs_fake/real-vs-fake/train/real/14403.jpg,real,gan,face,train
/content/diffusion_local/train/FAKE/5350 (8).jpg,fake,diffusion,cifar_object,train
/content/diffusion_local/train/FAKE/5150 (3).jpg,fake,diffusion,cifar_object,train
/content/general_ai_local/AiArtData/AiArtData/merlin_145496349_2ef618d1-e2db-41ac-bfc0-333987273896-superJumbo.jpg,fake,general_ai,AiArtData,train
/content/diffusion_local/train/FAKE/2127 (3).jpg,fake,diffusion,cifar_object,train
/content/gan_local/real_vs_fake/real-vs-fake/train/fake/T3IJ9HHX2M.jpg,fake,gan,face,train
/content/diffusion_local/train/FAKE/4422 (6).jpg,fake,diffusion,cifar_object,train
/content/gan_local/real_vs_fake/real-vs-fake/train/real/44317.jpg,real,gan,face,train
/content/diffusion_local/test/FAKE/753.jpg,fake,diffusion,cifar_object,test
/content/diffusion_local/train/REAL/2208 (6).jpg,real,diffusion,cifar_object,train
/content/gan_local/real_vs_fake/real-vs-fake/valid/real/69221.jpg,real,gan,face,valid
/content/diffusion_local/train/FAKE/1977 (9).jpg,fake,diffusion,cifar_object,train
/content/intel_local/seg_train/seg_train/glacier/19273.jpg,real,intel,glacier,train
/content/gan_local/real_vs_fake/real-vs-fake/test/real/69838.jpg,real,gan,face,test
/content/gan_local/real_vs_fake/real-vs-fake/train/fake/D743OXXQJV.jpg,fake,gan,face,train
/content/gan_local/real_vs_fake/real-vs-fake/train/fake/W9EHKNLKNR.jpg,fake,gan,face,train
/content/gan_local/real_vs_fake/real-vs-fake/test/fake/7YPQD3F67F.jpg,fake,gan,face,test
/content/gan_local/real_vs_fake/real-vs-fake/train/fake/O5DDVNQ8E1.jpg,fake,gan,face,train
/content/gan_local/real_vs_fake/real-vs-fake/test/real/57298.jpg,real,gan,face,test
/content/gan_local/real_vs_fake/real-vs-fake/train/fake/DNA6RUWPGZ.jpg,fake,gan,face,train
/content/general_ai_local/RealArt/RealArt/header-african-american-health-equity-500x500-1.jpg,real,general_ai,RealArt,train
/content/intel_local/seg_train/seg_train/glacier/8735.jpg,real,intel,glacier,train
/content/intel_local/seg_train/seg_train/mountain/13445.jpg,real,intel,mountain,train
/content/diffusion_local/train/FAKE/3718.jpg,fake,diffusion,cifar_object,train
/content/intel_local/seg_train/seg_train/mountain/17504.jpg,real,intel,mountain,train
/content/intel_local/seg_train/seg_train/forest/11662.jpg,real,intel,forest,train
/content/intel_local/seg_train/seg_train/street/5809.jpg,real,intel,street,train
/content/diffusion_local/train/FAKE/2110 (6).jpg,fake,diffusion,cifar_object,train
/content/diffusion_local/train/FAKE/5384 (3).jpg,fake,diffusion,cifar_object,train
/content/gan_local/real_vs_fake/real-vs-fake/train/fake/N2O6C7ZHVD.jpg,fake,gan,face,train
/content/general_ai_local/AiArtData/AiArtData/1ayKvyXsQfIHS7OOCswZA1g.png,fake,general_ai,AiArtData,train
/content/gan_local/real_vs_fake/real-vs-fake/train/real/11393.jpg,real,gan,face,train
/content/intel_local/seg_train/seg_train/street/17693.jpg,real,intel,street,train
/content/gan_local/real_vs_fake/real-vs-fake/train/real/53494.jpg,real,gan,face,train
/content/diffusion_local/train/FAKE/1269 (10).jpg,fake,diffusion,cifar_object,train
/content/intel_local/seg_train/seg_train/sea/16746.jpg,real,intel,sea,train
/content/diffusion_local/train/FAKE/2463 (6).jpg,fake,diffusion,cifar_object,train
/content/diffusion_local/train/REAL/3281 (10).jpg,real,diffusion,cifar_object,train
/content/gan_local/real_vs_fake/real-vs-fake/train/real/40557.jpg,real,gan,face,train
/content/intel_local/seg_train/seg_train/mountain/15684.jpg,real,intel,mountain,train
/content/gan_local/real_vs_fake/real-vs-fake/train/real/47757.jpg,real,gan,face,train
/content/diffusion_local/train/FAKE/3549 (6).jpg,fake,diffusion,cifar_object,train
/content/gan_local/real_vs_fake/real-vs-fake/test/real/03890.jpg,real,gan,face,test
/content/gan_local/real_vs_fake/real-vs-fake/train/fake/83A5WKKOUM.jpg,fake,gan,face,train
/content/diffusion_local/train/FAKE/4504 (9).jpg,fake,diffusion,cifar_object,train
/content/diffusion_local/train/FAKE/5704 (4).jpg,fake,diffusion,cifar_object,train
/content/gan_local/real_vs_fake/real-vs-fake/train/fake/BEZKTWSXB6.jpg,fake,gan,face,train
/content/intel_local/seg_train/seg_train/sea/18173.jpg,real,intel,sea,train
/content/gan_local/real_vs_fake/real-vs-fake/train/fake/VCR14RD732.jpg,fake,gan,face,train
/content/diffusion_local/train/FAKE/5910 (5).jpg,fake,diffusion,cifar_object,train
/content/general_ai_local/AiArtData/AiArtData/56428422_1662474478_web.png,fake,general_ai,AiArtData,train
/content/gan_local/real_vs_fake/real-vs-fake/test/fake/QV7SYI2XE8.jpg,fake,gan,face,test
/content/diffusion_local/train/FAKE/1634 (8).jpg,fake,diffusion,cifar_object,train
/content/diffusion_local/train/REAL/4233 (3).jpg,real,diffusion,cifar_object,train
/content/gan_local/real_vs_fake/real-vs-fake/train/real/32548.jpg,real,gan,face,train
/content/diffusion_local/train/REAL/1943 (5).jpg,real,diffusion,cifar_object,train
/content/diffusion_local/train/FAKE/3502 (2).jpg,fake,diffusion,cifar_object,train
/content/intel_local/seg_train/seg_train/forest/8644.jpg,real,intel,forest,train
/content/gan_local/real_vs_fake/real-vs-fake/train/fake/V31E82FE38.jpg,fake,gan,face,train
/content/diffusion_local/train/REAL/0876 (6).jpg,real,diffusion,cifar_object,train
/content/diffusion_local/train/FAKE/3917 (10).jpg,fake,diffusion,cifar_object,train
/content/gan_local/real_vs_fake/real-vs-fake/train/fake/SZ1DVJCTBX.jpg,fake,gan,face,train
/content/diffusion_local/test/FAKE/180 (4).jpg,fake,diffusion,cifar_object,test
/content/intel_local/seg_train/seg_train/mountain/5915.jpg,real,intel,mountain,train
/content/gan_local/real_vs_fake/real-vs-fake/train/real/55565.jpg,real,gan,face,train
/content/diffusion_local/train/REAL/0315 (9).jpg,real,diffusion,cifar_object,train
/content/diffusion_local/train/REAL/1844 (6).jpg,real,diffusion,cifar_object,train
/content/diffusion_local/test/REAL/0466 (3).jpg,real,diffusion,cifar_object,test
/content/gan_local/real_vs_fake/real-vs-fake/train/real/53324.jpg,real,gan,face,train
/content/gan_local/real_vs_fake/real-vs-fake/train/real/02788.jpg,real,gan,face,train
/content/diffusion_local/test/FAKE/927 (8).jpg,fake,diffusion,cifar_object,test
/content/diffusion_local/test/FAKE/302 (7).jpg,fake,diffusion,cifar_object,test
/content/diffusion_local/train/REAL/1979 (9).jpg,real,diffusion,cifar_object,train
/content/gan_local/real_vs_fake/real-vs-fake/train/real/56805.jpg,real,gan,face,train
/content/diffusion_local/train/REAL/2550 (3).jpg,real,diffusion,cifar_object,train
/content/gan_local/real_vs_fake/real-vs-fake/test/fake/LXV3HRQV4N.jpg,fake,gan,face,test
/content/diffusion_local/test/FAKE/184 (2).jpg,fake,diffusion,cifar_object,test
/content/intel_local/seg_train/seg_train/buildings/6767.jpg,real,intel,buildings,train
/content/diffusion_local/train/REAL/2059.jpg,real,diffusion,cifar_object,train
/content/intel_local/seg_train/seg_train/street/2754.jpg,real,intel,street,train
/content/diffusion_local/train/REAL/3376 (9).jpg,real,diffusion,cifar_object,train
/content/gan_local/real_vs_fake/real-vs-fake/valid/fake/LVVRWHF0ON.jpg,fake,gan,face,valid
/content/intel_local/seg_test/seg_test/street/21260.jpg,real,intel,street,test
/content/intel_local/seg_train/seg_train/glacier/1789.jpg,real,intel,glacier,train
/content/gan_local/real_vs_fake/real-vs-fake/train/fake/XVNLLZ1HQF.jpg,fake,gan,face,train
/content/diffusion_local/train/FAKE/2901 (9).jpg,fake,diffusion,cifar_object,train
/content/intel_local/seg_train/seg_train/street/7784.jpg,real,intel,street,train
/content/diffusion_local/train/FAKE/5643 (7).jpg,fake,diffusion,cifar_object,train
/content/gan_local/real_vs_fake/real-vs-fake/valid/fake/FN2BZ1MMLP.jpg,fake,gan,face,valid
/content/diffusion_local/test/FAKE/280 (3).jpg,fake,diffusion,cifar_object,test
/content/gan_local/real_vs_fake/real-vs-fake/valid/real/31002.jpg,real,gan,face,valid
/content/gan_local/real_vs_fake/real-vs-fake/train/real/16496.jpg,real,gan,face,train
/content/diffusion_local/train/REAL/4381 (5).jpg,real,diffusion,cifar_object,train
/content/general_ai_local/AiArtData/AiArtData/71f09875-ca8e-40e1-b99e-c70a0d3cc063-large16x9_NorthDakota.jpeg,fake,general_ai,AiArtData,train
/content/gan_local/real_vs_fake/real-vs-fake/test/fake/18ZM6VRIYX.jpg,fake,gan,face,test
/content/intel_local/seg_train/seg_train/glacier/4663.jpg,real,intel,glacier,train
/content/gan_local/real_vs_fake/real-vs-fake/train/real/11783.jpg,real,gan,face,train
/content/gan_local/real_vs_fake/real-vs-fake/train/fake/BDXWKF5EAT.jpg,fake,gan,face,train
/content/intel_local/seg_train/seg_train/forest/4709.jpg,real,intel,forest,train
/content/gan_local/real_vs_fake/real-vs-fake/test/fake/E41ZYRQIZV.jpg,fake,gan,face,test
/content/intel_local/seg_train/seg_train/buildings/2263.jpg,real,intel,buildings,train
/content/gan_local/real_vs_fake/real-vs-fake/train/real/59798.jpg,real,gan,face,train
/content/intel_local/seg_train/seg_train/mountain/3756.jpg,real,intel,mountain,train
/content/intel_local/seg_train/seg_train/sea/17570.jpg,real,intel,sea,train
/content/diffusion_local/train/FAKE/4799 (2).jpg,fake,diffusion,cifar_object,train
/content/intel_local/seg_train/seg_train/buildings/6205.jpg,real,intel,buildings,train
/content/diffusion_local/train/FAKE/1341 (8).jpg,fake,diffusion,cifar_object,train
/content/diffusion_local/train/REAL/1700 (8).jpg,real,diffusion,cifar_object,train
/content/diffusion_local/train/REAL/4329 (3).jpg,real,diffusion,cifar_object,train
/content/diffusion_local/train/FAKE/4437.jpg,fake,diffusion,cifar_object,train
/content/intel_local/seg_train/seg_train/buildings/18875.jpg,real,intel,buildings,train
/content/diffusion_local/train/FAKE/2654 (3).jpg,fake,diffusion,cifar_object,train
/content/gan_local/real_vs_fake/real-vs-fake/train/real/13585.jpg,real,gan,face,train
/content/gan_local/real_vs_fake/real-vs-fake/train/fake/5BT7GRT765.jpg,fake,gan,face,train
/content/intel_local/seg_train/seg_train/sea/4865.jpg,real,intel,sea,train
/content/intel_local/seg_train/seg_train/street/3400.jpg,real,intel,street,train
/content/intel_local/seg_train/seg_train/glacier/4659.jpg,real,intel,glacier,train
/content/intel_local/seg_train/seg_train/buildings/16208.jpg,real,intel,buildings,train
/content/intel_local/seg_test/seg_test/sea/24000.jpg,real,intel,sea,test
/content/diffusion_local/train/REAL/2778 (6).jpg,real,diffusion,cifar_object,train
/content/gan_local/real_vs_fake/real-vs-fake/train/fake/DRDTDLXP3D.jpg,fake,gan,face,train
/content/gan_local/real_vs_fake/real-vs-fake/train/fake/AX2X9PBHA3.jpg,fake,gan,face,train
/content/general_ai_local/AiArtData/AiArtData/cute-dog-wearing-raincoat-3.jpg,fake,general_ai,AiArtData,train
/content/intel_local/seg_train/seg_train/buildings/9942.jpg,real,intel,buildings,train
/content/diffusion_local/test/REAL/0360 (3).jpg,real,diffusion,cifar_object,test
/content/gan_local/real_vs_fake/real-vs-fake/train/real/06878.jpg,real,gan,face,train
/content/diffusion_local/train/FAKE/3187 (10).jpg,fake,diffusion,cifar_object,train
/content/gan_local/real_vs_fake/real-vs-fake/train/fake/UW41381PQA.jpg,fake,gan,face,train
/content/diffusion_local/train/REAL/3362 (8).jpg,real,diffusion,cifar_object,train
/content/diffusion_local/train/REAL/1596 (8).jpg,real,diffusion,cifar_object,train
/content/diffusion_local/train/FAKE/2933 (5).jpg,fake,diffusion,cifar_object,train
/content/intel_local/seg_test/seg_test/buildings/24322.jpg,real,intel,buildings,test
/content/general_ai_local/AiArtData/AiArtData/new-project-1_tecm.1248.jpg,fake,general_ai,AiArtData,train
/content/intel_local/seg_train/seg_train/mountain/11148.jpg,real,intel,mountain,train
/content/gan_local/real_vs_fake/real-vs-fake/train/fake/S14FLDMXAP.jpg,fake,gan,face,train
/content/diffusion_local/train/FAKE/4250.jpg,fake,diffusion,cifar_object,train
/content/gan_local/real_vs_fake/real-vs-fake/train/real/27674.jpg,real,gan,face,train
/content/diffusion_local/train/FAKE/5181 (5).jpg,fake,diffusion,cifar_object,train
/content/intel_local/seg_train/seg_train/sea/5009.jpg,real,intel,sea,train
/content/diffusion_local/train/FAKE/3748 (6).jpg,fake,diffusion,cifar_object,train
/content/gan_local/real_vs_fake/real-vs-fake/train/real/28679.jpg,real,gan,face,train
/content/intel_local/seg_test/seg_test/street/20408.jpg,real,intel,street,test
/content/gan_local/real_vs_fake/real-vs-fake/train/fake/BS15LAE5Y0.jpg,fake,gan,face,train
/content/gan_local/real_vs_fake/real-vs-fake/train/real/26891.jpg,real,gan,face,train
/content/gan_local/real_vs_fake/real-vs-fake/train/fake/ZX4C93LZCG.jpg,fake,gan,face,train
/content/diffusion_local/train/FAKE/1196 (6).jpg,fake,diffusion,cifar_object,train
/content/diffusion_local/train/REAL/1619 (7).jpg,real,diffusion,cifar_object,train
/content/diffusion_local/train/FAKE/5479 (3).jpg,fake,diffusion,cifar_object,train
/content/gan_local/real_vs_fake/real-vs-fake/valid/real/37394.jpg,real,gan,face,valid
/content/diffusion_local/train/FAKE/1931 (3).jpg,fake,diffusion,cifar_object,train
/content/gan_local/real_vs_fake/real-vs-fake/test/fake/SWB1F6195A.jpg,fake,gan,face,test
/content/gan_local/real_vs_fake/real-vs-fake/valid/fake/7B2AFGGBFB.jpg,fake,gan,face,valid
/content/intel_local/seg_train/seg_train/sea/6221.jpg,real,intel,sea,train
/content/gan_local/real_vs_fake/real-vs-fake/train/real/60926.jpg,real,gan,face,train
/content/diffusion_local/train/FAKE/4942 (10).jpg,fake,diffusion,cifar_object,train
/content/gan_local/real_vs_fake/real-vs-fake/train/fake/8JN241D2KO.jpg,fake,gan,face,train
/content/intel_local/seg_train/seg_train/buildings/7342.jpg,real,intel,buildings,train
/content/gan_local/real_vs_fake/real-vs-fake/train/fake/6SKYKXXYVU.jpg,fake,gan,face,train
/content/gan_local/real_vs_fake/real-vs-fake/train/fake/RR7OYHVEIM.jpg,fake,gan,face,train
/content/diffusion_local/train/FAKE/4694 (2).jpg,fake,diffusion,cifar_object,train
/content/gan_local/real_vs_fake/real-vs-fake/train/real/06028.jpg,real,gan,face,train
/content/diffusion_local/train/REAL/0402.jpg,real,diffusion,cifar_object,train
/content/general_ai_local/AiArtData/AiArtData/zjgkiTBuW5pPg4P7rV8u_4x.jpg,fake,general_ai,AiArtData,train
/content/intel_local/seg_train/seg_train/forest/12372.jpg,real,intel,forest,train
/content/gan_local/real_vs_fake/real-vs-fake/train/real/60120.jpg,real,gan,face,train
/content/gan_local/real_vs_fake/real-vs-fake/test/real/45872.jpg,real,gan,face,test
/content/diffusion_local/train/REAL/1603 (2).jpg,real,diffusion,cifar_object,train
/content/diffusion_local/train/FAKE/4675 (2).jpg,fake,diffusion,cifar_object,train
/content/diffusion_local/train/FAKE/4141 (3).jpg,fake,diffusion,cifar_object,train
/content/diffusion_local/train/FAKE/1210 (2).jpg,fake,diffusion,cifar_object,train
/content/diffusion_local/test/REAL/0450 (6).jpg,real,diffusion,cifar_object,test
/content/gan_local/real_vs_fake/real-vs-fake/train/fake/0SN1YLJ06I.jpg,fake,gan,face,train
/content/gan_local/real_vs_fake/real-vs-fake/train/real/48057.jpg,real,gan,face,train
/content/intel_local/seg_test/seg_test/sea/20313.jpg,real,intel,sea,test
/content/gan_local/real_vs_fake/real-vs-fake/train/real/03350.jpg,real,gan,face,train
/content/gan_local/real_vs_fake/real-vs-fake/test/real/47234.jpg,real,gan,face,test
/content/gan_local/real_vs_fake/real-vs-fake/train/fake/0WIXJKAXKN.jpg,fake,gan,face,train
/content/diffusion_local/train/FAKE/5700 (10).jpg,fake,diffusion,cifar_object,train
/content/diffusion_local/train/FAKE/2712 (5).jpg,fake,diffusion,cifar_object,train
/content/gan_local/real_vs_fake/real-vs-fake/train/fake/YDLQUYXVTJ.jpg,fake,gan,face,train
/content/intel_local/seg_train/seg_train/street/19515.jpg,real,intel,street,train
/content/diffusion_local/train/FAKE/5189 (3).jpg,fake,diffusion,cifar_object,train
/content/intel_local/seg_train/seg_train/glacier/16898.jpg,real,intel,glacier,train
/content/diffusion_local/train/REAL/2717 (10).jpg,real,diffusion,cifar_object,train
/content/gan_local/real_vs_fake/real-vs-fake/train/real/50594.jpg,real,gan,face,train
/content/gan_local/real_vs_fake/real-vs-fake/train/fake/WSZFOOYS6W.jpg,fake,gan,face,train
/content/gan_local/real_vs_fake/real-vs-fake/train/fake/DGBMFGIAZH.jpg,fake,gan,face,train
/content/intel_local/seg_train/seg_train/buildings/9312.jpg,real,intel,buildings,train
/content/diffusion_local/test/FAKE/698 (2).jpg,fake,diffusion,cifar_object,test
/content/intel_local/seg_train/seg_train/mountain/15367.jpg,real,intel,mountain,train
/content/diffusion_local/test/FAKE/271 (3).jpg,fake,diffusion,cifar_object,test
/content/gan_local/real_vs_fake/real-vs-fake/test/fake/HWCEGBAGAC.jpg,fake,gan,face,test
/content/gan_local/real_vs_fake/real-vs-fake/train/fake/CG4MUYX4Q5.jpg,fake,gan,face,train
/content/gan_local/real_vs_fake/real-vs-fake/train/real/59286.jpg,real,gan,face,train
/content/diffusion_local/test/FAKE/744 (7).jpg,fake,diffusion,cifar_object,test
/content/gan_local/real_vs_fake/real-vs-fake/train/fake/5DOFRQ0B1T.jpg,fake,gan,face,train
/content/diffusion_local/train/FAKE/5157 (10).jpg,fake,diffusion,cifar_object,train
/content/gan_local/real_vs_fake/real-vs-fake/train/real/31623.jpg,real,gan,face,train
/content/diffusion_local/train/FAKE/2662 (9).jpg,fake,diffusion,cifar_object,train
/content/diffusion_local/train/FAKE/1505 (3).jpg,fake,diffusion,cifar_object,train
/content/intel_local/seg_train/seg_train/glacier/11534.jpg,real,intel,glacier,train
/content/gan_local/real_vs_fake/real-vs-fake/train/real/07282.jpg,real,gan,face,train
/content/intel_local/seg_train/seg_train/sea/15635.jpg,real,intel,sea,train
/content/gan_local/real_vs_fake/real-vs-fake/train/fake/5NKJVTEYPP.jpg,fake,gan,face,train
/content/diffusion_local/train/FAKE/2255 (4).jpg,fake,diffusion,cifar_object,train
/content/gan_local/real_vs_fake/real-vs-fake/test/fake/Y1CGHL8VGY.jpg,fake,gan,face,test
/content/diffusion_local/train/FAKE/3004 (3).jpg,fake,diffusion,cifar_object,train
/content/diffusion_local/train/FAKE/2891 (8).jpg,fake,diffusion,cifar_object,train
/content/diffusion_local/train/FAKE/3442 (8).jpg,fake,diffusion,cifar_object,train
/content/diffusion_local/train/FAKE/5510 (2).jpg,fake,diffusion,cifar_object,train
/content/intel_local/seg_train/seg_train/sea/3841.jpg,real,intel,sea,train
/content/intel_local/seg_train/seg_train/street/7559.jpg,real,intel,street,train
/content/general_ai_local/AiArtData/AiArtData/1491589248601-image.png,fake,general_ai,AiArtData,train
/content/gan_local/real_vs_fake/real-vs-fake/valid/fake/56GTRXNQEI.jpg,fake,gan,face,valid
/content/gan_local/real_vs_fake/real-vs-fake/test/real/32793.jpg,real,gan,face,test
/content/gan_local/real_vs_fake/real-vs-fake/train/fake/NRC90RPNF1.jpg,fake,gan,face,train
/content/gan_local/real_vs_fake/real-vs-fake/train/real/39795.jpg,real,gan,face,train
/content/intel_local/seg_train/seg_train/forest/1163.jpg,real,intel,forest,train
/content/gan_local/real_vs_fake/real-vs-fake/test/fake/2EP6L6TNB4.jpg,fake,gan,face,test
/content/diffusion_local/train/FAKE/3697 (4).jpg,fake,diffusion,cifar_object,train
/content/diffusion_local/train/FAKE/1779 (6).jpg,fake,diffusion,cifar_object,train
/content/gan_local/real_vs_fake/real-vs-fake/test/fake/EPE0ZA9RDR.jpg,fake,gan,face,test
/content/intel_local/seg_train/seg_train/street/11236.jpg,real,intel,street,train
/content/intel_local/seg_train/seg_train/mountain/301.jpg,real,intel,mountain,train
/content/diffusion_local/train/FAKE/2170.jpg,fake,diffusion,cifar_object,train
/content/diffusion_local/train/FAKE/3795 (9).jpg,fake,diffusion,cifar_object,train
/content/intel_local/seg_test/seg_test/buildings/24087.jpg,real,intel,buildings,test
/content/general_ai_local/RealArt/RealArt/images64.jpg,real,general_ai,RealArt,train
/content/intel_local/seg_train/seg_train/sea/6834.jpg,real,intel,sea,train
/content/general_ai_local/AiArtData/AiArtData/_portrait_of_a_stunning_Indian_v_95ff3e93-40ba-4dd8-90ed-d83729d37704-scaled.jpg,fake,general_ai,AiArtData,train
/content/general_ai_local/AiArtData/AiArtData/1440_AI_and_animal_language_feat.jpg,fake,general_ai,AiArtData,train
/content/intel_local/seg_train/seg_train/sea/9916.jpg,real,intel,sea,train
/content/general_ai_local/AiArtData/AiArtData/ai-art-beautiful-psychedelic-colored-angel-with-butterflies-2-rose-santuci-sofranko.jpg,fake,general_ai,AiArtData,train
/content/intel_local/seg_train/seg_train/glacier/8832.jpg,real,intel,glacier,train
/content/diffusion_local/test/FAKE/234 (6).jpg,fake,diffusion,cifar_object,test
/content/intel_local/seg_test/seg_test/buildings/21597.jpg,real,intel,buildings,test
/content/intel_local/seg_train/seg_train/street/2366.jpg,real,intel,street,train
/content/diffusion_local/train/REAL/0413 (9).jpg,real,diffusion,cifar_object,train
/content/gan_local/real_vs_fake/real-vs-fake/test/fake/TOZ3GGZPW7.jpg,fake,gan,face,test
/content/gan_local/real_vs_fake/real-vs-fake/test/fake/LUQZ6AT8LE.jpg,fake,gan,face,test
/content/diffusion_local/train/FAKE/2254 (10).jpg,fake,diffusion,cifar_object,train
/content/intel_local/seg_train/seg_train/buildings/12348.jpg,real,intel,buildings,train
/content/intel_local/seg_train/seg_train/street/15664.jpg,real,intel,street,train
/content/gan_local/real_vs_fake/real-vs-fake/train/fake/ZCPGEZRWIA.jpg,fake,gan,face,train
/content/diffusion_local/train/FAKE/3387 (4).jpg,fake,diffusion,cifar_object,train
/content/intel_local/seg_train/seg_train/buildings/15827.jpg,real,intel,buildings,train
/content/intel_local/seg_train/seg_train/forest/3558.jpg,real,intel,forest,train
/content/diffusion_local/train/REAL/3334 (8).jpg,real,diffusion,cifar_object,train
/content/gan_local/real_vs_fake/real-vs-fake/test/real/61539.jpg,real,gan,face,test
/content/diffusion_local/test/FAKE/901 (4).jpg,fake,diffusion,cifar_object,test
/content/diffusion_local/train/REAL/4049 (8).jpg,real,diffusion,cifar_object,train
/content/intel_local/seg_train/seg_train/glacier/128.jpg,real,intel,glacier,train
/content/diffusion_local/train/REAL/2914 (7).jpg,real,diffusion,cifar_object,train
/content/diffusion_local/train/FAKE/4821 (5).jpg,fake,diffusion,cifar_object,train
/content/diffusion_local/train/REAL/3297 (9).jpg,real,diffusion,cifar_object,train
/content/diffusion_local/train/FAKE/2572 (10).jpg,fake,diffusion,cifar_object,train
/content/intel_local/seg_train/seg_train/glacier/16710.jpg,real,intel,glacier,train
/content/diffusion_local/train/FAKE/4201 (4).jpg,fake,diffusion,cifar_object,train
/content/gan_local/real_vs_fake/real-vs-fake/train/fake/7M99V967RS.jpg,fake,gan,face,train
/content/diffusion_local/test/REAL/0603.jpg,real,diffusion,cifar_object,test
/content/gan_local/real_vs_fake/real-vs-fake/train/fake/6LCWCZSHZS.jpg,fake,gan,face,train
/content/diffusion_local/train/FAKE/2051 (9).jpg,fake,diffusion,cifar_object,train
/content/gan_local/real_vs_fake/real-vs-fake/train/real/25678.jpg,real,gan,face,train
/content/gan_local/real_vs_fake/real-vs-fake/valid/fake/FGQDH0G5EP.jpg,fake,gan,face,valid
/content/general_ai_local/AiArtData/AiArtData/5552488_6d18_2.jpg,fake,general_ai,AiArtData,train
/content/gan_local/real_vs_fake/real-vs-fake/valid/fake/2A1Y6KH200.jpg,fake,gan,face,valid
/content/diffusion_local/train/REAL/4347.jpg,real,diffusion,cifar_object,train
/content/intel_local/seg_train/seg_train/glacier/4205.jpg,real,intel,glacier,train
/content/general_ai_local/RealArt/RealArt/spider-monkey-gty-ps-230705_1688589803900_hpEmbed_sl_3x2.jpg,real,general_ai,RealArt,train
/content/gan_local/real_vs_fake/real-vs-fake/train/fake/8I4JDEU7M9.jpg,fake,gan,face,train
/content/diffusion_local/train/REAL/4799 (6).jpg,real,diffusion,cifar_object,train
/content/gan_local/real_vs_fake/real-vs-fake/train/fake/L9EUPNPH8R.jpg,fake,gan,face,train
/content/diffusion_local/train/FAKE/1787 (9).jpg,fake,diffusion,cifar_object,train
/content/diffusion_local/test/FAKE/714 (10).jpg,fake,diffusion,cifar_object,test
/content/intel_local/seg_test/seg_test/mountain/20662.jpg,real,intel,mountain,test
/content/gan_local/real_vs_fake/real-vs-fake/train/fake/UXU7V42IUZ.jpg,fake,gan,face,train
/content/diffusion_local/train/FAKE/2538 (3).jpg,fake,diffusion,cifar_object,train
/content/diffusion_local/train/FAKE/4514 (9).jpg,fake,diffusion,cifar_object,train
/content/gan_local/real_vs_fake/real-vs-fake/train/fake/PTXMTVA875.jpg,fake,gan,face,train
/content/intel_local/seg_train/seg_train/mountain/15977.jpg,real,intel,mountain,train
/content/gan_local/real_vs_fake/real-vs-fake/train/real/32981.jpg,real,gan,face,train
/content/intel_local/seg_train/seg_train/glacier/1549.jpg,real,intel,glacier,train
/content/gan_local/real_vs_fake/real-vs-fake/train/fake/ZEKILR1E09.jpg,fake,gan,face,train
/content/gan_local/real_vs_fake/real-vs-fake/train/real/20351.jpg,real,gan,face,train
/content/intel_local/seg_train/seg_train/buildings/15768.jpg,real,intel,buildings,train
/content/gan_local/real_vs_fake/real-vs-fake/train/real/34762.jpg,real,gan,face,train
/content/diffusion_local/train/FAKE/1796 (10).jpg,fake,diffusion,cifar_object,train
/content/diffusion_local/train/REAL/4079 (3).jpg,real,diffusion,cifar_object,train
/content/diffusion_local/train/REAL/4724 (4).jpg,real,diffusion,cifar_object,train
/content/intel_local/seg_test/seg_test/street/23796.jpg,real,intel,street,test
/content/diffusion_local/train/REAL/0671 (9).jpg,real,diffusion,cifar_object,train
/content/diffusion_local/train/FAKE/3733.jpg,fake,diffusion,cifar_object,train
/content/gan_local/real_vs_fake/real-vs-fake/valid/fake/D65H2954JT.jpg,fake,gan,face,valid
/content/diffusion_local/train/FAKE/4264 (7).jpg,fake,diffusion,cifar_object,train
/content/diffusion_local/train/FAKE/1236 (2).jpg,fake,diffusion,cifar_object,train
/content/gan_local/real_vs_fake/real-vs-fake/train/fake/T3H0RTSWTW.jpg,fake,gan,face,train
/content/gan_local/real_vs_fake/real-vs-fake/train/real/68543.jpg,real,gan,face,train
/content/intel_local/seg_train/seg_train/sea/5242.jpg,real,intel,sea,train
/content/diffusion_local/train/FAKE/3599 (2).jpg,fake,diffusion,cifar_object,train
/content/intel_local/seg_train/seg_train/forest/2294.jpg,real,intel,forest,train
/content/diffusion_local/train/FAKE/2097 (3).jpg,fake,diffusion,cifar_object,train
/content/gan_local/real_vs_fake/real-vs-fake/valid/fake/L7QI7ECNJ7.jpg,fake,gan,face,valid
/content/diffusion_local/test/FAKE/47 (7).jpg,fake,diffusion,cifar_object,test
/content/diffusion_local/train/FAKE/5514 (5).jpg,fake,diffusion,cifar_object,train
/content/gan_local/real_vs_fake/real-vs-fake/train/real/54406.jpg,real,gan,face,train
/content/gan_local/real_vs_fake/real-vs-fake/train/fake/CZSISNT3C0.jpg,fake,gan,face,train
/content/gan_local/real_vs_fake/real-vs-fake/train/fake/HIID0TC2VR.jpg,fake,gan,face,train
/content/intel_local/seg_train/seg_train/buildings/9966.jpg,real,intel,buildings,train
/content/gan_local/real_vs_fake/real-vs-fake/valid/fake/9IDY4DF7YD.jpg,fake,gan,face,valid
/content/gan_local/real_vs_fake/real-vs-fake/train/real/01426.jpg,real,gan,face,train
/content/intel_local/seg_train/seg_train/buildings/158.jpg,real,intel,buildings,train
/content/gan_local/real_vs_fake/real-vs-fake/train/real/23416.jpg,real,gan,face,train
/content/gan_local/real_vs_fake/real-vs-fake/test/fake/UI5QY1HYY0.jpg,fake,gan,face,test
/content/diffusion_local/train/FAKE/1467 (3).jpg,fake,diffusion,cifar_object,train
/content/gan_local/real_vs_fake/real-vs-fake/train/fake/FCDALCNKWI.jpg,fake,gan,face,train
/content/gan_local/real_vs_fake/real-vs-fake/train/fake/ZU3OW5RZ2M.jpg,fake,gan,face,train
/content/diffusion_local/train/REAL/0716 (8).jpg,real,diffusion,cifar_object,train
/content/diffusion_local/test/FAKE/872 (8).jpg,fake,diffusion,cifar_object,test
/content/diffusion_local/test/REAL/0436 (8).jpg,real,diffusion,cifar_object,test
/content/intel_local/seg_train/seg_train/mountain/7289.jpg,real,intel,mountain,train
/content/gan_local/real_vs_fake/real-vs-fake/train/fake/WEDTO88B06.jpg,fake,gan,face,train
/content/gan_local/real_vs_fake/real-vs-fake/test/real/14927.jpg,real,gan,face,test
/content/diffusion_local/train/FAKE/5115.jpg,fake,diffusion,cifar_object,train
/content/diffusion_local/train/FAKE/5794 (4).jpg,fake,diffusion,cifar_object,train
/content/intel_local/seg_train/seg_train/glacier/9943.jpg,real,intel,glacier,train
/content/diffusion_local/train/REAL/0947 (4).jpg,real,diffusion,cifar_object,train
/content/gan_local/real_vs_fake/real-vs-fake/train/real/47788.jpg,real,gan,face,train
/content/gan_local/real_vs_fake/real-vs-fake/train/real/33637.jpg,real,gan,face,train
/content/gan_local/real_vs_fake/real-vs-fake/train/fake/HQH49VYIUH.jpg,fake,gan,face,train
/content/diffusion_local/train/FAKE/4388 (7).jpg,fake,diffusion,cifar_object,train
/content/gan_local/real_vs_fake/real-vs-fake/train/fake/YUQ8K2AAST.jpg,fake,gan,face,train
/content/general_ai_local/RealArt/RealArt/GettyImages-1199904654-1-820x1024.jpg,real,general_ai,RealArt,train
/content/diffusion_local/train/REAL/2088 (7).jpg,real,diffusion,cifar_object,train
/content/diffusion_local/train/FAKE/5067 (9).jpg,fake,diffusion,cifar_object,train
/content/intel_local/seg_train/seg_train/street/7668.jpg,real,intel,street,train
/content/gan_local/real_vs_fake/real-vs-fake/train/fake/FSXPQT4NW9.jpg,fake,gan,face,train
/content/gan_local/real_vs_fake/real-vs-fake/train/fake/K672CO0R4B.jpg,fake,gan,face,train
/content/intel_local/seg_train/seg_train/buildings/13191.jpg,real,intel,buildings,train
/content/intel_local/seg_train/seg_train/mountain/5576.jpg,real,intel,mountain,train
/content/gan_local/real_vs_fake/real-vs-fake/train/fake/IV7BX6N6BF.jpg,fake,gan,face,train
/content/gan_local/real_vs_fake/real-vs-fake/train/real/25744.jpg,real,gan,face,train
/content/diffusion_local/train/REAL/0500 (8).jpg,real,diffusion,cifar_object,train
/content/intel_local/seg_test/seg_test/glacier/23282.jpg,real,intel,glacier,test
/content/intel_local/seg_train/seg_train/street/1267.jpg,real,intel,street,train
/content/gan_local/real_vs_fake/real-vs-fake/test/fake/M2J2GX8B2J.jpg,fake,gan,face,test
/content/gan_local/real_vs_fake/real-vs-fake/train/fake/35WNTMAWZW.jpg,fake,gan,face,train
/content/general_ai_local/AiArtData/AiArtData/104023917.jpg,fake,general_ai,AiArtData,train
/content/diffusion_local/train/FAKE/4091 (9).jpg,fake,diffusion,cifar_object,train
/content/gan_local/real_vs_fake/real-vs-fake/train/fake/3RYOGHHNFO.jpg,fake,gan,face,train
/content/general_ai_local/RealArt/RealArt/iStock-1326443525.2e16d0ba.fill-950x535.jpg,real,general_ai,RealArt,train
/content/gan_local/real_vs_fake/real-vs-fake/train/fake/J5ZJ6L5VM3.jpg,fake,gan,face,train
/content/gan_local/real_vs_fake/real-vs-fake/valid/fake/1UA4OGEHAZ.jpg,fake,gan,face,valid
/content/diffusion_local/train/FAKE/5210 (5).jpg,fake,diffusion,cifar_object,train
/content/intel_local/seg_train/seg_train/forest/6661.jpg,real,intel,forest,train
/content/intel_local/seg_train/seg_train/glacier/6704.jpg,real,intel,glacier,train
/content/intel_local/seg_train/seg_train/mountain/15416.jpg,real,intel,mountain,train
/content/gan_local/real_vs_fake/real-vs-fake/test/fake/XFY1O89AC8.jpg,fake,gan,face,test
/content/diffusion_local/test/FAKE/852 (5).jpg,fake,diffusion,cifar_object,test
/content/gan_local/real_vs_fake/real-vs-fake/train/fake/IBY8I341PA.jpg,fake,gan,face,train
/content/intel_local/seg_test/seg_test/glacier/23785.jpg,real,intel,glacier,test
/content/intel_local/seg_train/seg_train/buildings/5708.jpg,real,intel,buildings,train
/content/intel_local/seg_train/seg_train/mountain/6156.jpg,real,intel,mountain,train
/content/intel_local/seg_train/seg_train/mountain/7474.jpg,real,intel,mountain,train
/content/gan_local/real_vs_fake/real-vs-fake/train/fake/Z8JUYUUXUU.jpg,fake,gan,face,train
/content/diffusion_local/train/FAKE/4029 (7).jpg,fake,diffusion,cifar_object,train
/content/diffusion_local/train/FAKE/4014.jpg,fake,diffusion,cifar_object,train
/content/intel_local/seg_train/seg_train/buildings/15791.jpg,real,intel,buildings,train
/content/diffusion_local/train/FAKE/5808 (2).jpg,fake,diffusion,cifar_object,train
/content/gan_local/real_vs_fake/real-vs-fake/test/fake/T0DE5DOEN2.jpg,fake,gan,face,test
/content/gan_local/real_vs_fake/real-vs-fake/train/fake/60NET0R7WV.jpg,fake,gan,face,train
/content/gan_local/real_vs_fake/real-vs-fake/test/fake/CZNGTTM58C.jpg,fake,gan,face,test
/content/gan_local/real_vs_fake/real-vs-fake/train/fake/C0V1Y6Q6FZ.jpg,fake,gan,face,train
/content/diffusion_local/train/FAKE/4482 (8).jpg,fake,diffusion,cifar_object,train
/content/gan_local/real_vs_fake/real-vs-fake/test/fake/W01GMDK9H3.jpg,fake,gan,face,test
/content/diffusion_local/train/FAKE/1444 (10).jpg,fake,diffusion,cifar_object,train
/content/gan_local/real_vs_fake/real-vs-fake/train/real/24794.jpg,real,gan,face,train
/content/gan_local/real_vs_fake/real-vs-fake/test/fake/JQXNE5G9GC.jpg,fake,gan,face,test
/content/gan_local/real_vs_fake/real-vs-fake/train/fake/SF6M4OBVPL.jpg,fake,gan,face,train
/content/intel_local/seg_train/seg_train/forest/10146.jpg,real,intel,forest,train
/content/diffusion_local/train/FAKE/2001 (5).jpg,fake,diffusion,cifar_object,train
/content/gan_local/real_vs_fake/real-vs-fake/train/real/50366.jpg,real,gan,face,train
/content/diffusion_local/train/FAKE/5907 (6).jpg,fake,diffusion,cifar_object,train
/content/gan_local/real_vs_fake/real-vs-fake/valid/real/27821.jpg,real,gan,face,valid
/content/intel_local/seg_test/seg_test/forest/23873.jpg,real,intel,forest,test
/content/gan_local/real_vs_fake/real-vs-fake/train/fake/8XR70TUXLK.jpg,fake,gan,face,train
/content/diffusion_local/train/FAKE/4270 (6).jpg,fake,diffusion,cifar_object,train
/content/diffusion_local/test/FAKE/212.jpg,fake,diffusion,cifar_object,test
/content/gan_local/real_vs_fake/real-vs-fake/test/fake/HVN5N0JZ6N.jpg,fake,gan,face,test
/content/diffusion_local/train/REAL/4723 (2).jpg,real,diffusion,cifar_object,train
/content/diffusion_local/train/FAKE/1805 (7).jpg,fake,diffusion,cifar_object,train
/content/diffusion_local/test/FAKE/83 (7).jpg,fake,diffusion,cifar_object,test
/content/diffusion_local/train/FAKE/1134 (8).jpg,fake,diffusion,cifar_object,train
/content/diffusion_local/train/FAKE/3430 (2).jpg,fake,diffusion,cifar_object,train
/content/intel_local/seg_test/seg_test/sea/23638.jpg,real,intel,sea,test
/content/gan_local/real_vs_fake/real-vs-fake/train/fake/IHLT9ADXLU.jpg,fake,gan,face,train
/content/gan_local/real_vs_fake/real-vs-fake/test/fake/QZTP8W84RJ.jpg,fake,gan,face,test
/content/diffusion_local/train/FAKE/4922 (7).jpg,fake,diffusion,cifar_object,train
/content/diffusion_local/train/FAKE/1599 (4).jpg,fake,diffusion,cifar_object,train
/content/gan_local/real_vs_fake/real-vs-fake/train/real/48126.jpg,real,gan,face,train
/content/gan_local/real_vs_fake/real-vs-fake/train/real/51973.jpg,real,gan,face,train
/content/intel_local/seg_train/seg_train/buildings/18321.jpg,real,intel,buildings,train
/content/intel_local/seg_train/seg_train/street/13368.jpg,real,intel,street,train
/content/intel_local/seg_test/seg_test/sea/23947.jpg,real,intel,sea,test
/content/intel_local/seg_train/seg_train/forest/2310.jpg,real,intel,forest,train
/content/diffusion_local/train/REAL/0203 (2).jpg,real,diffusion,cifar_object,train
/content/diffusion_local/test/REAL/0495 (6).jpg,real,diffusion,cifar_object,test
/content/gan_local/real_vs_fake/real-vs-fake/valid/real/20625.jpg,real,gan,face,valid
/content/general_ai_local/RealArt/RealArt/how-to-draw-easy-scenery-of-sunset-in-the-hills-1024x576.jpg,real,general_ai,RealArt,train
/content/diffusion_local/train/FAKE/1422 (7).jpg,fake,diffusion,cifar_object,train
/content/gan_local/real_vs_fake/real-vs-fake/train/fake/JRERIXKYIB.jpg,fake,gan,face,train
/content/diffusion_local/test/FAKE/825 (6).jpg,fake,diffusion,cifar_object,test
/content/diffusion_local/train/FAKE/1361 (4).jpg,fake,diffusion,cifar_object,train
/content/intel_local/seg_train/seg_train/sea/16612.jpg,real,intel,sea,train
/content/diffusion_local/train/FAKE/1504 (2).jpg,fake,diffusion,cifar_object,train
/content/intel_local/seg_train/seg_train/mountain/3791.jpg,real,intel,mountain,train
/content/diffusion_local/train/FAKE/4128 (10).jpg,fake,diffusion,cifar_object,train
/content/intel_local/seg_train/seg_train/forest/1677.jpg,real,intel,forest,train
/content/diffusion_local/train/FAKE/3417 (2).jpg,fake,diffusion,cifar_object,train
/content/intel_local/seg_train/seg_train/street/13317.jpg,real,intel,street,train
/content/gan_local/real_vs_fake/real-vs-fake/train/fake/3XV3ZTMPMZ.jpg,fake,gan,face,train
/content/gan_local/real_vs_fake/real-vs-fake/train/fake/JU138JWKGX.jpg,fake,gan,face,train
/content/gan_local/real_vs_fake/real-vs-fake/train/fake/0NVC2BOQKK.jpg,fake,gan,face,train
/content/intel_local/seg_test/seg_test/buildings/22710.jpg,real,intel,buildings,test
/content/gan_local/real_vs_fake/real-vs-fake/test/real/22464.jpg,real,gan,face,test
/content/gan_local/real_vs_fake/real-vs-fake/test/fake/9U1RFUU7KK.jpg,fake,gan,face,test
/content/gan_local/real_vs_fake/real-vs-fake/train/fake/LBKJ7PXY48.jpg,fake,gan,face,train
/content/diffusion_local/test/REAL/0142 (10).jpg,real,diffusion,cifar_object,test
/content/gan_local/real_vs_fake/real-vs-fake/test/fake/H4YJ7ASPLH.jpg,fake,gan,face,test
/content/diffusion_local/train/REAL/0045 (5).jpg,real,diffusion,cifar_object,train
/content/gan_local/real_vs_fake/real-vs-fake/train/real/54868.jpg,real,gan,face,train
/content/general_ai_local/AiArtData/AiArtData/1DUblwf5wpci3hVlmG4ZnDw.png,fake,general_ai,AiArtData,train
/content/intel_local/seg_train/seg_train/buildings/9631.jpg,real,intel,buildings,train
/content/diffusion_local/test/REAL/0923 (2).jpg,real,diffusion,cifar_object,test
/content/intel_local/seg_train/seg_train/buildings/5302.jpg,real,intel,buildings,train
/content/diffusion_local/train/REAL/4985 (5).jpg,real,diffusion,cifar_object,train
/content/intel_local/seg_train/seg_train/forest/19026.jpg,real,intel,forest,train
/content/intel_local/seg_test/seg_test/buildings/21257.jpg,real,intel,buildings,test
/content/diffusion_local/train/REAL/3451 (6).jpg,real,diffusion,cifar_object,train
/content/gan_local/real_vs_fake/real-vs-fake/train/fake/DZR92GZP1M.jpg,fake,gan,face,train
/content/intel_local/seg_train/seg_train/sea/606.jpg,real,intel,sea,train
/content/diffusion_local/train/FAKE/4302 (4).jpg,fake,diffusion,cifar_object,train
/content/diffusion_local/train/FAKE/1240 (7).jpg,fake,diffusion,cifar_object,train
/content/diffusion_local/train/FAKE/4453 (9).jpg,fake,diffusion,cifar_object,train
/content/gan_local/real_vs_fake/real-vs-fake/train/fake/AUF08JMH3A.jpg,fake,gan,face,train
/content/general_ai_local/AiArtData/AiArtData/beautiful-faces.png,fake,general_ai,AiArtData,train
/content/diffusion_local/test/REAL/0109 (3).jpg,real,diffusion,cifar_object,test
/content/gan_local/real_vs_fake/real-vs-fake/train/real/62945.jpg,real,gan,face,train
/content/diffusion_local/train/FAKE/4959.jpg,fake,diffusion,cifar_object,train
/content/general_ai_local/AiArtData/AiArtData/midjourney-v5-drafts-Artboard-4-800x400.jpg,fake,general_ai,AiArtData,train
/content/diffusion_local/train/REAL/4675 (9).jpg,real,diffusion,cifar_object,train
/content/diffusion_local/train/FAKE/4008 (9).jpg,fake,diffusion,cifar_object,train
/content/gan_local/real_vs_fake/real-vs-fake/train/real/61040.jpg,real,gan,face,train
/content/diffusion_local/train/REAL/0812 (5).jpg,real,diffusion,cifar_object,train
/content/diffusion_local/test/FAKE/716 (5).jpg,fake,diffusion,cifar_object,test
/content/diffusion_local/train/REAL/1900 (6).jpg,real,diffusion,cifar_object,train
/content/gan_local/real_vs_fake/real-vs-fake/train/real/50278.jpg,real,gan,face,train
/content/diffusion_local/train/REAL/2664 (6).jpg,real,diffusion,cifar_object,train
/content/gan_local/real_vs_fake/real-vs-fake/test/fake/IGW4EHHZKP.jpg,fake,gan,face,test
/content/diffusion_local/train/REAL/4526 (3).jpg,real,diffusion,cifar_object,train
/content/gan_local/real_vs_fake/real-vs-fake/train/fake/17WHL5CC86.jpg,fake,gan,face,train
/content/diffusion_local/train/FAKE/4340 (10).jpg,fake,diffusion,cifar_object,train
/content/gan_local/real_vs_fake/real-vs-fake/train/real/07359.jpg,real,gan,face,train
/content/diffusion_local/train/REAL/2172 (5).jpg,real,diffusion,cifar_object,train
/content/gan_local/real_vs_fake/real-vs-fake/train/fake/H5K86P7TSL.jpg,fake,gan,face,train
/content/diffusion_local/train/FAKE/1557 (6).jpg,fake,diffusion,cifar_object,train
/content/gan_local/real_vs_fake/real-vs-fake/test/fake/ZQGD971X4D.jpg,fake,gan,face,test
/content/gan_local/real_vs_fake/real-vs-fake/valid/fake/WFZKHPCS5R.jpg,fake,gan,face,valid
/content/diffusion_local/train/FAKE/3048 (6).jpg,fake,diffusion,cifar_object,train
/content/diffusion_local/train/FAKE/5281 (7).jpg,fake,diffusion,cifar_object,train
/content/diffusion_local/train/FAKE/2951 (5).jpg,fake,diffusion,cifar_object,train
/content/diffusion_local/train/REAL/3950 (3).jpg,real,diffusion,cifar_object,train
/content/gan_local/real_vs_fake/real-vs-fake/valid/fake/C6USOJG4T0.jpg,fake,gan,face,valid
/content/intel_local/seg_train/seg_train/glacier/11028.jpg,real,intel,glacier,train
/content/intel_local/seg_train/seg_train/forest/5325.jpg,real,intel,forest,train
/content/gan_local/real_vs_fake/real-vs-fake/valid/fake/VP1ZWW9RXB.jpg,fake,gan,face,valid
/content/diffusion_local/test/REAL/0057 (10).jpg,real,diffusion,cifar_object,test
/content/gan_local/real_vs_fake/real-vs-fake/train/fake/7F6O9UGQOR.jpg,fake,gan,face,train
/content/gan_local/real_vs_fake/real-vs-fake/train/fake/O2OO3VEVPX.jpg,fake,gan,face,train
/content/diffusion_local/train/REAL/3593 (6).jpg,real,diffusion,cifar_object,train
/content/diffusion_local/train/REAL/4759 (2).jpg,real,diffusion,cifar_object,train
/content/gan_local/real_vs_fake/real-vs-fake/valid/real/36836.jpg,real,gan,face,valid
/content/gan_local/real_vs_fake/real-vs-fake/train/fake/XFQUMBNXE3.jpg,fake,gan,face,train
/content/general_ai_local/RealArt/RealArt/Black-and-White-Portrait-3.jpg,real,general_ai,RealArt,train
/content/diffusion_local/train/FAKE/1262 (9).jpg,fake,diffusion,cifar_object,train
/content/intel_local/seg_train/seg_train/street/14160.jpg,real,intel,street,train
/content/intel_local/seg_train/seg_train/forest/18652.jpg,real,intel,forest,train
/content/gan_local/real_vs_fake/real-vs-fake/train/real/14352.jpg,real,gan,face,train
/content/intel_local/seg_train/seg_train/street/18487.jpg,real,intel,street,train
/content/diffusion_local/train/FAKE/5970 (10).jpg,fake,diffusion,cifar_object,train
/content/general_ai_local/AiArtData/AiArtData/midjourney20images.jpg,fake,general_ai,AiArtData,train
/content/diffusion_local/train/REAL/1176 (2).jpg,real,diffusion,cifar_object,train
/content/diffusion_local/train/FAKE/5381 (7).jpg,fake,diffusion,cifar_object,train
/content/gan_local/real_vs_fake/real-vs-fake/test/fake/1ZI26B04I8.jpg,fake,gan,face,test
/content/intel_local/seg_test/seg_test/glacier/24171.jpg,real,intel,glacier,test
/content/diffusion_local/train/FAKE/3116 (9).jpg,fake,diffusion,cifar_object,train
/content/gan_local/real_vs_fake/real-vs-fake/test/fake/P71T2X4IEW.jpg,fake,gan,face,test
/content/diffusion_local/test/REAL/0936 (2).jpg,real,diffusion,cifar_object,test
/content/intel_local/seg_train/seg_train/sea/12892.jpg,real,intel,sea,train
/content/diffusion_local/test/FAKE/489 (6).jpg,fake,diffusion,cifar_object,test
/content/diffusion_local/test/REAL/0156 (4).jpg,real,diffusion,cifar_object,test
/content/gan_local/real_vs_fake/real-vs-fake/valid/fake/4JPV107UT0.jpg,fake,gan,face,valid
/content/diffusion_local/train/FAKE/5438 (4).jpg,fake,diffusion,cifar_object,train
/content/intel_local/seg_train/seg_train/forest/18944.jpg,real,intel,forest,train
/content/gan_local/real_vs_fake/real-vs-fake/train/real/59059.jpg,real,gan,face,train
/content/diffusion_local/train/FAKE/4019 (5).jpg,fake,diffusion,cifar_object,train
/content/general_ai_local/AiArtData/AiArtData/two-game-landscapes-made-by-ai-landscape-generator.jpg,fake,general_ai,AiArtData,train
/content/intel_local/seg_test/seg_test/street/21866.jpg,real,intel,street,test
/content/general_ai_local/AiArtData/AiArtData/robot-monitoring-dairy-farm-1200x800-1.jpg,fake,general_ai,AiArtData,train
/content/gan_local/real_vs_fake/real-vs-fake/valid/fake/07GRG7AXBM.jpg,fake,gan,face,valid
/content/gan_local/real_vs_fake/real-vs-fake/test/fake/I7BIJRAYHV.jpg,fake,gan,face,test
/content/gan_local/real_vs_fake/real-vs-fake/train/fake/ICKPVIUU8N.jpg,fake,gan,face,train
/content/gan_local/real_vs_fake/real-vs-fake/train/fake/R1C2TRCLEJ.jpg,fake,gan,face,train
/content/gan_local/real_vs_fake/real-vs-fake/train/real/52398.jpg,real,gan,face,train
/content/general_ai_local/AiArtData/AiArtData/1E9WJo1jFlzdGVuFhb4BdQw.png,fake,general_ai,AiArtData,train
/content/gan_local/real_vs_fake/real-vs-fake/train/fake/JTYZQPVZPR.jpg,fake,gan,face,train
/content/general_ai_local/AiArtData/AiArtData/ai-last-selfie-taken-earth-comp.jpg,fake,general_ai,AiArtData,train
/content/gan_local/real_vs_fake/real-vs-fake/train/fake/UA7SEVFU7S.jpg,fake,gan,face,train
/content/diffusion_local/test/FAKE/565.jpg,fake,diffusion,cifar_object,test
/content/diffusion_local/train/FAKE/1242 (6).jpg,fake,diffusion,cifar_object,train
/content/gan_local/real_vs_fake/real-vs-fake/train/real/01690.jpg,real,gan,face,train
/content/intel_local/seg_train/seg_train/mountain/10800.jpg,real,intel,mountain,train
/content/gan_local/real_vs_fake/real-vs-fake/test/fake/PFLHOYXCE7.jpg,fake,gan,face,test
/content/gan_local/real_vs_fake/real-vs-fake/train/fake/YH0M2WK5JC.jpg,fake,gan,face,train
/content/diffusion_local/train/FAKE/5957 (6).jpg,fake,diffusion,cifar_object,train
/content/diffusion_local/train/FAKE/2477 (5).jpg,fake,diffusion,cifar_object,train
/content/diffusion_local/train/FAKE/3152 (5).jpg,fake,diffusion,cifar_object,train
/content/intel_local/seg_train/seg_train/mountain/1933.jpg,real,intel,mountain,train
/content/gan_local/real_vs_fake/real-vs-fake/train/fake/MVLZSYEU9E.jpg,fake,gan,face,train
/content/intel_local/seg_test/seg_test/sea/22675.jpg,real,intel,sea,test
/content/diffusion_local/train/FAKE/3491 (6).jpg,fake,diffusion,cifar_object,train
/content/general_ai_local/RealArt/RealArt/arm-people-pleaser-2-wfxzwevfldlg.jpg,real,general_ai,RealArt,train
/content/diffusion_local/test/FAKE/663 (8).jpg,fake,diffusion,cifar_object,test
/content/general_ai_local/AiArtData/AiArtData/artificial-intelligence-AI-art402x.png,fake,general_ai,AiArtData,train
/content/gan_local/real_vs_fake/real-vs-fake/valid/fake/E0LYQ2J2QS.jpg,fake,gan,face,valid
/content/general_ai_local/RealArt/RealArt/Worlds-15-Most-Iconic-Portraits-by-iPhotography.com-11.jpg,real,general_ai,RealArt,train
/content/diffusion_local/test/FAKE/215 (4).jpg,fake,diffusion,cifar_object,test
/content/diffusion_local/train/FAKE/1322 (10).jpg,fake,diffusion,cifar_object,train
/content/gan_local/real_vs_fake/real-vs-fake/train/fake/CBL9MG6U4R.jpg,fake,gan,face,train
/content/intel_local/seg_train/seg_train/street/3060.jpg,real,intel,street,train
/content/gan_local/real_vs_fake/real-vs-fake/train/real/12829.jpg,real,gan,face,train
/content/intel_local/seg_train/seg_train/glacier/1137.jpg,real,intel,glacier,train
/content/diffusion_local/train/REAL/4968 (7).jpg,real,diffusion,cifar_object,train
/content/gan_local/real_vs_fake/real-vs-fake/train/real/28996.jpg,real,gan,face,train
/content/diffusion_local/train/FAKE/5161 (9).jpg,fake,diffusion,cifar_object,train
/content/gan_local/real_vs_fake/real-vs-fake/train/fake/BIVUYX5AEE.jpg,fake,gan,face,train
/content/diffusion_local/test/FAKE/249 (8).jpg,fake,diffusion,cifar_object,test
/content/gan_local/real_vs_fake/real-vs-fake/train/real/68848.jpg,real,gan,face,train
/content/gan_local/real_vs_fake/real-vs-fake/train/real/46254.jpg,real,gan,face,train
/content/intel_local/seg_train/seg_train/glacier/3175.jpg,real,intel,glacier,train
/content/diffusion_local/train/FAKE/1850 (5).jpg,fake,diffusion,cifar_object,train
/content/general_ai_local/AiArtData/AiArtData/1000_F_563719058_JXnzcPV4GRpWqmF5sqnqmbJ7ow3ca3DS.jpg,fake,general_ai,AiArtData,train
/content/general_ai_local/AiArtData/AiArtData/morning-sunrise-scenery-lake-landscape-ai-art-nature.jpg,fake,general_ai,AiArtData,train
/content/general_ai_local/RealArt/RealArt/changeofscenery-index-1634854124.jpeg,real,general_ai,RealArt,train
/content/intel_local/seg_train/seg_train/glacier/3695.jpg,real,intel,glacier,train
/content/diffusion_local/test/FAKE/112 (2).jpg,fake,diffusion,cifar_object,test
/content/diffusion_local/train/FAKE/1626 (8).jpg,fake,diffusion,cifar_object,train
/content/intel_local/seg_train/seg_train/street/7016.jpg,real,intel,street,train
/content/diffusion_local/test/REAL/0230 (4).jpg,real,diffusion,cifar_object,test
/content/intel_local/seg_train/seg_train/buildings/14447.jpg,real,intel,buildings,train
/content/intel_local/seg_test/seg_test/sea/21012.jpg,real,intel,sea,test
/content/diffusion_local/train/REAL/1793 (8).jpg,real,diffusion,cifar_object,train
/content/intel_local/seg_test/seg_test/sea/23047.jpg,real,intel,sea,test
/content/diffusion_local/train/FAKE/2503 (7).jpg,fake,diffusion,cifar_object,train
/content/gan_local/real_vs_fake/real-vs-fake/train/real/50491.jpg,real,gan,face,train
/content/diffusion_local/train/FAKE/2345.jpg,fake,diffusion,cifar_object,train
/content/intel_local/seg_train/seg_train/mountain/1513.jpg,real,intel,mountain,train
/content/diffusion_local/train/FAKE/1450 (6).jpg,fake,diffusion,cifar_object,train
/content/intel_local/seg_train/seg_train/sea/6745.jpg,real,intel,sea,train
/content/intel_local/seg_train/seg_train/street/9863.jpg,real,intel,street,train
/content/intel_local/seg_train/seg_train/sea/16293.jpg,real,intel,sea,train
/content/diffusion_local/train/FAKE/2753 (5).jpg,fake,diffusion,cifar_object,train
/content/intel_local/seg_train/seg_train/mountain/15168.jpg,real,intel,mountain,train
/content/diffusion_local/train/FAKE/4675 (3).jpg,fake,diffusion,cifar_object,train
/content/diffusion_local/train/FAKE/5308 (2).jpg,fake,diffusion,cifar_object,train
/content/gan_local/real_vs_fake/real-vs-fake/train/fake/YQ3RGPLR2Q.jpg,fake,gan,face,train
/content/diffusion_local/test/REAL/0639.jpg,real,diffusion,cifar_object,test
/content/diffusion_local/train/FAKE/1129 (5).jpg,fake,diffusion,cifar_object,train
/content/intel_local/seg_train/seg_train/glacier/9406.jpg,real,intel,glacier,train
/content/intel_local/seg_test/seg_test/glacier/21488.jpg,real,intel,glacier,test
/content/gan_local/real_vs_fake/real-vs-fake/valid/fake/M1DY1N766L.jpg,fake,gan,face,valid
/content/intel_local/seg_train/seg_train/buildings/14148.jpg,real,intel,buildings,train
/content/gan_local/real_vs_fake/real-vs-fake/valid/real/37521.jpg,real,gan,face,valid
/content/diffusion_local/train/REAL/3783.jpg,real,diffusion,cifar_object,train
/content/diffusion_local/train/REAL/4858 (3).jpg,real,diffusion,cifar_object,train
/content/gan_local/real_vs_fake/real-vs-fake/train/real/67201.jpg,real,gan,face,train
/content/intel_local/seg_test/seg_test/buildings/22163.jpg,real,intel,buildings,test
/content/diffusion_local/train/FAKE/3206 (9).jpg,fake,diffusion,cifar_object,train
/content/intel_local/seg_train/seg_train/forest/1235.jpg,real,intel,forest,train
/content/gan_local/real_vs_fake/real-vs-fake/train/real/48581.jpg,real,gan,face,train
/content/intel_local/seg_train/seg_train/street/5512.jpg,real,intel,street,train
/content/gan_local/real_vs_fake/real-vs-fake/train/real/69039.jpg,real,gan,face,train
/content/diffusion_local/train/REAL/2751 (5).jpg,real,diffusion,cifar_object,train
/content/diffusion_local/test/FAKE/197 (7).jpg,fake,diffusion,cifar_object,test
/content/gan_local/real_vs_fake/real-vs-fake/valid/fake/DGY8LXN8GP.jpg,fake,gan,face,valid
/content/diffusion_local/train/FAKE/3733 (3).jpg,fake,diffusion,cifar_object,train
/content/diffusion_local/train/FAKE/5498 (4).jpg,fake,diffusion,cifar_object,train
/content/general_ai_local/AiArtData/AiArtData/architecture-and-styles-midjourney-works-hassan-ragab-stirworld-230221015236.jpg,fake,general_ai,AiArtData,train
/content/gan_local/real_vs_fake/real-vs-fake/train/real/01718.jpg,real,gan,face,train
/content/diffusion_local/train/FAKE/1396 (6).jpg,fake,diffusion,cifar_object,train
/content/diffusion_local/train/FAKE/3766 (2).jpg,fake,diffusion,cifar_object,train
/content/gan_local/real_vs_fake/real-vs-fake/train/fake/94N9OIMG40.jpg,fake,gan,face,train
/content/diffusion_local/train/REAL/2709 (7).jpg,real,diffusion,cifar_object,train
/content/gan_local/real_vs_fake/real-vs-fake/valid/fake/23BJFZW4TT.jpg,fake,gan,face,valid
/content/diffusion_local/test/REAL/0550 (9).jpg,real,diffusion,cifar_object,test
/content/diffusion_local/train/REAL/1520 (10).jpg,real,diffusion,cifar_object,train
/content/diffusion_local/train/FAKE/2300 (3).jpg,fake,diffusion,cifar_object,train
/content/general_ai_local/AiArtData/AiArtData/wild-animals-tiny-version-ai-01.jpg,fake,general_ai,AiArtData,train
/content/general_ai_local/AiArtData/AiArtData/chayka_ai_copyright.jpg,fake,general_ai,AiArtData,train
/content/diffusion_local/train/FAKE/4049 (10).jpg,fake,diffusion,cifar_object,train
/content/intel_local/seg_train/seg_train/sea/17356.jpg,real,intel,sea,train
/content/intel_local/seg_train/seg_train/street/6825.jpg,real,intel,street,train
/content/diffusion_local/train/REAL/2737 (8).jpg,real,diffusion,cifar_object,train
/content/gan_local/real_vs_fake/real-vs-fake/train/real/20103.jpg,real,gan,face,train
/content/gan_local/real_vs_fake/real-vs-fake/test/real/68795.jpg,real,gan,face,test
/content/gan_local/real_vs_fake/real-vs-fake/valid/real/08549.jpg,real,gan,face,valid
/content/intel_local/seg_train/seg_train/glacier/1947.jpg,real,intel,glacier,train
/content/gan_local/real_vs_fake/real-vs-fake/train/fake/QH6O49M44O.jpg,fake,gan,face,train
/content/diffusion_local/test/REAL/0107 (2).jpg,real,diffusion,cifar_object,test
/content/intel_local/seg_train/seg_train/buildings/18364.jpg,real,intel,buildings,train
/content/gan_local/real_vs_fake/real-vs-fake/valid/fake/SJ94FEY52T.jpg,fake,gan,face,valid
/content/gan_local/real_vs_fake/real-vs-fake/train/real/23500.jpg,real,gan,face,train
/content/diffusion_local/train/FAKE/1097 (10).jpg,fake,diffusion,cifar_object,train
/content/intel_local/seg_test/seg_test/sea/20622.jpg,real,intel,sea,test
/content/diffusion_local/test/FAKE/858 (6).jpg,fake,diffusion,cifar_object,test
/content/intel_local/seg_train/seg_train/mountain/3385.jpg,real,intel,mountain,train
/content/intel_local/seg_test/seg_test/buildings/20113.jpg,real,intel,buildings,test
/content/general_ai_local/AiArtData/AiArtData/elizabeth-rev.jpg,fake,general_ai,AiArtData,train
/content/diffusion_local/train/REAL/0569 (8).jpg,real,diffusion,cifar_object,train
/content/gan_local/real_vs_fake/real-vs-fake/train/real/36886.jpg,real,gan,face,train
/content/gan_local/real_vs_fake/real-vs-fake/train/real/33271.jpg,real,gan,face,train
/content/diffusion_local/train/REAL/4669.jpg,real,diffusion,cifar_object,train
/content/diffusion_local/train/REAL/0282 (5).jpg,real,diffusion,cifar_object,train
/content/general_ai_local/AiArtData/AiArtData/AI-generated-landscape-708x400.jpg,fake,general_ai,AiArtData,train
/content/diffusion_local/train/REAL/4552 (8).jpg,real,diffusion,cifar_object,train
/content/general_ai_local/AiArtData/AiArtData/loabfeature.jpg,fake,general_ai,AiArtData,train
/content/intel_local/seg_train/seg_train/street/17745.jpg,real,intel,street,train
/content/gan_local/real_vs_fake/real-vs-fake/train/fake/9EBKL46ZCD.jpg,fake,gan,face,train
/content/gan_local/real_vs_fake/real-vs-fake/train/fake/ADZL3CHE8N.jpg,fake,gan,face,train
/content/diffusion_local/test/FAKE/579 (5).jpg,fake,diffusion,cifar_object,test
/content/diffusion_local/train/REAL/2427 (2).jpg,real,diffusion,cifar_object,train
/content/intel_local/seg_train/seg_train/sea/2409.jpg,real,intel,sea,train
/content/gan_local/real_vs_fake/real-vs-fake/train/real/21705.jpg,real,gan,face,train
/content/diffusion_local/train/FAKE/1237.jpg,fake,diffusion,cifar_object,train
/content/diffusion_local/test/REAL/0360 (8).jpg,real,diffusion,cifar_object,test
/content/gan_local/real_vs_fake/real-vs-fake/train/fake/FHJMWT0XFJ.jpg,fake,gan,face,train
/content/diffusion_local/train/FAKE/2079 (6).jpg,fake,diffusion,cifar_object,train
/content/gan_local/real_vs_fake/real-vs-fake/train/fake/0G83XR0D0A.jpg,fake,gan,face,train
/content/gan_local/real_vs_fake/real-vs-fake/train/fake/H4GGILS6DM.jpg,fake,gan,face,train
/content/gan_local/real_vs_fake/real-vs-fake/train/real/42029.jpg,real,gan,face,train
/content/general_ai_local/RealArt/RealArt/michael_b._jordan_cannes_2018.jpg,real,general_ai,RealArt,train
/content/intel_local/seg_train/seg_train/forest/15067.jpg,real,intel,forest,train
/content/gan_local/real_vs_fake/real-vs-fake/train/fake/BLQOVWBFRY.jpg,fake,gan,face,train
/content/gan_local/real_vs_fake/real-vs-fake/valid/fake/09GH1ZKD6S.jpg,fake,gan,face,valid
/content/intel_local/seg_train/seg_train/street/13557.jpg,real,intel,street,train
/content/diffusion_local/test/FAKE/539.jpg,fake,diffusion,cifar_object,test
/content/gan_local/real_vs_fake/real-vs-fake/train/real/16307.jpg,real,gan,face,train
/content/gan_local/real_vs_fake/real-vs-fake/train/fake/KMP8VOT3C5.jpg,fake,gan,face,train
/content/gan_local/real_vs_fake/real-vs-fake/train/fake/ETROOCU1J2.jpg,fake,gan,face,train
/content/intel_local/seg_train/seg_train/mountain/7049.jpg,real,intel,mountain,train
/content/diffusion_local/train/FAKE/3979 (4).jpg,fake,diffusion,cifar_object,train
/content/diffusion_local/train/FAKE/2338 (6).jpg,fake,diffusion,cifar_object,train
/content/diffusion_local/train/FAKE/2429 (7).jpg,fake,diffusion,cifar_object,train
/content/gan_local/real_vs_fake/real-vs-fake/train/real/10273.jpg,real,gan,face,train
/content/diffusion_local/train/REAL/0367 (2).jpg,real,diffusion,cifar_object,train
/content/diffusion_local/train/REAL/1832 (9).jpg,real,diffusion,cifar_object,train
/content/diffusion_local/test/FAKE/806 (7).jpg,fake,diffusion,cifar_object,test
/content/gan_local/real_vs_fake/real-vs-fake/test/real/34513.jpg,real,gan,face,test
/content/intel_local/seg_test/seg_test/mountain/23531.jpg,real,intel,mountain,test
/content/gan_local/real_vs_fake/real-vs-fake/train/real/24268.jpg,real,gan,face,train
/content/diffusion_local/train/REAL/0697.jpg,real,diffusion,cifar_object,train
/content/gan_local/real_vs_fake/real-vs-fake/test/fake/MM7X0IN738.jpg,fake,gan,face,test
/content/intel_local/seg_train/seg_train/sea/11106.jpg,real,intel,sea,train
/content/gan_local/real_vs_fake/real-vs-fake/train/fake/OCR9660ANQ.jpg,fake,gan,face,train
/content/diffusion_local/train/FAKE/3271 (5).jpg,fake,diffusion,cifar_object,train
/content/intel_local/seg_train/seg_train/buildings/9032.jpg,real,intel,buildings,train
/content/general_ai_local/RealArt/RealArt/babyanimals_blogpost.jpg,real,general_ai,RealArt,train
/content/gan_local/real_vs_fake/real-vs-fake/train/real/12661.jpg,real,gan,face,train
/content/diffusion_local/train/REAL/0715.jpg,real,diffusion,cifar_object,train
/content/gan_local/real_vs_fake/real-vs-fake/train/real/28805.jpg,real,gan,face,train
/content/diffusion_local/train/FAKE/2896 (2).jpg,fake,diffusion,cifar_object,train
/content/diffusion_local/train/REAL/2930 (3).jpg,real,diffusion,cifar_object,train
/content/diffusion_local/train/REAL/1305.jpg,real,diffusion,cifar_object,train
/content/diffusion_local/train/REAL/2766 (9).jpg,real,diffusion,cifar_object,train
/content/gan_local/real_vs_fake/real-vs-fake/train/real/47720.jpg,real,gan,face,train
/content/general_ai_local/RealArt/RealArt/paintings-of-venice-1.jpg,real,general_ai,RealArt,train
/content/diffusion_local/train/REAL/2848 (7).jpg,real,diffusion,cifar_object,train
/content/diffusion_local/train/REAL/4470 (4).jpg,real,diffusion,cifar_object,train
/content/diffusion_local/test/REAL/0194 (5).jpg,real,diffusion,cifar_object,test
/content/gan_local/real_vs_fake/real-vs-fake/train/fake/PW8ZI05B37.jpg,fake,gan,face,train
/content/intel_local/seg_train/seg_train/glacier/5636.jpg,real,intel,glacier,train
/content/diffusion_local/train/FAKE/2581 (9).jpg,fake,diffusion,cifar_object,train
/content/general_ai_local/AiArtData/AiArtData/HD-wallpaper-artwork-midjourney-ai-ai-generated-nature-landscape-mountains-resolution.jpg,fake,general_ai,AiArtData,train
/content/general_ai_local/RealArt/RealArt/1032249.jpg,real,general_ai,RealArt,train
/content/diffusion_local/train/FAKE/4775 (9).jpg,fake,diffusion,cifar_object,train
/content/diffusion_local/train/FAKE/3462 (3).jpg,fake,diffusion,cifar_object,train
/content/intel_local/seg_train/seg_train/sea/11495.jpg,real,intel,sea,train
/content/gan_local/real_vs_fake/real-vs-fake/train/real/20738.jpg,real,gan,face,train
/content/gan_local/real_vs_fake/real-vs-fake/train/fake/P3GBFXCJB9.jpg,fake,gan,face,train
/content/intel_local/seg_train/seg_train/buildings/10357.jpg,real,intel,buildings,train
/content/intel_local/seg_train/seg_train/buildings/5291.jpg,real,intel,buildings,train
/content/diffusion_local/train/FAKE/5413 (8).jpg,fake,diffusion,cifar_object,train
/content/gan_local/real_vs_fake/real-vs-fake/train/real/01424.jpg,real,gan,face,train
/content/intel_local/seg_train/seg_train/buildings/16059.jpg,real,intel,buildings,train
/content/intel_local/seg_train/seg_train/mountain/1228.jpg,real,intel,mountain,train
/content/gan_local/real_vs_fake/real-vs-fake/train/real/34627.jpg,real,gan,face,train
/content/intel_local/seg_train/seg_train/street/14961.jpg,real,intel,street,train
/content/gan_local/real_vs_fake/real-vs-fake/valid/real/34348.jpg,real,gan,face,valid
/content/intel_local/seg_train/seg_train/forest/3427.jpg,real,intel,forest,train
/content/intel_local/seg_test/seg_test/mountain/20671.jpg,real,intel,mountain,test
/content/gan_local/real_vs_fake/real-vs-fake/test/real/52798.jpg,real,gan,face,test
/content/gan_local/real_vs_fake/real-vs-fake/train/fake/JWGHHMWEAM.jpg,fake,gan,face,train
/content/diffusion_local/train/FAKE/2088 (4).jpg,fake,diffusion,cifar_object,train
/content/diffusion_local/train/FAKE/3694 (2).jpg,fake,diffusion,cifar_object,train
/content/intel_local/seg_train/seg_train/street/11470.jpg,real,intel,street,train
/content/diffusion_local/train/FAKE/3526 (4).jpg,fake,diffusion,cifar_object,train
/content/diffusion_local/train/FAKE/1278 (9).jpg,fake,diffusion,cifar_object,train
/content/diffusion_local/train/REAL/0054 (3).jpg,real,diffusion,cifar_object,train
/content/gan_local/real_vs_fake/real-vs-fake/train/real/02215.jpg,real,gan,face,train
/content/gan_local/real_vs_fake/real-vs-fake/train/fake/Y62KE488D2.jpg,fake,gan,face,train
/content/diffusion_local/train/FAKE/1691.jpg,fake,diffusion,cifar_object,train
/content/gan_local/real_vs_fake/real-vs-fake/train/real/60879.jpg,real,gan,face,train
/content/gan_local/real_vs_fake/real-vs-fake/train/fake/5Y3XU3B5BU.jpg,fake,gan,face,train
/content/diffusion_local/train/FAKE/2906 (9).jpg,fake,diffusion,cifar_object,train
/content/diffusion_local/train/FAKE/3859 (10).jpg,fake,diffusion,cifar_object,train
/content/general_ai_local/AiArtData/AiArtData/cute-animals-wearing-clothes-ai-art-dylan-cover_800.png,fake,general_ai,AiArtData,train
/content/intel_local/seg_train/seg_train/glacier/13332.jpg,real,intel,glacier,train
/content/general_ai_local/AiArtData/AiArtData/serene-natural-background-depicting-peaceful-landscape-scenery-ai-generated_523886-7267.jpg,fake,general_ai,AiArtData,train
/content/diffusion_local/train/FAKE/1349 (7).jpg,fake,diffusion,cifar_object,train
/content/diffusion_local/train/FAKE/5165 (2).jpg,fake,diffusion,cifar_object,train
/content/general_ai_local/RealArt/RealArt/diverse-crowd-people-different-ages-races_74855-5235.jpg,real,general_ai,RealArt,train
/content/diffusion_local/train/FAKE/4709 (5).jpg,fake,diffusion,cifar_object,train
/content/gan_local/real_vs_fake/real-vs-fake/train/fake/21MYSE1H36.jpg,fake,gan,face,train
/content/general_ai_local/AiArtData/AiArtData/2A8oNV0baUgW9iGIEk1X.jpg,fake,general_ai,AiArtData,train
/content/gan_local/real_vs_fake/real-vs-fake/train/fake/J6PHQLIL2Q.jpg,fake,gan,face,train
/content/gan_local/real_vs_fake/real-vs-fake/train/real/31106.jpg,real,gan,face,train
/content/gan_local/real_vs_fake/real-vs-fake/train/fake/NMU63GD0C1.jpg,fake,gan,face,train
/content/intel_local/seg_train/seg_train/buildings/19016.jpg,real,intel,buildings,train
/content/gan_local/real_vs_fake/real-vs-fake/train/fake/X0WW7J2JI7.jpg,fake,gan,face,train
/content/general_ai_local/AiArtData/AiArtData/meditation-kundalini-energy-colorful-psychedelic-ai-generated-art_843679-6229.jpg,fake,general_ai,AiArtData,train
/content/diffusion_local/train/REAL/4192 (7).jpg,real,diffusion,cifar_object,train
/content/diffusion_local/train/REAL/2061.jpg,real,diffusion,cifar_object,train
/content/gan_local/real_vs_fake/real-vs-fake/train/fake/U1ECSXCMZ3.jpg,fake,gan,face,train
/content/intel_local/seg_train/seg_train/forest/5534.jpg,real,intel,forest,train
/content/general_ai_local/AiArtData/AiArtData/banner-of-AI-Landscape-Generator_2023-05-25-100511_xmkz.jpg,fake,general_ai,AiArtData,train
/content/gan_local/real_vs_fake/real-vs-fake/train/real/05952.jpg,real,gan,face,train
/content/diffusion_local/train/REAL/4248 (3).jpg,real,diffusion,cifar_object,train
/content/general_ai_local/AiArtData/AiArtData/landscape-art-ai-generated-photo.jpg,fake,general_ai,AiArtData,train
/content/general_ai_local/AiArtData/AiArtData/backdrop-nature-beautiful-scenery-wallpaper-ai-generated-art_853163-335.jpg,fake,general_ai,AiArtData,train
/content/general_ai_local/AiArtData/AiArtData/1000_F_564265464_mp9OwlBNexenRBJcwg5qhCwOxr4TC3gk.jpg,fake,general_ai,AiArtData,train
/content/diffusion_local/train/FAKE/3392 (5).jpg,fake,diffusion,cifar_object,train
/content/intel_local/seg_train/seg_train/forest/2290.jpg,real,intel,forest,train
/content/gan_local/real_vs_fake/real-vs-fake/train/fake/TLFEHO5LW6.jpg,fake,gan,face,train
/content/gan_local/real_vs_fake/real-vs-fake/train/fake/HMV8PE4ND6.jpg,fake,gan,face,train
/content/gan_local/real_vs_fake/real-vs-fake/train/real/50406.jpg,real,gan,face,train
/content/general_ai_local/AiArtData/AiArtData/ai-generated-7483596_1280.jpg,fake,general_ai,AiArtData,train
/content/gan_local/real_vs_fake/real-vs-fake/train/fake/CNVZ2FBTKX.jpg,fake,gan,face,train
/content/diffusion_local/train/FAKE/1662 (3).jpg,fake,diffusion,cifar_object,train
/content/diffusion_local/train/FAKE/5130.jpg,fake,diffusion,cifar_object,train
/content/diffusion_local/train/REAL/0115.jpg,real,diffusion,cifar_object,train
/content/diffusion_local/train/FAKE/2174 (7).jpg,fake,diffusion,cifar_object,train
/content/diffusion_local/train/FAKE/4409 (3).jpg,fake,diffusion,cifar_object,train
/content/gan_local/real_vs_fake/real-vs-fake/train/fake/B7FE5RDPGS.jpg,fake,gan,face,train
/content/diffusion_local/train/REAL/2825 (2).jpg,real,diffusion,cifar_object,train
/content/gan_local/real_vs_fake/real-vs-fake/train/fake/SM3BZ2UQRJ.jpg,fake,gan,face,train
/content/diffusion_local/test/FAKE/693 (7).jpg,fake,diffusion,cifar_object,test
/content/gan_local/real_vs_fake/real-vs-fake/train/fake/FOTUD6RMJB.jpg,fake,gan,face,train
/content/diffusion_local/train/FAKE/4728.jpg,fake,diffusion,cifar_object,train
/content/diffusion_local/train/FAKE/1987.jpg,fake,diffusion,cifar_object,train
/content/gan_local/real_vs_fake/real-vs-fake/train/fake/NKETV2N1VP.jpg,fake,gan,face,train
/content/intel_local/seg_train/seg_train/sea/90.jpg,real,intel,sea,train
/content/gan_local/real_vs_fake/real-vs-fake/train/fake/395VAXM2SG.jpg,fake,gan,face,train
/content/intel_local/seg_train/seg_train/glacier/5237.jpg,real,intel,glacier,train
/content/gan_local/real_vs_fake/real-vs-fake/train/real/22964.jpg,real,gan,face,train
/content/diffusion_local/train/REAL/1200 (8).jpg,real,diffusion,cifar_object,train
/content/diffusion_local/train/FAKE/1925 (8).jpg,fake,diffusion,cifar_object,train
/content/diffusion_local/train/REAL/1889 (7).jpg,real,diffusion,cifar_object,train
/content/diffusion_local/train/FAKE/4362 (5).jpg,fake,diffusion,cifar_object,train
/content/intel_local/seg_train/seg_train/buildings/7308.jpg,real,intel,buildings,train
/content/diffusion_local/train/FAKE/4726 (8).jpg,fake,diffusion,cifar_object,train
/content/diffusion_local/train/FAKE/3140 (7).jpg,fake,diffusion,cifar_object,train
/content/diffusion_local/train/FAKE/5185.jpg,fake,diffusion,cifar_object,train
/content/intel_local/seg_train/seg_train/street/5717.jpg,real,intel,street,train
/content/gan_local/real_vs_fake/real-vs-fake/train/fake/LH0FZQUO0Q.jpg,fake,gan,face,train
/content/gan_local/real_vs_fake/real-vs-fake/train/real/10092.jpg,real,gan,face,train
/content/gan_local/real_vs_fake/real-vs-fake/train/fake/WZ7TI4WE7L.jpg,fake,gan,face,train
/content/gan_local/real_vs_fake/real-vs-fake/train/fake/9YOSZG5TK8.jpg,fake,gan,face,train
/content/diffusion_local/test/FAKE/260 (10).jpg,fake,diffusion,cifar_object,test
/content/gan_local/real_vs_fake/real-vs-fake/train/fake/L1SX84AWXU.jpg,fake,gan,face,train
/content/gan_local/real_vs_fake/real-vs-fake/train/fake/LFRFIZ9CEO.jpg,fake,gan,face,train
/content/gan_local/real_vs_fake/real-vs-fake/train/fake/E9D5TDPT3I.jpg,fake,gan,face,train
/content/diffusion_local/test/FAKE/698 (5).jpg,fake,diffusion,cifar_object,test
/content/gan_local/real_vs_fake/real-vs-fake/train/fake/AZ3KH4SS9A.jpg,fake,gan,face,train
/content/diffusion_local/train/FAKE/2265 (2).jpg,fake,diffusion,cifar_object,train
/content/gan_local/real_vs_fake/real-vs-fake/train/fake/DKDXYE24B3.jpg,fake,gan,face,train
/content/diffusion_local/test/FAKE/335.jpg,fake,diffusion,cifar_object,test
/content/gan_local/real_vs_fake/real-vs-fake/train/fake/6SUWUX0ER3.jpg,fake,gan,face,train
/content/diffusion_local/train/REAL/2798 (4).jpg,real,diffusion,cifar_object,train
/content/diffusion_local/train/FAKE/3288 (3).jpg,fake,diffusion,cifar_object,train
/content/intel_local/seg_train/seg_train/sea/5441.jpg,real,intel,sea,train
/content/diffusion_local/train/FAKE/1611 (9).jpg,fake,diffusion,cifar_object,train
/content/diffusion_local/train/FAKE/5300 (4).jpg,fake,diffusion,cifar_object,train
/content/diffusion_local/train/FAKE/4890 (9).jpg,fake,diffusion,cifar_object,train
/content/gan_local/real_vs_fake/real-vs-fake/valid/fake/8A0RCQQ5WR.jpg,fake,gan,face,valid
/content/gan_local/real_vs_fake/real-vs-fake/valid/real/37824.jpg,real,gan,face,valid
/content/intel_local/seg_train/seg_train/mountain/11554.jpg,real,intel,mountain,train
/content/gan_local/real_vs_fake/real-vs-fake/train/real/17422.jpg,real,gan,face,train
/content/gan_local/real_vs_fake/real-vs-fake/train/fake/KUM1TIKH09.jpg,fake,gan,face,train
/content/diffusion_local/train/FAKE/1046 (3).jpg,fake,diffusion,cifar_object,train
/content/intel_local/seg_train/seg_train/glacier/3389.jpg,real,intel,glacier,train
/content/gan_local/real_vs_fake/real-vs-fake/train/fake/65XPCP9WFJ.jpg,fake,gan,face,train
/content/gan_local/real_vs_fake/real-vs-fake/train/fake/6C0TPEH1EN.jpg,fake,gan,face,train
/content/diffusion_local/train/FAKE/3086 (5).jpg,fake,diffusion,cifar_object,train
/content/intel_local/seg_train/seg_train/buildings/3989.jpg,real,intel,buildings,train
/content/intel_local/seg_train/seg_train/glacier/6976.jpg,real,intel,glacier,train
/content/general_ai_local/AiArtData/AiArtData/MidJourney-content-policy-1024x576.jpg,fake,general_ai,AiArtData,train
/content/gan_local/real_vs_fake/real-vs-fake/train/fake/NEGNZS5GZ6.jpg,fake,gan,face,train
/content/gan_local/real_vs_fake/real-vs-fake/train/fake/1XARY62V9I.jpg,fake,gan,face,train
/content/intel_local/seg_train/seg_train/mountain/13172.jpg,real,intel,mountain,train
/content/general_ai_local/AiArtData/AiArtData/71AlaLQNBuL._AC_UF10001000_QL80_.jpg,fake,general_ai,AiArtData,train
/content/gan_local/real_vs_fake/real-vs-fake/train/fake/17HW6D4LQI.jpg,fake,gan,face,train
/content/gan_local/real_vs_fake/real-vs-fake/train/real/66118.jpg,real,gan,face,train
/content/gan_local/real_vs_fake/real-vs-fake/valid/fake/4FS1I1H398.jpg,fake,gan,face,valid
/content/gan_local/real_vs_fake/real-vs-fake/valid/real/47570.jpg,real,gan,face,valid
/content/gan_local/real_vs_fake/real-vs-fake/valid/fake/QSP68W075X.jpg,fake,gan,face,valid
/content/intel_local/seg_train/seg_train/mountain/1700.jpg,real,intel,mountain,train
/content/diffusion_local/train/REAL/4362 (5).jpg,real,diffusion,cifar_object,train
/content/intel_local/seg_train/seg_train/street/1782.jpg,real,intel,street,train
/content/diffusion_local/train/FAKE/4008 (7).jpg,fake,diffusion,cifar_object,train
/content/gan_local/real_vs_fake/real-vs-fake/valid/fake/DKFG5KAJ5S.jpg,fake,gan,face,valid
/content/general_ai_local/RealArt/RealArt/images16.jpg,real,general_ai,RealArt,train
/content/gan_local/real_vs_fake/real-vs-fake/train/real/63195.jpg,real,gan,face,train
/content/diffusion_local/test/REAL/0099.jpg,real,diffusion,cifar_object,test
/content/general_ai_local/AiArtData/AiArtData/portraits.jpg,fake,general_ai,AiArtData,train
/content/gan_local/real_vs_fake/real-vs-fake/train/fake/R7QGDEB76E.jpg,fake,gan,face,train
/content/diffusion_local/train/FAKE/4042 (3).jpg,fake,diffusion,cifar_object,train
/content/diffusion_local/test/FAKE/309 (5).jpg,fake,diffusion,cifar_object,test
/content/general_ai_local/RealArt/RealArt/whats-world-population-jpg.jpg,real,general_ai,RealArt,train
/content/diffusion_local/test/FAKE/895 (2).jpg,fake,diffusion,cifar_object,test
/content/gan_local/real_vs_fake/real-vs-fake/train/fake/3T8CX8G0BK.jpg,fake,gan,face,train
/content/diffusion_local/train/REAL/0636 (5).jpg,real,diffusion,cifar_object,train
/content/gan_local/real_vs_fake/real-vs-fake/train/fake/WN7FCXN2FA.jpg,fake,gan,face,train
/content/diffusion_local/test/REAL/0922 (7).jpg,real,diffusion,cifar_object,test
/content/diffusion_local/train/FAKE/3755 (8).jpg,fake,diffusion,cifar_object,train
/content/gan_local/real_vs_fake/real-vs-fake/train/real/33217.jpg,real,gan,face,train
/content/gan_local/real_vs_fake/real-vs-fake/train/fake/F1KPK15S2K.jpg,fake,gan,face,train
/content/general_ai_local/AiArtData/AiArtData/google-dream-starry-night.jpg,fake,general_ai,AiArtData,train
/content/intel_local/seg_test/seg_test/buildings/22562.jpg,real,intel,buildings,test
/content/gan_local/real_vs_fake/real-vs-fake/train/fake/7MRTWJEDL3.jpg,fake,gan,face,train
/content/gan_local/real_vs_fake/real-vs-fake/train/real/40878.jpg,real,gan,face,train
/content/gan_local/real_vs_fake/real-vs-fake/train/real/22474.jpg,real,gan,face,train
/content/intel_local/seg_train/seg_train/buildings/17302.jpg,real,intel,buildings,train
/content/gan_local/real_vs_fake/real-vs-fake/train/fake/M47FRHM3PE.jpg,fake,gan,face,train
/content/intel_local/seg_train/seg_train/mountain/4224.jpg,real,intel,mountain,train
/content/gan_local/real_vs_fake/real-vs-fake/train/fake/R6TKDM8ZM9.jpg,fake,gan,face,train
/content/diffusion_local/train/FAKE/1665 (5).jpg,fake,diffusion,cifar_object,train
/content/diffusion_local/train/FAKE/2591 (10).jpg,fake,diffusion,cifar_object,train
/content/gan_local/real_vs_fake/real-vs-fake/train/fake/R4ZPTSFC63.jpg,fake,gan,face,train
/content/intel_local/seg_train/seg_train/sea/14532.jpg,real,intel,sea,train
/content/diffusion_local/train/FAKE/2397 (3).jpg,fake,diffusion,cifar_object,train
/content/diffusion_local/train/REAL/0206 (4).jpg,real,diffusion,cifar_object,train
/content/diffusion_local/train/FAKE/2561 (8).jpg,fake,diffusion,cifar_object,train
/content/diffusion_local/train/FAKE/1399 (5).jpg,fake,diffusion,cifar_object,train
/content/gan_local/real_vs_fake/real-vs-fake/train/fake/Z7BLNX2ZEK.jpg,fake,gan,face,train
/content/diffusion_local/train/FAKE/1033 (7).jpg,fake,diffusion,cifar_object,train
/content/gan_local/real_vs_fake/real-vs-fake/train/real/55335.jpg,real,gan,face,train
/content/gan_local/real_vs_fake/real-vs-fake/train/real/04989.jpg,real,gan,face,train
/content/diffusion_local/train/FAKE/1736 (10).jpg,fake,diffusion,cifar_object,train
/content/intel_local/seg_train/seg_train/buildings/2252.jpg,real,intel,buildings,train
/content/intel_local/seg_train/seg_train/forest/18928.jpg,real,intel,forest,train
/content/diffusion_local/train/REAL/1658 (2).jpg,real,diffusion,cifar_object,train
/content/diffusion_local/train/REAL/0808 (7).jpg,real,diffusion,cifar_object,train
/content/general_ai_local/RealArt/RealArt/people-icon-set-trendy-flat-260nw-703972951.jpg,real,general_ai,RealArt,train
/content/diffusion_local/train/FAKE/1910 (7).jpg,fake,diffusion,cifar_object,train
/content/gan_local/real_vs_fake/real-vs-fake/test/real/56663.jpg,real,gan,face,test
/content/diffusion_local/train/REAL/3884 (6).jpg,real,diffusion,cifar_object,train
/content/diffusion_local/train/FAKE/1514 (7).jpg,fake,diffusion,cifar_object,train
/content/diffusion_local/train/REAL/4467.jpg,real,diffusion,cifar_object,train
/content/diffusion_local/train/REAL/0082 (5).jpg,real,diffusion,cifar_object,train
/content/intel_local/seg_train/seg_train/forest/1331.jpg,real,intel,forest,train
/content/diffusion_local/train/REAL/3438 (8).jpg,real,diffusion,cifar_object,train
/content/diffusion_local/train/FAKE/1416 (3).jpg,fake,diffusion,cifar_object,train
/content/intel_local/seg_train/seg_train/buildings/14947.jpg,real,intel,buildings,train
/content/intel_local/seg_train/seg_train/glacier/9033.jpg,real,intel,glacier,train
/content/gan_local/real_vs_fake/real-vs-fake/train/fake/R70GFOZ7KX.jpg,fake,gan,face,train
/content/intel_local/seg_train/seg_train/mountain/19719.jpg,real,intel,mountain,train
/content/gan_local/real_vs_fake/real-vs-fake/train/fake/QY19QBMRIV.jpg,fake,gan,face,train
/content/gan_local/real_vs_fake/real-vs-fake/valid/real/09957.jpg,real,gan,face,valid
/content/intel_local/seg_test/seg_test/street/22283.jpg,real,intel,street,test
/content/diffusion_local/train/REAL/2801 (8).jpg,real,diffusion,cifar_object,train
/content/gan_local/real_vs_fake/real-vs-fake/train/fake/A4UBBSRS9Y.jpg,fake,gan,face,train
/content/diffusion_local/test/FAKE/340 (9).jpg,fake,diffusion,cifar_object,test
/content/diffusion_local/train/REAL/1778 (9).jpg,real,diffusion,cifar_object,train
/content/gan_local/real_vs_fake/real-vs-fake/valid/real/33395.jpg,real,gan,face,valid
/content/gan_local/real_vs_fake/real-vs-fake/train/real/32654.jpg,real,gan,face,train
/content/diffusion_local/train/REAL/2037 (7).jpg,real,diffusion,cifar_object,train
/content/intel_local/seg_test/seg_test/glacier/23098.jpg,real,intel,glacier,test
/content/diffusion_local/train/FAKE/2716 (9).jpg,fake,diffusion,cifar_object,train
/content/gan_local/real_vs_fake/real-vs-fake/test/fake/DQQGDO9XN5.jpg,fake,gan,face,test
/content/diffusion_local/test/FAKE/306 (9).jpg,fake,diffusion,cifar_object,test
/content/intel_local/seg_train/seg_train/mountain/12262.jpg,real,intel,mountain,train
/content/gan_local/real_vs_fake/real-vs-fake/train/real/47638.jpg,real,gan,face,train
/content/intel_local/seg_train/seg_train/sea/9016.jpg,real,intel,sea,train
/content/diffusion_local/train/REAL/4953.jpg,real,diffusion,cifar_object,train
/content/diffusion_local/train/REAL/4049 (9).jpg,real,diffusion,cifar_object,train
/content/gan_local/real_vs_fake/real-vs-fake/valid/fake/J05SDMRQPR.jpg,fake,gan,face,valid
/content/diffusion_local/train/FAKE/2250 (5).jpg,fake,diffusion,cifar_object,train
/content/diffusion_local/train/REAL/0277 (6).jpg,real,diffusion,cifar_object,train
/content/gan_local/real_vs_fake/real-vs-fake/train/fake/DMM1VF1ODR.jpg,fake,gan,face,train
/content/diffusion_local/train/FAKE/1507 (7).jpg,fake,diffusion,cifar_object,train
/content/intel_local/seg_train/seg_train/sea/17785.jpg,real,intel,sea,train
/content/diffusion_local/train/REAL/2887 (5).jpg,real,diffusion,cifar_object,train
/content/gan_local/real_vs_fake/real-vs-fake/train/real/40119.jpg,real,gan,face,train
/content/diffusion_local/train/FAKE/3384.jpg,fake,diffusion,cifar_object,train
/content/intel_local/seg_train/seg_train/mountain/11871.jpg,real,intel,mountain,train
/content/gan_local/real_vs_fake/real-vs-fake/train/fake/1T0GSUCSW9.jpg,fake,gan,face,train
/content/diffusion_local/train/REAL/2452 (7).jpg,real,diffusion,cifar_object,train
/content/diffusion_local/train/FAKE/3673 (5).jpg,fake,diffusion,cifar_object,train
/content/diffusion_local/train/FAKE/5488.jpg,fake,diffusion,cifar_object,train
/content/gan_local/real_vs_fake/real-vs-fake/valid/fake/Q4YCR6AH4V.jpg,fake,gan,face,valid
/content/intel_local/seg_train/seg_train/sea/8819.jpg,real,intel,sea,train
/content/diffusion_local/train/FAKE/5799 (10).jpg,fake,diffusion,cifar_object,train
/content/gan_local/real_vs_fake/real-vs-fake/train/fake/B0EGN35939.jpg,fake,gan,face,train
/content/gan_local/real_vs_fake/real-vs-fake/valid/real/38553.jpg,real,gan,face,valid
/content/diffusion_local/test/REAL/0794 (9).jpg,real,diffusion,cifar_object,test
/content/diffusion_local/train/FAKE/4404 (7).jpg,fake,diffusion,cifar_object,train
/content/gan_local/real_vs_fake/real-vs-fake/valid/real/21354.jpg,real,gan,face,valid
/content/intel_local/seg_train/seg_train/buildings/18026.jpg,real,intel,buildings,train
/content/diffusion_local/train/REAL/0711 (9).jpg,real,diffusion,cifar_object,train
/content/diffusion_local/train/REAL/0611 (4).jpg,real,diffusion,cifar_object,train
/content/gan_local/real_vs_fake/real-vs-fake/valid/fake/YNFI65IGLY.jpg,fake,gan,face,valid
/content/gan_local/real_vs_fake/real-vs-fake/test/fake/R4CHC7WPYN.jpg,fake,gan,face,test
/content/gan_local/real_vs_fake/real-vs-fake/test/fake/PGQQWN4VXE.jpg,fake,gan,face,test
/content/general_ai_local/AiArtData/AiArtData/1EOlo-3uyfHVlEE649tq62g.png,fake,general_ai,AiArtData,train
/content/diffusion_local/train/REAL/3934 (5).jpg,real,diffusion,cifar_object,train
/content/general_ai_local/RealArt/RealArt/Tiger-1.jpg,real,general_ai,RealArt,train
/content/gan_local/real_vs_fake/real-vs-fake/valid/fake/4BT5CKXBN1.jpg,fake,gan,face,valid
/content/diffusion_local/test/REAL/0666.jpg,real,diffusion,cifar_object,test
/content/intel_local/seg_train/seg_train/glacier/2885.jpg,real,intel,glacier,train
/content/diffusion_local/train/FAKE/5210 (8).jpg,fake,diffusion,cifar_object,train
/content/diffusion_local/train/FAKE/3240 (3).jpg,fake,diffusion,cifar_object,train
/content/diffusion_local/train/REAL/2378.jpg,real,diffusion,cifar_object,train
/content/diffusion_local/train/FAKE/5488 (3).jpg,fake,diffusion,cifar_object,train
/content/intel_local/seg_train/seg_train/sea/5189.jpg,real,intel,sea,train
/content/intel_local/seg_train/seg_train/glacier/9935.jpg,real,intel,glacier,train
/content/diffusion_local/train/REAL/4287 (6).jpg,real,diffusion,cifar_object,train
/content/gan_local/real_vs_fake/real-vs-fake/train/real/60252.jpg,real,gan,face,train
/content/general_ai_local/AiArtData/AiArtData/Instagram_Viral_Image_AI_Cat_Dog_1680332724335_1680332736162_1680332736162.png,fake,general_ai,AiArtData,train
/content/general_ai_local/RealArt/RealArt/nature-scenery-background-821397-evzvw-fb.jpg,real,general_ai,RealArt,train
/content/diffusion_local/train/FAKE/4036 (8).jpg,fake,diffusion,cifar_object,train
/content/intel_local/seg_train/seg_train/sea/764.jpg,real,intel,sea,train
/content/diffusion_local/train/REAL/0336 (6).jpg,real,diffusion,cifar_object,train
/content/intel_local/seg_train/seg_train/mountain/12518.jpg,real,intel,mountain,train
/content/diffusion_local/train/FAKE/3910 (6).jpg,fake,diffusion,cifar_object,train
/content/diffusion_local/train/REAL/0300 (3).jpg,real,diffusion,cifar_object,train
/content/gan_local/real_vs_fake/real-vs-fake/test/fake/OATJRAQ05P.jpg,fake,gan,face,test
/content/gan_local/real_vs_fake/real-vs-fake/train/fake/GSSSYW6SUX.jpg,fake,gan,face,train
/content/diffusion_local/train/REAL/2890 (4).jpg,real,diffusion,cifar_object,train
/content/gan_local/real_vs_fake/real-vs-fake/train/fake/VN6AAC92SW.jpg,fake,gan,face,train
/content/intel_local/seg_train/seg_train/glacier/13998.jpg,real,intel,glacier,train
/content/gan_local/real_vs_fake/real-vs-fake/train/fake/G5H3GKLM4O.jpg,fake,gan,face,train
/content/diffusion_local/test/REAL/0301 (6).jpg,real,diffusion,cifar_object,test
/content/diffusion_local/train/FAKE/2373 (5).jpg,fake,diffusion,cifar_object,train
/content/general_ai_local/RealArt/RealArt/wers-blooming-green-grass-spring-concept-generative-ai-technology-free-photo.jpg,real,general_ai,RealArt,train
/content/gan_local/real_vs_fake/real-vs-fake/train/real/58197.jpg,real,gan,face,train
/content/gan_local/real_vs_fake/real-vs-fake/train/fake/1X8GQ0OKF3.jpg,fake,gan,face,train
/content/gan_local/real_vs_fake/real-vs-fake/valid/fake/G5TDE2HTDM.jpg,fake,gan,face,valid
/content/gan_local/real_vs_fake/real-vs-fake/test/fake/LKNYMPXCU6.jpg,fake,gan,face,test
/content/diffusion_local/train/FAKE/4490 (3).jpg,fake,diffusion,cifar_object,train
/content/gan_local/real_vs_fake/real-vs-fake/train/fake/FAX9WPHVCP.jpg,fake,gan,face,train
/content/gan_local/real_vs_fake/real-vs-fake/train/fake/2NNSL4B8DO.jpg,fake,gan,face,train
/content/intel_local/seg_train/seg_train/mountain/14726.jpg,real,intel,mountain,train
/content/diffusion_local/test/FAKE/913 (2).jpg,fake,diffusion,cifar_object,test
/content/general_ai_local/AiArtData/AiArtData/ake-underwater-landscape-background-adventure-explore-vibe-graphic-art-photo.jpg,fake,general_ai,AiArtData,train
/content/gan_local/real_vs_fake/real-vs-fake/test/fake/C6MKHZI60I.jpg,fake,gan,face,test
/content/diffusion_local/test/REAL/0238 (5).jpg,real,diffusion,cifar_object,test
/content/diffusion_local/test/REAL/0260 (4).jpg,real,diffusion,cifar_object,test
/content/diffusion_local/train/FAKE/3380 (5).jpg,fake,diffusion,cifar_object,train
/content/intel_local/seg_train/seg_train/street/11692.jpg,real,intel,street,train
/content/intel_local/seg_test/seg_test/street/21620.jpg,real,intel,street,test
/content/intel_local/seg_train/seg_train/sea/17722.jpg,real,intel,sea,train
/content/diffusion_local/train/FAKE/1241 (5).jpg,fake,diffusion,cifar_object,train
/content/diffusion_local/train/FAKE/2452 (3).jpg,fake,diffusion,cifar_object,train
/content/gan_local/real_vs_fake/real-vs-fake/valid/real/25389.jpg,real,gan,face,valid
/content/diffusion_local/test/REAL/0424 (8).jpg,real,diffusion,cifar_object,test
/content/gan_local/real_vs_fake/real-vs-fake/train/fake/Z14OHXMT2G.jpg,fake,gan,face,train
/content/diffusion_local/train/FAKE/2753 (10).jpg,fake,diffusion,cifar_object,train
/content/intel_local/seg_train/seg_train/glacier/17485.jpg,real,intel,glacier,train
/content/intel_local/seg_train/seg_train/glacier/10639.jpg,real,intel,glacier,train
/content/diffusion_local/train/REAL/4137 (5).jpg,real,diffusion,cifar_object,train
/content/gan_local/real_vs_fake/real-vs-fake/train/real/42703.jpg,real,gan,face,train
/content/diffusion_local/train/REAL/1976 (4).jpg,real,diffusion,cifar_object,train
/content/diffusion_local/train/FAKE/1656 (9).jpg,fake,diffusion,cifar_object,train
/content/diffusion_local/train/REAL/2525 (5).jpg,real,diffusion,cifar_object,train
/content/diffusion_local/train/FAKE/5159 (9).jpg,fake,diffusion,cifar_object,train
/content/diffusion_local/train/REAL/1773 (10).jpg,real,diffusion,cifar_object,train
/content/intel_local/seg_test/seg_test/buildings/23304.jpg,real,intel,buildings,test
/content/intel_local/seg_train/seg_train/sea/15854.jpg,real,intel,sea,train
/content/diffusion_local/train/REAL/0015 (4).jpg,real,diffusion,cifar_object,train
/content/gan_local/real_vs_fake/real-vs-fake/train/fake/HY8LA7UMPQ.jpg,fake,gan,face,train
/content/gan_local/real_vs_fake/real-vs-fake/train/real/53159.jpg,real,gan,face,train
/content/intel_local/seg_train/seg_train/sea/12839.jpg,real,intel,sea,train
/content/diffusion_local/train/FAKE/4537 (3).jpg,fake,diffusion,cifar_object,train
/content/general_ai_local/AiArtData/AiArtData/Midjourney-AI-Art-Clown.png,fake,general_ai,AiArtData,train
/content/diffusion_local/train/FAKE/4581 (3).jpg,fake,diffusion,cifar_object,train
/content/general_ai_local/RealArt/RealArt/6170a8ed-8180-448b-8cd1-faaa035fd5c6_570.Jpeg.jpg,real,general_ai,RealArt,train
/content/intel_local/seg_test/seg_test/forest/21091.jpg,real,intel,forest,test
/content/diffusion_local/train/FAKE/3580 (7).jpg,fake,diffusion,cifar_object,train
/content/diffusion_local/train/FAKE/2331 (5).jpg,fake,diffusion,cifar_object,train
/content/intel_local/seg_train/seg_train/glacier/10663.jpg,real,intel,glacier,train
/content/intel_local/seg_train/seg_train/forest/8539.jpg,real,intel,forest,train
/content/intel_local/seg_train/seg_train/mountain/16322.jpg,real,intel,mountain,train
/content/gan_local/real_vs_fake/real-vs-fake/train/real/11589.jpg,real,gan,face,train
/content/diffusion_local/train/FAKE/3305 (9).jpg,fake,diffusion,cifar_object,train
/content/diffusion_local/train/REAL/2333 (5).jpg,real,diffusion,cifar_object,train
/content/intel_local/seg_train/seg_train/mountain/18385.jpg,real,intel,mountain,train
/content/gan_local/real_vs_fake/real-vs-fake/valid/fake/IDFIC7LCYN.jpg,fake,gan,face,valid
/content/gan_local/real_vs_fake/real-vs-fake/valid/fake/D06SC2ASDB.jpg,fake,gan,face,valid
/content/gan_local/real_vs_fake/real-vs-fake/train/fake/U599GHHA0J.jpg,fake,gan,face,train
/content/general_ai_local/AiArtData/AiArtData/ai-generated-throwback-yearbook.jpg,fake,general_ai,AiArtData,train
/content/diffusion_local/train/REAL/4889 (10).jpg,real,diffusion,cifar_object,train
/content/diffusion_local/train/FAKE/3709.jpg,fake,diffusion,cifar_object,train
/content/intel_local/seg_train/seg_train/glacier/2324.jpg,real,intel,glacier,train
/content/diffusion_local/train/FAKE/2479 (9).jpg,fake,diffusion,cifar_object,train
/content/gan_local/real_vs_fake/real-vs-fake/valid/fake/5BID2VVNAD.jpg,fake,gan,face,valid
/content/gan_local/real_vs_fake/real-vs-fake/valid/real/35461.jpg,real,gan,face,valid
/content/gan_local/real_vs_fake/real-vs-fake/train/fake/QE46LOMAJ5.jpg,fake,gan,face,train
/content/intel_local/seg_test/seg_test/mountain/23975.jpg,real,intel,mountain,test
/content/intel_local/seg_train/seg_train/forest/4197.jpg,real,intel,forest,train
/content/diffusion_local/train/FAKE/3857 (6).jpg,fake,diffusion,cifar_object,train
/content/intel_local/seg_train/seg_train/sea/7078.jpg,real,intel,sea,train
/content/diffusion_local/train/FAKE/3076 (2).jpg,fake,diffusion,cifar_object,train
/content/gan_local/real_vs_fake/real-vs-fake/train/fake/SM4CLJPUNK.jpg,fake,gan,face,train
/content/intel_local/seg_train/seg_train/buildings/19293.jpg,real,intel,buildings,train
/content/gan_local/real_vs_fake/real-vs-fake/train/fake/7JSWJ17X08.jpg,fake,gan,face,train
/content/gan_local/real_vs_fake/real-vs-fake/valid/fake/IYT41W1WB3.jpg,fake,gan,face,valid
/content/diffusion_local/test/FAKE/441 (3).jpg,fake,diffusion,cifar_object,test
/content/intel_local/seg_train/seg_train/buildings/8777.jpg,real,intel,buildings,train
/content/gan_local/real_vs_fake/real-vs-fake/valid/fake/ZYU0FCTKEU.jpg,fake,gan,face,valid
/content/general_ai_local/AiArtData/AiArtData/sddefault.jpg,fake,general_ai,AiArtData,train
/content/diffusion_local/train/FAKE/3734 (9).jpg,fake,diffusion,cifar_object,train
/content/intel_local/seg_train/seg_train/buildings/8042.jpg,real,intel,buildings,train
/content/gan_local/real_vs_fake/real-vs-fake/train/fake/ARQQBD9I97.jpg,fake,gan,face,train
/content/intel_local/seg_train/seg_train/glacier/2372.jpg,real,intel,glacier,train
/content/diffusion_local/train/REAL/3736 (8).jpg,real,diffusion,cifar_object,train
/content/intel_local/seg_train/seg_train/forest/12474.jpg,real,intel,forest,train
/content/gan_local/real_vs_fake/real-vs-fake/train/real/38073.jpg,real,gan,face,train
/content/diffusion_local/train/REAL/0793 (8).jpg,real,diffusion,cifar_object,train
/content/diffusion_local/train/REAL/1386 (4).jpg,real,diffusion,cifar_object,train
/content/diffusion_local/train/REAL/2819 (5).jpg,real,diffusion,cifar_object,train
/content/intel_local/seg_train/seg_train/glacier/9754.jpg,real,intel,glacier,train
/content/gan_local/real_vs_fake/real-vs-fake/test/fake/3POKM7QXG4.jpg,fake,gan,face,test
/content/gan_local/real_vs_fake/real-vs-fake/train/fake/48YVNNJTS8.jpg,fake,gan,face,train
/content/gan_local/real_vs_fake/real-vs-fake/test/real/18580.jpg,real,gan,face,test
/content/diffusion_local/train/FAKE/2813 (8).jpg,fake,diffusion,cifar_object,train
/content/diffusion_local/train/FAKE/3528 (2).jpg,fake,diffusion,cifar_object,train
/content/general_ai_local/AiArtData/AiArtData/psychedelic-artistic-image-christmas-santa-260nw-2401991075.jpg,fake,general_ai,AiArtData,train
/content/general_ai_local/AiArtData/AiArtData/ai-header-4.jpg,fake,general_ai,AiArtData,train
/content/gan_local/real_vs_fake/real-vs-fake/train/real/19823.jpg,real,gan,face,train
/content/gan_local/real_vs_fake/real-vs-fake/train/fake/PUCSSRL005.jpg,fake,gan,face,train
/content/gan_local/real_vs_fake/real-vs-fake/train/fake/NS1VYXVEF6.jpg,fake,gan,face,train
/content/intel_local/seg_train/seg_train/street/14322.jpg,real,intel,street,train
/content/diffusion_local/train/REAL/4483 (10).jpg,real,diffusion,cifar_object,train
/content/gan_local/real_vs_fake/real-vs-fake/valid/real/38903.jpg,real,gan,face,valid
/content/gan_local/real_vs_fake/real-vs-fake/train/fake/P3Z4XB3H2S.jpg,fake,gan,face,train
/content/intel_local/seg_train/seg_train/street/8880.jpg,real,intel,street,train
/content/diffusion_local/train/REAL/0688 (5).jpg,real,diffusion,cifar_object,train
/content/gan_local/real_vs_fake/real-vs-fake/valid/fake/MWSPHLK9LD.jpg,fake,gan,face,valid
/content/intel_local/seg_train/seg_train/forest/9645.jpg,real,intel,forest,train
/content/gan_local/real_vs_fake/real-vs-fake/train/real/45399.jpg,real,gan,face,train
/content/intel_local/seg_test/seg_test/mountain/21726.jpg,real,intel,mountain,test
/content/diffusion_local/train/FAKE/3978 (7).jpg,fake,diffusion,cifar_object,train
/content/gan_local/real_vs_fake/real-vs-fake/train/fake/LNYUS5T3O8.jpg,fake,gan,face,train
/content/intel_local/seg_train/seg_train/street/17095.jpg,real,intel,street,train
/content/intel_local/seg_train/seg_train/buildings/16463.jpg,real,intel,buildings,train
/content/intel_local/seg_train/seg_train/glacier/15370.jpg,real,intel,glacier,train
/content/gan_local/real_vs_fake/real-vs-fake/train/fake/20LQDZB4VQ.jpg,fake,gan,face,train
/content/gan_local/real_vs_fake/real-vs-fake/train/fake/KMY54HS38C.jpg,fake,gan,face,train
/content/diffusion_local/train/FAKE/5488 (9).jpg,fake,diffusion,cifar_object,train
/content/gan_local/real_vs_fake/real-vs-fake/train/real/04051.jpg,real,gan,face,train
/content/intel_local/seg_train/seg_train/buildings/9410.jpg,real,intel,buildings,train
/content/gan_local/real_vs_fake/real-vs-fake/train/fake/PRVFIMZ5XB.jpg,fake,gan,face,train
/content/gan_local/real_vs_fake/real-vs-fake/train/real/34579.jpg,real,gan,face,train
/content/diffusion_local/test/FAKE/870.jpg,fake,diffusion,cifar_object,test
/content/gan_local/real_vs_fake/real-vs-fake/train/fake/FMKVMB5BSY.jpg,fake,gan,face,train
/content/diffusion_local/train/REAL/2356 (3).jpg,real,diffusion,cifar_object,train
/content/gan_local/real_vs_fake/real-vs-fake/train/fake/K8XSFN0LTR.jpg,fake,gan,face,train
/content/general_ai_local/AiArtData/AiArtData/i3zbp8cpfu3wmancnc8y.jpg,fake,general_ai,AiArtData,train
/content/gan_local/real_vs_fake/real-vs-fake/test/fake/GI4SBAUGO8.jpg,fake,gan,face,test
/content/gan_local/real_vs_fake/real-vs-fake/train/real/26731.jpg,real,gan,face,train
/content/general_ai_local/RealArt/RealArt/69601536314088.jpg,real,general_ai,RealArt,train
/content/gan_local/real_vs_fake/real-vs-fake/train/real/14724.jpg,real,gan,face,train
/content/intel_local/seg_train/seg_train/street/15930.jpg,real,intel,street,train
/content/diffusion_local/train/FAKE/1239 (4).jpg,fake,diffusion,cifar_object,train
/content/diffusion_local/test/REAL/0424 (7).jpg,real,diffusion,cifar_object,test
/content/diffusion_local/train/REAL/1139 (5).jpg,real,diffusion,cifar_object,train
/content/gan_local/real_vs_fake/real-vs-fake/train/real/54707.jpg,real,gan,face,train
/content/diffusion_local/train/FAKE/3046.jpg,fake,diffusion,cifar_object,train
/content/diffusion_local/train/REAL/4379 (8).jpg,real,diffusion,cifar_object,train
/content/general_ai_local/RealArt/RealArt/scenery-lake-blue-sky-forest-reflection-scenic-clouds-6016x3384-6639.jpg,real,general_ai,RealArt,train
/content/intel_local/seg_test/seg_test/mountain/21239.jpg,real,intel,mountain,test
/content/diffusion_local/train/FAKE/4392 (9).jpg,fake,diffusion,cifar_object,train
/content/intel_local/seg_train/seg_train/forest/14786.jpg,real,intel,forest,train
/content/diffusion_local/train/FAKE/3897 (9).jpg,fake,diffusion,cifar_object,train
/content/diffusion_local/train/FAKE/2041 (7).jpg,fake,diffusion,cifar_object,train
/content/gan_local/real_vs_fake/real-vs-fake/train/fake/IGBNL5FT9B.jpg,fake,gan,face,train
/content/diffusion_local/test/FAKE/34 (8).jpg,fake,diffusion,cifar_object,test
/content/gan_local/real_vs_fake/real-vs-fake/train/fake/CS3GQXPV23.jpg,fake,gan,face,train
/content/diffusion_local/test/REAL/0272 (8).jpg,real,diffusion,cifar_object,test
/content/diffusion_local/train/FAKE/3699 (7).jpg,fake,diffusion,cifar_object,train
/content/diffusion_local/test/REAL/0484.jpg,real,diffusion,cifar_object,test
/content/intel_local/seg_train/seg_train/glacier/19350.jpg,real,intel,glacier,train
/content/gan_local/real_vs_fake/real-vs-fake/train/real/11009.jpg,real,gan,face,train
/content/general_ai_local/AiArtData/AiArtData/images21.jpg,fake,general_ai,AiArtData,train
/content/general_ai_local/AiArtData/AiArtData/barbsotiart_22_DEC_AIART-blog-post-content-photo-5.jpg,fake,general_ai,AiArtData,train
/content/diffusion_local/train/REAL/2974 (7).jpg,real,diffusion,cifar_object,train
/content/general_ai_local/AiArtData/AiArtData/335893730_1248848252414001_2214479283759117231_n_1679724354609_1679724368314_1679724368314.jpg,fake,general_ai,AiArtData,train
/content/gan_local/real_vs_fake/real-vs-fake/train/fake/5RWBNH9320.jpg,fake,gan,face,train
/content/diffusion_local/train/FAKE/4577 (6).jpg,fake,diffusion,cifar_object,train
/content/gan_local/real_vs_fake/real-vs-fake/train/real/02523.jpg,real,gan,face,train
/content/gan_local/real_vs_fake/real-vs-fake/train/fake/ATMJU5Z504.jpg,fake,gan,face,train
/content/gan_local/real_vs_fake/real-vs-fake/valid/real/01537.jpg,real,gan,face,valid
/content/intel_local/seg_test/seg_test/glacier/23739.jpg,real,intel,glacier,test
/content/intel_local/seg_train/seg_train/street/6659.jpg,real,intel,street,train
/content/diffusion_local/train/REAL/0563 (4).jpg,real,diffusion,cifar_object,train
/content/diffusion_local/train/FAKE/2699 (10).jpg,fake,diffusion,cifar_object,train
/content/intel_local/seg_train/seg_train/sea/16284.jpg,real,intel,sea,train
/content/intel_local/seg_train/seg_train/buildings/4267.jpg,real,intel,buildings,train
/content/gan_local/real_vs_fake/real-vs-fake/train/real/31450.jpg,real,gan,face,train
/content/gan_local/real_vs_fake/real-vs-fake/valid/fake/U2S5CSCX5C.jpg,fake,gan,face,valid
/content/intel_local/seg_train/seg_train/glacier/10854.jpg,real,intel,glacier,train
/content/gan_local/real_vs_fake/real-vs-fake/train/fake/ZMBHYU5ODD.jpg,fake,gan,face,train
/content/gan_local/real_vs_fake/real-vs-fake/train/fake/Z3T4PXWM68.jpg,fake,gan,face,train
/content/diffusion_local/train/FAKE/2495 (8).jpg,fake,diffusion,cifar_object,train
/content/diffusion_local/test/REAL/0310 (7).jpg,real,diffusion,cifar_object,test
/content/intel_local/seg_train/seg_train/buildings/9059.jpg,real,intel,buildings,train
/content/general_ai_local/RealArt/RealArt/original.jpg,real,general_ai,RealArt,train
/content/diffusion_local/train/REAL/4845 (4).jpg,real,diffusion,cifar_object,train
/content/diffusion_local/train/REAL/2583 (8).jpg,real,diffusion,cifar_object,train
/content/intel_local/seg_train/seg_train/forest/10940.jpg,real,intel,forest,train
/content/gan_local/real_vs_fake/real-vs-fake/train/fake/H586E2QUSC.jpg,fake,gan,face,train
/content/general_ai_local/RealArt/RealArt/feat-iStock-1333294167-1600x1200.jpg,real,general_ai,RealArt,train
/content/intel_local/seg_train/seg_train/buildings/2817.jpg,real,intel,buildings,train
/content/diffusion_local/train/REAL/0044 (10).jpg,real,diffusion,cifar_object,train
/content/diffusion_local/train/REAL/3903 (8).jpg,real,diffusion,cifar_object,train
/content/gan_local/real_vs_fake/real-vs-fake/train/fake/3M9EM00Z16.jpg,fake,gan,face,train
/content/intel_local/seg_train/seg_train/glacier/9892.jpg,real,intel,glacier,train
/content/diffusion_local/train/FAKE/4749 (7).jpg,fake,diffusion,cifar_object,train
/content/gan_local/real_vs_fake/real-vs-fake/train/fake/7KGC0YPGI4.jpg,fake,gan,face,train
/content/gan_local/real_vs_fake/real-vs-fake/train/real/35994.jpg,real,gan,face,train
/content/gan_local/real_vs_fake/real-vs-fake/train/fake/96KCROSLQ7.jpg,fake,gan,face,train
/content/diffusion_local/train/FAKE/5021 (5).jpg,fake,diffusion,cifar_object,train
/content/gan_local/real_vs_fake/real-vs-fake/train/real/48663.jpg,real,gan,face,train
/content/gan_local/real_vs_fake/real-vs-fake/test/fake/WG0FU2IA35.jpg,fake,gan,face,test
/content/gan_local/real_vs_fake/real-vs-fake/train/fake/3OBYM0T5RM.jpg,fake,gan,face,train
/content/diffusion_local/train/REAL/0086 (10).jpg,real,diffusion,cifar_object,train
/content/gan_local/real_vs_fake/real-vs-fake/valid/real/65049.jpg,real,gan,face,valid
/content/gan_local/real_vs_fake/real-vs-fake/valid/real/35117.jpg,real,gan,face,valid
/content/diffusion_local/test/FAKE/58 (2).jpg,fake,diffusion,cifar_object,test
/content/diffusion_local/train/FAKE/4856 (5).jpg,fake,diffusion,cifar_object,train
/content/intel_local/seg_train/seg_train/glacier/11943.jpg,real,intel,glacier,train
/content/diffusion_local/train/FAKE/2670 (6).jpg,fake,diffusion,cifar_object,train
/content/intel_local/seg_train/seg_train/street/10697.jpg,real,intel,street,train
/content/gan_local/real_vs_fake/real-vs-fake/train/real/06131.jpg,real,gan,face,train
/content/gan_local/real_vs_fake/real-vs-fake/train/fake/CQRMP353UO.jpg,fake,gan,face,train
/content/diffusion_local/train/FAKE/3838 (4).jpg,fake,diffusion,cifar_object,train
/content/gan_local/real_vs_fake/real-vs-fake/train/real/04544.jpg,real,gan,face,train
/content/intel_local/seg_train/seg_train/street/2503.jpg,real,intel,street,train
/content/gan_local/real_vs_fake/real-vs-fake/train/fake/WWLKGXCZEX.jpg,fake,gan,face,train
/content/diffusion_local/train/FAKE/1375 (9).jpg,fake,diffusion,cifar_object,train
/content/diffusion_local/train/FAKE/3687 (7).jpg,fake,diffusion,cifar_object,train
/content/gan_local/real_vs_fake/real-vs-fake/train/real/01584.jpg,real,gan,face,train
/content/diffusion_local/train/FAKE/5754 (3).jpg,fake,diffusion,cifar_object,train
/content/intel_local/seg_train/seg_train/sea/8712.jpg,real,intel,sea,train
/content/gan_local/real_vs_fake/real-vs-fake/train/real/15935.jpg,real,gan,face,train
/content/general_ai_local/AiArtData/AiArtData/edmond-de-belamy-framed-cropped.jpg,fake,general_ai,AiArtData,train
/content/intel_local/seg_train/seg_train/sea/14187.jpg,real,intel,sea,train
/content/diffusion_local/train/FAKE/2553 (6).jpg,fake,diffusion,cifar_object,train
/content/gan_local/real_vs_fake/real-vs-fake/train/fake/TQR904D4KZ.jpg,fake,gan,face,train
/content/general_ai_local/RealArt/RealArt/pexels-photo-2422290.jpeg,real,general_ai,RealArt,train
/content/diffusion_local/train/REAL/2508 (10).jpg,real,diffusion,cifar_object,train
/content/diffusion_local/train/FAKE/1779 (7).jpg,fake,diffusion,cifar_object,train
/content/general_ai_local/AiArtData/AiArtData/image13.jpeg,fake,general_ai,AiArtData,train
/content/intel_local/seg_train/seg_train/mountain/14824.jpg,real,intel,mountain,train
/content/general_ai_local/RealArt/RealArt/hero-animals-02.jpg,real,general_ai,RealArt,train
/content/gan_local/real_vs_fake/real-vs-fake/test/fake/B8VOQSJT9T.jpg,fake,gan,face,test
/content/intel_local/seg_test/seg_test/forest/23688.jpg,real,intel,forest,test
/content/diffusion_local/train/FAKE/1070 (3).jpg,fake,diffusion,cifar_object,train
/content/gan_local/real_vs_fake/real-vs-fake/train/fake/32RZE8NHZC.jpg,fake,gan,face,train
/content/diffusion_local/train/REAL/2208 (4).jpg,real,diffusion,cifar_object,train
/content/gan_local/real_vs_fake/real-vs-fake/train/real/19930.jpg,real,gan,face,train
/content/diffusion_local/train/REAL/4770 (8).jpg,real,diffusion,cifar_object,train
/content/diffusion_local/train/FAKE/4635 (2).jpg,fake,diffusion,cifar_object,train
/content/intel_local/seg_train/seg_train/sea/15426.jpg,real,intel,sea,train
/content/diffusion_local/train/REAL/4661.jpg,real,diffusion,cifar_object,train
/content/gan_local/real_vs_fake/real-vs-fake/train/fake/X0CSZGU6Q1.jpg,fake,gan,face,train
/content/diffusion_local/train/REAL/4782 (3).jpg,real,diffusion,cifar_object,train
/content/diffusion_local/train/FAKE/2164 (3).jpg,fake,diffusion,cifar_object,train
/content/gan_local/real_vs_fake/real-vs-fake/train/fake/BI77WC7DQE.jpg,fake,gan,face,train
/content/intel_local/seg_train/seg_train/buildings/19078.jpg,real,intel,buildings,train
/content/gan_local/real_vs_fake/real-vs-fake/train/fake/CZ9EL2EJYY.jpg,fake,gan,face,train
/content/intel_local/seg_train/seg_train/buildings/6747.jpg,real,intel,buildings,train
/content/diffusion_local/train/FAKE/4622 (2).jpg,fake,diffusion,cifar_object,train
/content/diffusion_local/train/REAL/1016 (2).jpg,real,diffusion,cifar_object,train
/content/gan_local/real_vs_fake/real-vs-fake/train/fake/1WJ74KIO55.jpg,fake,gan,face,train
/content/general_ai_local/RealArt/RealArt/hq7202.jpg,real,general_ai,RealArt,train
/content/diffusion_local/train/FAKE/2225 (5).jpg,fake,diffusion,cifar_object,train
/content/general_ai_local/AiArtData/AiArtData/fc92cc7b1e56043e12b83c18080a2aca54-ai-art.1x.rsquare.w1400.jpg,fake,general_ai,AiArtData,train
/content/diffusion_local/train/REAL/1445 (6).jpg,real,diffusion,cifar_object,train
/content/gan_local/real_vs_fake/real-vs-fake/train/fake/1NP7CXFF4Q.jpg,fake,gan,face,train
/content/gan_local/real_vs_fake/real-vs-fake/train/fake/5QEEAWWTK7.jpg,fake,gan,face,train
/content/diffusion_local/train/FAKE/4222 (4).jpg,fake,diffusion,cifar_object,train
/content/diffusion_local/train/FAKE/5097 (8).jpg,fake,diffusion,cifar_object,train
/content/diffusion_local/train/REAL/1927 (9).jpg,real,diffusion,cifar_object,train
/content/intel_local/seg_train/seg_train/forest/13572.jpg,real,intel,forest,train
/content/intel_local/seg_test/seg_test/sea/21889.jpg,real,intel,sea,test
/content/gan_local/real_vs_fake/real-vs-fake/valid/fake/KB4NNDQXAM.jpg,fake,gan,face,valid
/content/intel_local/seg_test/seg_test/glacier/24310.jpg,real,intel,glacier,test
/content/diffusion_local/train/REAL/1351 (7).jpg,real,diffusion,cifar_object,train
/content/diffusion_local/train/REAL/2093 (9).jpg,real,diffusion,cifar_object,train
/content/gan_local/real_vs_fake/real-vs-fake/train/real/01777.jpg,real,gan,face,train
/content/gan_local/real_vs_fake/real-vs-fake/train/real/16599.jpg,real,gan,face,train
/content/gan_local/real_vs_fake/real-vs-fake/valid/fake/Z4Y9PS3TLQ.jpg,fake,gan,face,valid
/content/gan_local/real_vs_fake/real-vs-fake/train/fake/J511PNJU4S.jpg,fake,gan,face,train
/content/gan_local/real_vs_fake/real-vs-fake/train/real/32809.jpg,real,gan,face,train
/content/intel_local/seg_train/seg_train/street/330.jpg,real,intel,street,train
/content/intel_local/seg_train/seg_train/glacier/2000.jpg,real,intel,glacier,train
/content/diffusion_local/test/REAL/0760 (9).jpg,real,diffusion,cifar_object,test
/content/gan_local/real_vs_fake/real-vs-fake/train/fake/YU0OH1X4EK.jpg,fake,gan,face,train
/content/gan_local/real_vs_fake/real-vs-fake/train/fake/1QLFEJSFK1.jpg,fake,gan,face,train
/content/diffusion_local/train/FAKE/5066 (2).jpg,fake,diffusion,cifar_object,train
/content/gan_local/real_vs_fake/real-vs-fake/test/real/22057.jpg,real,gan,face,test
/content/general_ai_local/AiArtData/AiArtData/52520977911_33437880be_z.jpg,fake,general_ai,AiArtData,train
/content/gan_local/real_vs_fake/real-vs-fake/train/fake/3IQJ7YA2W1.jpg,fake,gan,face,train
/content/diffusion_local/train/FAKE/4201 (9).jpg,fake,diffusion,cifar_object,train
/content/intel_local/seg_train/seg_train/sea/4184.jpg,real,intel,sea,train
/content/intel_local/seg_train/seg_train/mountain/5414.jpg,real,intel,mountain,train
/content/diffusion_local/train/FAKE/4397.jpg,fake,diffusion,cifar_object,train
/content/diffusion_local/train/REAL/2875 (10).jpg,real,diffusion,cifar_object,train
/content/gan_local/real_vs_fake/real-vs-fake/train/fake/7RGQMYNMZG.jpg,fake,gan,face,train
/content/gan_local/real_vs_fake/real-vs-fake/train/fake/FV7C0TW2Q5.jpg,fake,gan,face,train
/content/diffusion_local/train/REAL/1744 (8).jpg,real,diffusion,cifar_object,train
/content/gan_local/real_vs_fake/real-vs-fake/train/real/37193.jpg,real,gan,face,train
/content/general_ai_local/AiArtData/AiArtData/MIDJOURNEY.jpg,fake,general_ai,AiArtData,train
/content/diffusion_local/train/FAKE/1721 (7).jpg,fake,diffusion,cifar_object,train
/content/diffusion_local/train/REAL/4135 (6).jpg,real,diffusion,cifar_object,train
/content/intel_local/seg_train/seg_train/street/10358.jpg,real,intel,street,train
/content/intel_local/seg_train/seg_train/buildings/3245.jpg,real,intel,buildings,train
/content/intel_local/seg_train/seg_train/sea/17554.jpg,real,intel,sea,train
/content/diffusion_local/train/FAKE/5244 (3).jpg,fake,diffusion,cifar_object,train
/content/intel_local/seg_train/seg_train/street/3475.jpg,real,intel,street,train
/content/diffusion_local/train/FAKE/2177 (6).jpg,fake,diffusion,cifar_object,train
/content/intel_local/seg_train/seg_train/sea/5203.jpg,real,intel,sea,train
/content/diffusion_local/train/FAKE/5228 (5).jpg,fake,diffusion,cifar_object,train
/content/diffusion_local/train/REAL/0689 (6).jpg,real,diffusion,cifar_object,train
/content/gan_local/real_vs_fake/real-vs-fake/test/fake/QU20HHFOHX.jpg,fake,gan,face,test
/content/diffusion_local/train/FAKE/3761 (10).jpg,fake,diffusion,cifar_object,train
/content/gan_local/real_vs_fake/real-vs-fake/train/real/19305.jpg,real,gan,face,train
/content/gan_local/real_vs_fake/real-vs-fake/valid/fake/AN158BA1P2.jpg,fake,gan,face,valid
/content/intel_local/seg_train/seg_train/glacier/1153.jpg,real,intel,glacier,train
/content/diffusion_local/train/FAKE/2647 (9).jpg,fake,diffusion,cifar_object,train
/content/intel_local/seg_train/seg_train/sea/13898.jpg,real,intel,sea,train
/content/gan_local/real_vs_fake/real-vs-fake/train/fake/7TBRHIU4ZS.jpg,fake,gan,face,train
/content/intel_local/seg_train/seg_train/buildings/19151.jpg,real,intel,buildings,train
/content/gan_local/real_vs_fake/real-vs-fake/train/fake/75QG1410VF.jpg,fake,gan,face,train
/content/gan_local/real_vs_fake/real-vs-fake/train/fake/TBVMCPK9P4.jpg,fake,gan,face,train
/content/diffusion_local/train/FAKE/2515.jpg,fake,diffusion,cifar_object,train
/content/gan_local/real_vs_fake/real-vs-fake/test/fake/3CHZGBVAWD.jpg,fake,gan,face,test
/content/intel_local/seg_train/seg_train/mountain/3150.jpg,real,intel,mountain,train
/content/intel_local/seg_train/seg_train/mountain/8695.jpg,real,intel,mountain,train
/content/gan_local/real_vs_fake/real-vs-fake/valid/real/55028.jpg,real,gan,face,valid
/content/diffusion_local/train/FAKE/4907 (2).jpg,fake,diffusion,cifar_object,train
/content/gan_local/real_vs_fake/real-vs-fake/train/fake/9Y2TF6QF3O.jpg,fake,gan,face,train
/content/intel_local/seg_test/seg_test/forest/23717.jpg,real,intel,forest,test
/content/intel_local/seg_test/seg_test/street/22823.jpg,real,intel,street,test
/content/gan_local/real_vs_fake/real-vs-fake/train/fake/VCKH0FA9I0.jpg,fake,gan,face,train
/content/gan_local/real_vs_fake/real-vs-fake/train/fake/LXG2HZTDSU.jpg,fake,gan,face,train
/content/intel_local/seg_train/seg_train/glacier/13056.jpg,real,intel,glacier,train
/content/diffusion_local/train/FAKE/2384 (5).jpg,fake,diffusion,cifar_object,train
/content/gan_local/real_vs_fake/real-vs-fake/test/real/08250.jpg,real,gan,face,test
/content/gan_local/real_vs_fake/real-vs-fake/test/fake/0T5K5V1HN3.jpg,fake,gan,face,test
/content/diffusion_local/train/REAL/0379 (5).jpg,real,diffusion,cifar_object,train
/content/gan_local/real_vs_fake/real-vs-fake/train/fake/4C7FEIOZV1.jpg,fake,gan,face,train
/content/general_ai_local/AiArtData/AiArtData/Portrait-hero-image.png,fake,general_ai,AiArtData,train
/content/general_ai_local/RealArt/RealArt/bwportraits_cover-1500x1000.jpeg,real,general_ai,RealArt,train
/content/diffusion_local/train/FAKE/1674 (2).jpg,fake,diffusion,cifar_object,train
/content/intel_local/seg_train/seg_train/street/19236.jpg,real,intel,street,train
/content/diffusion_local/train/FAKE/4278 (8).jpg,fake,diffusion,cifar_object,train
/content/intel_local/seg_train/seg_train/sea/19805.jpg,real,intel,sea,train
/content/diffusion_local/train/FAKE/4755 (3).jpg,fake,diffusion,cifar_object,train
/content/diffusion_local/train/FAKE/2017 (8).jpg,fake,diffusion,cifar_object,train
/content/diffusion_local/train/FAKE/5142 (6).jpg,fake,diffusion,cifar_object,train
/content/diffusion_local/train/FAKE/4325 (7).jpg,fake,diffusion,cifar_object,train
/content/intel_local/seg_train/seg_train/mountain/12600.jpg,real,intel,mountain,train
/content/gan_local/real_vs_fake/real-vs-fake/valid/fake/0WAG12INCA.jpg,fake,gan,face,valid
/content/diffusion_local/train/FAKE/2364 (5).jpg,fake,diffusion,cifar_object,train
/content/gan_local/real_vs_fake/real-vs-fake/train/fake/0HH7WUYJBX.jpg,fake,gan,face,train
/content/diffusion_local/train/REAL/4071 (4).jpg,real,diffusion,cifar_object,train
/content/intel_local/seg_train/seg_train/sea/6166.jpg,real,intel,sea,train
/content/diffusion_local/train/FAKE/5348 (6).jpg,fake,diffusion,cifar_object,train
/content/diffusion_local/train/FAKE/1671 (8).jpg,fake,diffusion,cifar_object,train
/content/diffusion_local/train/FAKE/2128 (3).jpg,fake,diffusion,cifar_object,train
/content/intel_local/seg_train/seg_train/street/9158.jpg,real,intel,street,train
/content/diffusion_local/train/REAL/0014 (7).jpg,real,diffusion,cifar_object,train
/content/diffusion_local/train/REAL/2503 (9).jpg,real,diffusion,cifar_object,train
/content/intel_local/seg_train/seg_train/sea/224.jpg,real,intel,sea,train
/content/diffusion_local/train/FAKE/2801 (6).jpg,fake,diffusion,cifar_object,train
/content/gan_local/real_vs_fake/real-vs-fake/train/fake/8NP7NAC3PT.jpg,fake,gan,face,train
/content/diffusion_local/train/FAKE/3648 (3).jpg,fake,diffusion,cifar_object,train
/content/intel_local/seg_train/seg_train/street/7591.jpg,real,intel,street,train
/content/intel_local/seg_train/seg_train/street/8254.jpg,real,intel,street,train
/content/diffusion_local/train/REAL/3985 (10).jpg,real,diffusion,cifar_object,train
/content/diffusion_local/train/REAL/0591 (3).jpg,real,diffusion,cifar_object,train
/content/diffusion_local/train/REAL/0446 (10).jpg,real,diffusion,cifar_object,train
/content/intel_local/seg_test/seg_test/glacier/21473.jpg,real,intel,glacier,test
/content/diffusion_local/train/FAKE/3081 (3).jpg,fake,diffusion,cifar_object,train
/content/diffusion_local/train/FAKE/4104 (6).jpg,fake,diffusion,cifar_object,train
/content/gan_local/real_vs_fake/real-vs-fake/train/fake/DFG3LPH6HP.jpg,fake,gan,face,train
/content/general_ai_local/RealArt/RealArt/p5quSf4dZXctG9WFepXFdR-1200-80.jpg,real,general_ai,RealArt,train
/content/diffusion_local/train/REAL/4361 (5).jpg,real,diffusion,cifar_object,train
/content/intel_local/seg_train/seg_train/sea/3053.jpg,real,intel,sea,train
/content/intel_local/seg_train/seg_train/buildings/15877.jpg,real,intel,buildings,train
/content/diffusion_local/train/FAKE/5689 (3).jpg,fake,diffusion,cifar_object,train
/content/general_ai_local/RealArt/RealArt/index-celebs-who-ran-for-office-1566504748.jpg,real,general_ai,RealArt,train
/content/diffusion_local/train/FAKE/3039 (3).jpg,fake,diffusion,cifar_object,train
/content/diffusion_local/train/FAKE/1801 (5).jpg,fake,diffusion,cifar_object,train
/content/intel_local/seg_train/seg_train/forest/3183.jpg,real,intel,forest,train
/content/gan_local/real_vs_fake/real-vs-fake/train/fake/L9A2ARZKEU.jpg,fake,gan,face,train
/content/gan_local/real_vs_fake/real-vs-fake/train/real/47019.jpg,real,gan,face,train
/content/gan_local/real_vs_fake/real-vs-fake/train/fake/0SYN4RV84A.jpg,fake,gan,face,train
/content/gan_local/real_vs_fake/real-vs-fake/test/real/57067.jpg,real,gan,face,test
/content/gan_local/real_vs_fake/real-vs-fake/valid/real/24003.jpg,real,gan,face,valid
/content/diffusion_local/train/FAKE/5360 (7).jpg,fake,diffusion,cifar_object,train
/content/diffusion_local/test/FAKE/564 (4).jpg,fake,diffusion,cifar_object,test
/content/intel_local/seg_test/seg_test/mountain/23180.jpg,real,intel,mountain,test
/content/gan_local/real_vs_fake/real-vs-fake/train/fake/NO30HNJJS8.jpg,fake,gan,face,train
/content/diffusion_local/train/REAL/2217 (10).jpg,real,diffusion,cifar_object,train
/content/gan_local/real_vs_fake/real-vs-fake/test/real/15365.jpg,real,gan,face,test
/content/diffusion_local/train/REAL/0669 (3).jpg,real,diffusion,cifar_object,train
/content/gan_local/real_vs_fake/real-vs-fake/train/real/04077.jpg,real,gan,face,train
/content/gan_local/real_vs_fake/real-vs-fake/valid/fake/OCTPTABDD7.jpg,fake,gan,face,valid
/content/general_ai_local/AiArtData/AiArtData/1pTojVbbfa1akdP6JfX0hHA.png,fake,general_ai,AiArtData,train
/content/gan_local/real_vs_fake/real-vs-fake/train/real/20948.jpg,real,gan,face,train
/content/diffusion_local/train/REAL/3437 (2).jpg,real,diffusion,cifar_object,train
/content/gan_local/real_vs_fake/real-vs-fake/train/fake/EQUE1QDR0M.jpg,fake,gan,face,train
/content/intel_local/seg_test/seg_test/mountain/20867.jpg,real,intel,mountain,test
/content/gan_local/real_vs_fake/real-vs-fake/train/real/39794.jpg,real,gan,face,train
/content/intel_local/seg_train/seg_train/buildings/8458.jpg,real,intel,buildings,train
/content/gan_local/real_vs_fake/real-vs-fake/test/fake/2XTFRST3DD.jpg,fake,gan,face,test
/content/general_ai_local/AiArtData/AiArtData/1IGvTkw48FTa1pO33VbG4eA.png,fake,general_ai,AiArtData,train
/content/diffusion_local/train/REAL/3390 (9).jpg,real,diffusion,cifar_object,train
/content/gan_local/real_vs_fake/real-vs-fake/train/fake/ZD3LNSUH36.jpg,fake,gan,face,train
/content/diffusion_local/train/REAL/2171 (9).jpg,real,diffusion,cifar_object,train
/content/diffusion_local/train/REAL/0478 (7).jpg,real,diffusion,cifar_object,train
/content/diffusion_local/train/REAL/4620 (4).jpg,real,diffusion,cifar_object,train
/content/diffusion_local/train/FAKE/5720 (6).jpg,fake,diffusion,cifar_object,train
/content/general_ai_local/AiArtData/AiArtData/ai-generated-animal-crossbreeds-02.jpg,fake,general_ai,AiArtData,train
/content/diffusion_local/train/FAKE/3377 (7).jpg,fake,diffusion,cifar_object,train
/content/gan_local/real_vs_fake/real-vs-fake/valid/real/23575.jpg,real,gan,face,valid
/content/gan_local/real_vs_fake/real-vs-fake/train/fake/T4FHH68VIU.jpg,fake,gan,face,train
/content/diffusion_local/train/REAL/3976.jpg,real,diffusion,cifar_object,train
/content/diffusion_local/train/FAKE/4393 (5).jpg,fake,diffusion,cifar_object,train
/content/intel_local/seg_train/seg_train/street/14628.jpg,real,intel,street,train
/content/intel_local/seg_test/seg_test/street/20484.jpg,real,intel,street,test
/content/intel_local/seg_train/seg_train/mountain/3934.jpg,real,intel,mountain,train
/content/intel_local/seg_train/seg_train/street/9489.jpg,real,intel,street,train
/content/intel_local/seg_test/seg_test/mountain/22950.jpg,real,intel,mountain,test
/content/intel_local/seg_train/seg_train/buildings/154.jpg,real,intel,buildings,train
/content/intel_local/seg_train/seg_train/street/3870.jpg,real,intel,street,train
/content/gan_local/real_vs_fake/real-vs-fake/train/fake/PNXNIG6FAS.jpg,fake,gan,face,train
/content/diffusion_local/train/REAL/2934 (10).jpg,real,diffusion,cifar_object,train
/content/diffusion_local/train/REAL/1387 (6).jpg,real,diffusion,cifar_object,train
/content/general_ai_local/AiArtData/AiArtData/nvidia-ai-scribbles-realistic-landscapes.png,fake,general_ai,AiArtData,train
/content/gan_local/real_vs_fake/real-vs-fake/valid/real/25528.jpg,real,gan,face,valid
/content/gan_local/real_vs_fake/real-vs-fake/train/fake/DTC98LLAHU.jpg,fake,gan,face,train
/content/gan_local/real_vs_fake/real-vs-fake/train/fake/J6M3BYYRE7.jpg,fake,gan,face,train
/content/general_ai_local/AiArtData/AiArtData/eEaTGSQwrmwcAzTDoxJc.jpg,fake,general_ai,AiArtData,train
/content/intel_local/seg_train/seg_train/sea/1251.jpg,real,intel,sea,train
/content/gan_local/real_vs_fake/real-vs-fake/train/fake/OXL3P2PYRF.jpg,fake,gan,face,train
/content/diffusion_local/train/REAL/3765 (2).jpg,real,diffusion,cifar_object,train
/content/diffusion_local/train/REAL/2974.jpg,real,diffusion,cifar_object,train
/content/intel_local/seg_train/seg_train/mountain/10268.jpg,real,intel,mountain,train
/content/diffusion_local/train/FAKE/1324 (9).jpg,fake,diffusion,cifar_object,train
/content/intel_local/seg_test/seg_test/glacier/21799.jpg,real,intel,glacier,test
/content/diffusion_local/test/FAKE/419 (2).jpg,fake,diffusion,cifar_object,test
/content/diffusion_local/train/FAKE/1418 (5).jpg,fake,diffusion,cifar_object,train
/content/intel_local/seg_train/seg_train/forest/13386.jpg,real,intel,forest,train
/content/diffusion_local/train/FAKE/4622.jpg,fake,diffusion,cifar_object,train
/content/diffusion_local/test/FAKE/909 (6).jpg,fake,diffusion,cifar_object,test
/content/diffusion_local/train/REAL/2568 (2).jpg,real,diffusion,cifar_object,train
/content/gan_local/real_vs_fake/real-vs-fake/test/fake/UBZCT79JTQ.jpg,fake,gan,face,test
/content/gan_local/real_vs_fake/real-vs-fake/train/fake/ZVOMS7FBE4.jpg,fake,gan,face,train
/content/gan_local/real_vs_fake/real-vs-fake/train/real/30491.jpg,real,gan,face,train
/content/gan_local/real_vs_fake/real-vs-fake/test/real/23552.jpg,real,gan,face,test
/content/gan_local/real_vs_fake/real-vs-fake/train/fake/N4RXLDN57J.jpg,fake,gan,face,train
/content/diffusion_local/train/FAKE/1973 (3).jpg,fake,diffusion,cifar_object,train
/content/diffusion_local/train/FAKE/4876 (5).jpg,fake,diffusion,cifar_object,train
/content/intel_local/seg_train/seg_train/buildings/1846.jpg,real,intel,buildings,train
/content/gan_local/real_vs_fake/real-vs-fake/train/fake/IUEWAFLX06.jpg,fake,gan,face,train
/content/diffusion_local/test/FAKE/707 (8).jpg,fake,diffusion,cifar_object,test
/content/gan_local/real_vs_fake/real-vs-fake/train/fake/ULTHKO2UYL.jpg,fake,gan,face,train
/content/gan_local/real_vs_fake/real-vs-fake/train/fake/G7INHFR8NA.jpg,fake,gan,face,train
/content/general_ai_local/AiArtData/AiArtData/Midjourney-1-9527a04.jpg,fake,general_ai,AiArtData,train
/content/intel_local/seg_train/seg_train/mountain/2724.jpg,real,intel,mountain,train
/content/intel_local/seg_train/seg_train/buildings/12782.jpg,real,intel,buildings,train
/content/diffusion_local/train/FAKE/2968 (5).jpg,fake,diffusion,cifar_object,train
/content/general_ai_local/AiArtData/AiArtData/xATrJT1OBHIRSWYpTL8t--1--Z5XOZ_4x.jpg,fake,general_ai,AiArtData,train
/content/intel_local/seg_test/seg_test/street/21858.jpg,real,intel,street,test
/content/gan_local/real_vs_fake/real-vs-fake/valid/fake/LDOFARIJMF.jpg,fake,gan,face,valid
/content/general_ai_local/AiArtData/AiArtData/a-painting-depicting-the-experience-of-an-lsd-trip-psychedelic-ai-generated-free-photo.JPG.jpg,fake,general_ai,AiArtData,train
/content/gan_local/real_vs_fake/real-vs-fake/train/fake/HXEBJQ1TTT.jpg,fake,gan,face,train
/content/intel_local/seg_train/seg_train/street/14962.jpg,real,intel,street,train
/content/intel_local/seg_train/seg_train/street/3845.jpg,real,intel,street,train
/content/general_ai_local/RealArt/RealArt/91NKwoumEpL._AC_UF8941000_QL80_.jpg,real,general_ai,RealArt,train
/content/diffusion_local/train/FAKE/4586 (7).jpg,fake,diffusion,cifar_object,train
/content/gan_local/real_vs_fake/real-vs-fake/valid/fake/3T5J15TNKB.jpg,fake,gan,face,valid
/content/gan_local/real_vs_fake/real-vs-fake/train/real/46310.jpg,real,gan,face,train
/content/gan_local/real_vs_fake/real-vs-fake/test/real/40099.jpg,real,gan,face,test
/content/gan_local/real_vs_fake/real-vs-fake/valid/real/20398.jpg,real,gan,face,valid
/content/gan_local/real_vs_fake/real-vs-fake/test/fake/JFJDM4BLNF.jpg,fake,gan,face,test
/content/intel_local/seg_train/seg_train/sea/2515.jpg,real,intel,sea,train
/content/gan_local/real_vs_fake/real-vs-fake/test/fake/DY61IMXV1Z.jpg,fake,gan,face,test
/content/gan_local/real_vs_fake/real-vs-fake/train/real/05736.jpg,real,gan,face,train
/content/gan_local/real_vs_fake/real-vs-fake/test/fake/API298NKJO.jpg,fake,gan,face,test
/content/gan_local/real_vs_fake/real-vs-fake/train/real/11169.jpg,real,gan,face,train
/content/intel_local/seg_train/seg_train/buildings/12818.jpg,real,intel,buildings,train
/content/general_ai_local/RealArt/RealArt/United-States-56136431-EPA.jpg,real,general_ai,RealArt,train
/content/diffusion_local/train/REAL/1889 (9).jpg,real,diffusion,cifar_object,train
/content/gan_local/real_vs_fake/real-vs-fake/train/real/50258.jpg,real,gan,face,train
/content/diffusion_local/train/FAKE/2008 (10).jpg,fake,diffusion,cifar_object,train
/content/diffusion_local/train/FAKE/2981 (10).jpg,fake,diffusion,cifar_object,train
/content/gan_local/real_vs_fake/real-vs-fake/train/fake/KNJT6Z5R0U.jpg,fake,gan,face,train
/content/gan_local/real_vs_fake/real-vs-fake/train/fake/8KIMIHB8I3.jpg,fake,gan,face,train
/content/gan_local/real_vs_fake/real-vs-fake/train/fake/F3FWJCWL3K.jpg,fake,gan,face,train
/content/diffusion_local/train/REAL/0510 (8).jpg,real,diffusion,cifar_object,train
/content/gan_local/real_vs_fake/real-vs-fake/train/fake/R81AFZY1UT.jpg,fake,gan,face,train
/content/diffusion_local/train/FAKE/4230 (4).jpg,fake,diffusion,cifar_object,train
/content/diffusion_local/train/REAL/1834 (10).jpg,real,diffusion,cifar_object,train
/content/intel_local/seg_test/seg_test/forest/20450.jpg,real,intel,forest,test
/content/diffusion_local/train/FAKE/3257 (2).jpg,fake,diffusion,cifar_object,train
/content/diffusion_local/train/REAL/0557 (10).jpg,real,diffusion,cifar_object,train
/content/intel_local/seg_test/seg_test/sea/23990.jpg,real,intel,sea,test
/content/diffusion_local/train/FAKE/4683 (5).jpg,fake,diffusion,cifar_object,train
/content/diffusion_local/test/FAKE/391 (3).jpg,fake,diffusion,cifar_object,test
/content/diffusion_local/train/FAKE/5986 (3).jpg,fake,diffusion,cifar_object,train
/content/gan_local/real_vs_fake/real-vs-fake/train/real/24890.jpg,real,gan,face,train
/content/gan_local/real_vs_fake/real-vs-fake/train/real/47384.jpg,real,gan,face,train
/content/intel_local/seg_train/seg_train/buildings/14749.jpg,real,intel,buildings,train
/content/intel_local/seg_train/seg_train/glacier/12025.jpg,real,intel,glacier,train
/content/gan_local/real_vs_fake/real-vs-fake/train/fake/Y60BZETDPY.jpg,fake,gan,face,train
/content/gan_local/real_vs_fake/real-vs-fake/train/fake/ZCFOAOTM38.jpg,fake,gan,face,train
/content/diffusion_local/train/FAKE/2028.jpg,fake,diffusion,cifar_object,train
/content/diffusion_local/test/FAKE/560 (4).jpg,fake,diffusion,cifar_object,test
/content/gan_local/real_vs_fake/real-vs-fake/test/real/32595.jpg,real,gan,face,test
/content/intel_local/seg_train/seg_train/glacier/10616.jpg,real,intel,glacier,train
/content/gan_local/real_vs_fake/real-vs-fake/train/fake/7DSFTVG470.jpg,fake,gan,face,train
/content/gan_local/real_vs_fake/real-vs-fake/test/real/26536.jpg,real,gan,face,test
/content/gan_local/real_vs_fake/real-vs-fake/train/real/15147.jpg,real,gan,face,train
/content/gan_local/real_vs_fake/real-vs-fake/train/real/22771.jpg,real,gan,face,train
/content/gan_local/real_vs_fake/real-vs-fake/train/fake/E1N6OQ1JKE.jpg,fake,gan,face,train
/content/gan_local/real_vs_fake/real-vs-fake/train/real/13302.jpg,real,gan,face,train
/content/diffusion_local/train/FAKE/4197 (3).jpg,fake,diffusion,cifar_object,train
/content/diffusion_local/test/FAKE/510 (5).jpg,fake,diffusion,cifar_object,test
/content/diffusion_local/train/FAKE/4858 (9).jpg,fake,diffusion,cifar_object,train
/content/intel_local/seg_train/seg_train/street/19462.jpg,real,intel,street,train
/content/gan_local/real_vs_fake/real-vs-fake/train/real/42908.jpg,real,gan,face,train
/content/gan_local/real_vs_fake/real-vs-fake/test/fake/X7JFRI1EZW.jpg,fake,gan,face,test
/content/general_ai_local/AiArtData/AiArtData/13-3.png,fake,general_ai,AiArtData,train
/content/general_ai_local/AiArtData/AiArtData/flat750x075f-pad750x1000f8f8f8.u2.jpg,fake,general_ai,AiArtData,train
/content/gan_local/real_vs_fake/real-vs-fake/train/fake/CX9C9EAQ14.jpg,fake,gan,face,train
/content/gan_local/real_vs_fake/real-vs-fake/test/fake/FR3N5H9AQZ.jpg,fake,gan,face,test
/content/gan_local/real_vs_fake/real-vs-fake/train/real/04649.jpg,real,gan,face,train
/content/intel_local/seg_train/seg_train/forest/8977.jpg,real,intel,forest,train
/content/diffusion_local/train/FAKE/2020 (2).jpg,fake,diffusion,cifar_object,train
/content/diffusion_local/train/REAL/2853 (7).jpg,real,diffusion,cifar_object,train
/content/intel_local/seg_train/seg_train/buildings/11045.jpg,real,intel,buildings,train
/content/gan_local/real_vs_fake/real-vs-fake/train/fake/87Y0O199WP.jpg,fake,gan,face,train
/content/diffusion_local/train/FAKE/3037 (7).jpg,fake,diffusion,cifar_object,train
/content/diffusion_local/train/REAL/1000.jpg,real,diffusion,cifar_object,train
/content/general_ai_local/AiArtData/AiArtData/canva-ai-best-image-generators-2023.png,fake,general_ai,AiArtData,train
/content/gan_local/real_vs_fake/real-vs-fake/train/fake/X7SL7BA6QX.jpg,fake,gan,face,train
/content/general_ai_local/RealArt/RealArt/161104185136-kelvin-okafor-hyper-real.jpg,real,general_ai,RealArt,train
/content/gan_local/real_vs_fake/real-vs-fake/test/fake/ZEFPXRQEV6.jpg,fake,gan,face,test
/content/intel_local/seg_train/seg_train/sea/18483.jpg,real,intel,sea,train
/content/general_ai_local/AiArtData/AiArtData/ai-generated-8247695_1280.jpg,fake,general_ai,AiArtData,train
/content/gan_local/real_vs_fake/real-vs-fake/test/fake/1M12EKPR76.jpg,fake,gan,face,test
/content/diffusion_local/train/FAKE/2700 (2).jpg,fake,diffusion,cifar_object,train
/content/diffusion_local/train/FAKE/2468 (4).jpg,fake,diffusion,cifar_object,train
/content/gan_local/real_vs_fake/real-vs-fake/train/fake/HIQLZCADOP.jpg,fake,gan,face,train
/content/gan_local/real_vs_fake/real-vs-fake/train/fake/HR7KQ4SD2H.jpg,fake,gan,face,train
/content/diffusion_local/train/FAKE/4147 (8).jpg,fake,diffusion,cifar_object,train
/content/intel_local/seg_train/seg_train/buildings/8822.jpg,real,intel,buildings,train
/content/diffusion_local/train/FAKE/3668 (9).jpg,fake,diffusion,cifar_object,train
/content/intel_local/seg_test/seg_test/street/22223.jpg,real,intel,street,test
/content/diffusion_local/train/REAL/3297 (7).jpg,real,diffusion,cifar_object,train
/content/diffusion_local/train/REAL/3278 (6).jpg,real,diffusion,cifar_object,train
/content/diffusion_local/train/FAKE/4173.jpg,fake,diffusion,cifar_object,train
/content/diffusion_local/train/FAKE/2813 (10).jpg,fake,diffusion,cifar_object,train
/content/gan_local/real_vs_fake/real-vs-fake/train/fake/2LPZXH7OHY.jpg,fake,gan,face,train
/content/diffusion_local/train/FAKE/1955 (5).jpg,fake,diffusion,cifar_object,train
/content/gan_local/real_vs_fake/real-vs-fake/train/fake/C3NLTYBJRG.jpg,fake,gan,face,train
/content/intel_local/seg_test/seg_test/buildings/20350.jpg,real,intel,buildings,test
/content/gan_local/real_vs_fake/real-vs-fake/train/fake/R8O08R8MCJ.jpg,fake,gan,face,train
/content/gan_local/real_vs_fake/real-vs-fake/train/real/35692.jpg,real,gan,face,train
/content/intel_local/seg_train/seg_train/sea/15656.jpg,real,intel,sea,train
/content/diffusion_local/train/REAL/4003 (4).jpg,real,diffusion,cifar_object,train
/content/gan_local/real_vs_fake/real-vs-fake/valid/fake/UOGDQXDKZZ.jpg,fake,gan,face,valid
/content/gan_local/real_vs_fake/real-vs-fake/train/fake/QC0302C9I9.jpg,fake,gan,face,train
/content/gan_local/real_vs_fake/real-vs-fake/valid/fake/QCSNV5T07F.jpg,fake,gan,face,valid
/content/diffusion_local/train/FAKE/2857 (10).jpg,fake,diffusion,cifar_object,train
/content/general_ai_local/AiArtData/AiArtData/863198.jpg,fake,general_ai,AiArtData,train
/content/diffusion_local/test/REAL/0852 (3).jpg,real,diffusion,cifar_object,test
/content/diffusion_local/train/FAKE/3952 (5).jpg,fake,diffusion,cifar_object,train
/content/diffusion_local/train/REAL/3865 (5).jpg,real,diffusion,cifar_object,train
/content/gan_local/real_vs_fake/real-vs-fake/valid/fake/UIYTBG8TIH.jpg,fake,gan,face,valid
/content/general_ai_local/AiArtData/AiArtData/1MhC86XK2wg6AC30Wm2ZiEw.png,fake,general_ai,AiArtData,train
/content/gan_local/real_vs_fake/real-vs-fake/test/real/68979.jpg,real,gan,face,test
/content/intel_local/seg_test/seg_test/street/24231.jpg,real,intel,street,test
/content/diffusion_local/train/FAKE/2072 (7).jpg,fake,diffusion,cifar_object,train
/content/gan_local/real_vs_fake/real-vs-fake/train/real/42745.jpg,real,gan,face,train
/content/gan_local/real_vs_fake/real-vs-fake/train/fake/BS0D4NA13P.jpg,fake,gan,face,train
/content/diffusion_local/train/FAKE/2689 (2).jpg,fake,diffusion,cifar_object,train
/content/diffusion_local/train/REAL/1891 (6).jpg,real,diffusion,cifar_object,train
/content/gan_local/real_vs_fake/real-vs-fake/test/real/51606.jpg,real,gan,face,test
/content/general_ai_local/AiArtData/AiArtData/fdfs20-800x533.jpg,fake,general_ai,AiArtData,train
/content/diffusion_local/test/FAKE/818 (2).jpg,fake,diffusion,cifar_object,test
/content/gan_local/real_vs_fake/real-vs-fake/train/fake/42Y55DLMTG.jpg,fake,gan,face,train
/content/diffusion_local/train/FAKE/5343 (5).jpg,fake,diffusion,cifar_object,train
/content/gan_local/real_vs_fake/real-vs-fake/train/fake/GD9248SO4M.jpg,fake,gan,face,train
/content/diffusion_local/train/REAL/0442 (9).jpg,real,diffusion,cifar_object,train
/content/gan_local/real_vs_fake/real-vs-fake/train/real/23161.jpg,real,gan,face,train
/content/gan_local/real_vs_fake/real-vs-fake/test/fake/2JDCHM9ZOC.jpg,fake,gan,face,test
/content/intel_local/seg_train/seg_train/glacier/17783.jpg,real,intel,glacier,train
/content/diffusion_local/train/FAKE/1852 (10).jpg,fake,diffusion,cifar_object,train
/content/intel_local/seg_train/seg_train/buildings/9345.jpg,real,intel,buildings,train
/content/diffusion_local/test/REAL/0570 (9).jpg,real,diffusion,cifar_object,test
/content/gan_local/real_vs_fake/real-vs-fake/train/real/54835.jpg,real,gan,face,train
/content/gan_local/real_vs_fake/real-vs-fake/train/real/15119.jpg,real,gan,face,train
/content/gan_local/real_vs_fake/real-vs-fake/train/real/62492.jpg,real,gan,face,train
/content/diffusion_local/test/FAKE/225 (9).jpg,fake,diffusion,cifar_object,test
/content/gan_local/real_vs_fake/real-vs-fake/train/real/34780.jpg,real,gan,face,train
/content/diffusion_local/train/REAL/4423 (6).jpg,real,diffusion,cifar_object,train
/content/diffusion_local/train/FAKE/3086 (3).jpg,fake,diffusion,cifar_object,train
/content/intel_local/seg_train/seg_train/street/8446.jpg,real,intel,street,train
/content/gan_local/real_vs_fake/real-vs-fake/train/fake/EYU1RXZXVK.jpg,fake,gan,face,train
/content/gan_local/real_vs_fake/real-vs-fake/train/fake/FEXLHRKK37.jpg,fake,gan,face,train
/content/diffusion_local/train/REAL/3031 (10).jpg,real,diffusion,cifar_object,train
/content/gan_local/real_vs_fake/real-vs-fake/train/fake/32EI1T69LQ.jpg,fake,gan,face,train
/content/diffusion_local/test/REAL/0661 (7).jpg,real,diffusion,cifar_object,test
/content/diffusion_local/train/FAKE/1637.jpg,fake,diffusion,cifar_object,train
/content/diffusion_local/test/REAL/0140 (4).jpg,real,diffusion,cifar_object,test
/content/gan_local/real_vs_fake/real-vs-fake/train/real/21531.jpg,real,gan,face,train
/content/diffusion_local/train/REAL/0670 (2).jpg,real,diffusion,cifar_object,train
/content/intel_local/seg_train/seg_train/forest/3331.jpg,real,intel,forest,train
/content/gan_local/real_vs_fake/real-vs-fake/train/fake/CTW7NZBOZO.jpg,fake,gan,face,train
/content/gan_local/real_vs_fake/real-vs-fake/train/real/55948.jpg,real,gan,face,train
/content/gan_local/real_vs_fake/real-vs-fake/test/fake/NOBND9P7MR.jpg,fake,gan,face,test
/content/diffusion_local/test/REAL/0478 (4).jpg,real,diffusion,cifar_object,test
/content/intel_local/seg_train/seg_train/buildings/11418.jpg,real,intel,buildings,train
/content/diffusion_local/train/FAKE/3441 (5).jpg,fake,diffusion,cifar_object,train
/content/diffusion_local/train/FAKE/1040 (6).jpg,fake,diffusion,cifar_object,train
/content/diffusion_local/train/FAKE/1209 (3).jpg,fake,diffusion,cifar_object,train
/content/gan_local/real_vs_fake/real-vs-fake/train/fake/I59FA9L7ZB.jpg,fake,gan,face,train
/content/gan_local/real_vs_fake/real-vs-fake/train/fake/SUX1OHGSBK.jpg,fake,gan,face,train
/content/gan_local/real_vs_fake/real-vs-fake/test/fake/LVOC1YML2F.jpg,fake,gan,face,test
/content/diffusion_local/train/REAL/3326 (9).jpg,real,diffusion,cifar_object,train
/content/gan_local/real_vs_fake/real-vs-fake/train/fake/X2VKB2RDCG.jpg,fake,gan,face,train
/content/diffusion_local/train/FAKE/4862 (8).jpg,fake,diffusion,cifar_object,train
/content/diffusion_local/train/REAL/2543 (6).jpg,real,diffusion,cifar_object,train
/content/gan_local/real_vs_fake/real-vs-fake/train/fake/FTLGBMZNEF.jpg,fake,gan,face,train
/content/gan_local/real_vs_fake/real-vs-fake/train/fake/6YHYVEQOQA.jpg,fake,gan,face,train
/content/diffusion_local/train/FAKE/3579 (9).jpg,fake,diffusion,cifar_object,train
/content/diffusion_local/train/FAKE/3941.jpg,fake,diffusion,cifar_object,train
/content/diffusion_local/train/REAL/1960 (3).jpg,real,diffusion,cifar_object,train
/content/intel_local/seg_train/seg_train/street/6203.jpg,real,intel,street,train
/content/gan_local/real_vs_fake/real-vs-fake/train/real/23491.jpg,real,gan,face,train
/content/diffusion_local/train/FAKE/5307 (5).jpg,fake,diffusion,cifar_object,train
/content/gan_local/real_vs_fake/real-vs-fake/valid/fake/IJ6535GV3K.jpg,fake,gan,face,valid
/content/general_ai_local/AiArtData/AiArtData/-how-important-people-from-the-past-really-looked-11-Pics-5ffd5c0f4d77f__880.jpg,fake,general_ai,AiArtData,train
/content/diffusion_local/train/FAKE/3072 (5).jpg,fake,diffusion,cifar_object,train
/content/gan_local/real_vs_fake/real-vs-fake/train/fake/JX176BOEO4.jpg,fake,gan,face,train
/content/diffusion_local/test/REAL/0843 (4).jpg,real,diffusion,cifar_object,test
/content/gan_local/real_vs_fake/real-vs-fake/train/fake/NN0SMVP2ZV.jpg,fake,gan,face,train
/content/general_ai_local/RealArt/RealArt/il_570xN.4398975758_9o5j.jpg,real,general_ai,RealArt,train
/content/gan_local/real_vs_fake/real-vs-fake/train/fake/GR4ZJ16PXO.jpg,fake,gan,face,train
/content/intel_local/seg_train/seg_train/buildings/13812.jpg,real,intel,buildings,train
/content/diffusion_local/train/FAKE/5472 (6).jpg,fake,diffusion,cifar_object,train
/content/intel_local/seg_train/seg_train/glacier/17566.jpg,real,intel,glacier,train
/content/diffusion_local/train/FAKE/1939 (7).jpg,fake,diffusion,cifar_object,train
/content/intel_local/seg_train/seg_train/sea/283.jpg,real,intel,sea,train
/content/intel_local/seg_train/seg_train/mountain/18823.jpg,real,intel,mountain,train
/content/diffusion_local/train/FAKE/2966 (5).jpg,fake,diffusion,cifar_object,train
/content/diffusion_local/train/FAKE/5254 (7).jpg,fake,diffusion,cifar_object,train
/content/diffusion_local/train/FAKE/2119 (8).jpg,fake,diffusion,cifar_object,train
/content/general_ai_local/AiArtData/AiArtData/Marvel-Secret-Invasion-Opening-Credits-AI-Art.jpg,fake,general_ai,AiArtData,train
/content/gan_local/real_vs_fake/real-vs-fake/valid/real/05455.jpg,real,gan,face,valid
/content/diffusion_local/train/FAKE/5273 (4).jpg,fake,diffusion,cifar_object,train
/content/diffusion_local/test/REAL/0402 (8).jpg,real,diffusion,cifar_object,test
/content/diffusion_local/train/FAKE/4806 (6).jpg,fake,diffusion,cifar_object,train
/content/diffusion_local/train/REAL/3946 (5).jpg,real,diffusion,cifar_object,train
/content/gan_local/real_vs_fake/real-vs-fake/train/real/53888.jpg,real,gan,face,train
/content/diffusion_local/train/FAKE/4994 (5).jpg,fake,diffusion,cifar_object,train
/content/gan_local/real_vs_fake/real-vs-fake/train/fake/RR9CZI0L29.jpg,fake,gan,face,train
/content/diffusion_local/train/REAL/2475 (4).jpg,real,diffusion,cifar_object,train
/content/diffusion_local/test/REAL/0486 (2).jpg,real,diffusion,cifar_object,test
/content/gan_local/real_vs_fake/real-vs-fake/train/fake/086314CSNQ.jpg,fake,gan,face,train
/content/gan_local/real_vs_fake/real-vs-fake/train/fake/ZG28CUZSC6.jpg,fake,gan,face,train
/content/gan_local/real_vs_fake/real-vs-fake/test/fake/N5W8W9URUZ.jpg,fake,gan,face,test
/content/general_ai_local/RealArt/RealArt/natural-scenery-raphael-sanzio.jpg,real,general_ai,RealArt,train
/content/diffusion_local/train/FAKE/1979 (5).jpg,fake,diffusion,cifar_object,train
/content/gan_local/real_vs_fake/real-vs-fake/test/fake/G43RHP6X32.jpg,fake,gan,face,test
/content/general_ai_local/AiArtData/AiArtData/Bashenga_10-1-1000x552.jpg,fake,general_ai,AiArtData,train
/content/intel_local/seg_train/seg_train/glacier/19205.jpg,real,intel,glacier,train
/content/gan_local/real_vs_fake/real-vs-fake/train/real/60511.jpg,real,gan,face,train
/content/gan_local/real_vs_fake/real-vs-fake/train/fake/XKW107NE1Z.jpg,fake,gan,face,train
/content/gan_local/real_vs_fake/real-vs-fake/train/fake/9PJ7F1BMYS.jpg,fake,gan,face,train
/content/intel_local/seg_train/seg_train/forest/17856.jpg,real,intel,forest,train
/content/intel_local/seg_train/seg_train/forest/15529.jpg,real,intel,forest,train
/content/gan_local/real_vs_fake/real-vs-fake/train/fake/M28FE0BVRN.jpg,fake,gan,face,train
/content/intel_local/seg_test/seg_test/sea/21054.jpg,real,intel,sea,test
/content/gan_local/real_vs_fake/real-vs-fake/valid/fake/ODZTKITQMY.jpg,fake,gan,face,valid
/content/diffusion_local/train/FAKE/2055 (8).jpg,fake,diffusion,cifar_object,train
/content/gan_local/real_vs_fake/real-vs-fake/train/real/12036.jpg,real,gan,face,train
/content/diffusion_local/train/FAKE/4600 (4).jpg,fake,diffusion,cifar_object,train
/content/general_ai_local/RealArt/RealArt/for-desktop-nature-scenes-beautiful-scenery-1920x1080-wallpaper-preview.jpg,real,general_ai,RealArt,train
/content/intel_local/seg_train/seg_train/street/12130.jpg,real,intel,street,train
/content/diffusion_local/train/FAKE/1175.jpg,fake,diffusion,cifar_object,train
/content/intel_local/seg_train/seg_train/buildings/16272.jpg,real,intel,buildings,train
/content/diffusion_local/train/FAKE/5864 (3).jpg,fake,diffusion,cifar_object,train
/content/gan_local/real_vs_fake/real-vs-fake/train/fake/A7JYQ9VCGK.jpg,fake,gan,face,train
/content/gan_local/real_vs_fake/real-vs-fake/train/fake/O8XMXXM4D0.jpg,fake,gan,face,train
/content/general_ai_local/RealArt/RealArt/gettyimages-1238924365_wide-b1f7435f5e1e69d0b3a32ad364de7204c89cc15e-s1100-c50.jpg,real,general_ai,RealArt,train
/content/gan_local/real_vs_fake/real-vs-fake/train/fake/7ZVO7WOB85.jpg,fake,gan,face,train
/content/gan_local/real_vs_fake/real-vs-fake/train/real/58312.jpg,real,gan,face,train
/content/gan_local/real_vs_fake/real-vs-fake/train/real/32665.jpg,real,gan,face,train
/content/diffusion_local/test/FAKE/780 (7).jpg,fake,diffusion,cifar_object,test
/content/gan_local/real_vs_fake/real-vs-fake/test/fake/7YANXOC975.jpg,fake,gan,face,test
/content/diffusion_local/train/REAL/0050.jpg,real,diffusion,cifar_object,train
/content/gan_local/real_vs_fake/real-vs-fake/train/real/56155.jpg,real,gan,face,train
/content/gan_local/real_vs_fake/real-vs-fake/train/real/21929.jpg,real,gan,face,train
/content/diffusion_local/train/FAKE/5489 (5).jpg,fake,diffusion,cifar_object,train
/content/diffusion_local/train/FAKE/4529 (8).jpg,fake,diffusion,cifar_object,train
/content/diffusion_local/train/FAKE/5742 (7).jpg,fake,diffusion,cifar_object,train
/content/intel_local/seg_train/seg_train/mountain/7946.jpg,real,intel,mountain,train
/content/diffusion_local/train/FAKE/3716 (10).jpg,fake,diffusion,cifar_object,train
/content/intel_local/seg_train/seg_train/forest/4943.jpg,real,intel,forest,train
/content/diffusion_local/train/FAKE/1502 (2).jpg,fake,diffusion,cifar_object,train
/content/gan_local/real_vs_fake/real-vs-fake/train/fake/07D0SAJVJH.jpg,fake,gan,face,train
/content/gan_local/real_vs_fake/real-vs-fake/test/fake/JR4PFVFALO.jpg,fake,gan,face,test
/content/gan_local/real_vs_fake/real-vs-fake/train/fake/PEE2N8LI1Z.jpg,fake,gan,face,train
/content/gan_local/real_vs_fake/real-vs-fake/train/real/11952.jpg,real,gan,face,train
/content/diffusion_local/train/FAKE/1508 (8).jpg,fake,diffusion,cifar_object,train
/content/gan_local/real_vs_fake/real-vs-fake/train/fake/WBKEQFGAXZ.jpg,fake,gan,face,train
/content/diffusion_local/train/REAL/1233 (2).jpg,real,diffusion,cifar_object,train
/content/gan_local/real_vs_fake/real-vs-fake/train/fake/CDB9TZEUOB.jpg,fake,gan,face,train
/content/general_ai_local/AiArtData/AiArtData/hwXBAos.jpg,fake,general_ai,AiArtData,train
/content/diffusion_local/train/REAL/4150 (5).jpg,real,diffusion,cifar_object,train
/content/diffusion_local/train/FAKE/3331 (2).jpg,fake,diffusion,cifar_object,train
/content/gan_local/real_vs_fake/real-vs-fake/train/fake/FEZ2DANC9E.jpg,fake,gan,face,train
/content/diffusion_local/train/REAL/2810.jpg,real,diffusion,cifar_object,train
/content/intel_local/seg_train/seg_train/mountain/12047.jpg,real,intel,mountain,train
/content/gan_local/real_vs_fake/real-vs-fake/train/real/57606.jpg,real,gan,face,train
/content/diffusion_local/test/FAKE/244.jpg,fake,diffusion,cifar_object,test
/content/intel_local/seg_train/seg_train/forest/5109.jpg,real,intel,forest,train
/content/diffusion_local/train/REAL/0027 (6).jpg,real,diffusion,cifar_object,train
/content/intel_local/seg_train/seg_train/glacier/893.jpg,real,intel,glacier,train
/content/diffusion_local/train/FAKE/3639 (10).jpg,fake,diffusion,cifar_object,train
/content/general_ai_local/AiArtData/AiArtData/ai-transforms-celebrities-photo-into-old-portraits-paintings-5d380c16e46fd__700.jpg,fake,general_ai,AiArtData,train
/content/intel_local/seg_test/seg_test/sea/23466.jpg,real,intel,sea,test
/content/diffusion_local/train/FAKE/4527 (2).jpg,fake,diffusion,cifar_object,train
/content/diffusion_local/train/FAKE/1297 (5).jpg,fake,diffusion,cifar_object,train
/content/intel_local/seg_train/seg_train/mountain/8466.jpg,real,intel,mountain,train
/content/intel_local/seg_train/seg_train/street/643.jpg,real,intel,street,train
/content/general_ai_local/AiArtData/AiArtData/violin-buildings.jpg,fake,general_ai,AiArtData,train
/content/diffusion_local/train/REAL/1544 (6).jpg,real,diffusion,cifar_object,train
/content/intel_local/seg_test/seg_test/buildings/22759.jpg,real,intel,buildings,test
/content/diffusion_local/train/FAKE/5807 (6).jpg,fake,diffusion,cifar_object,train
/content/diffusion_local/test/REAL/0048 (4).jpg,real,diffusion,cifar_object,test
/content/gan_local/real_vs_fake/real-vs-fake/train/real/46480.jpg,real,gan,face,train
/content/intel_local/seg_train/seg_train/glacier/14000.jpg,real,intel,glacier,train
/content/diffusion_local/train/FAKE/3904 (3).jpg,fake,diffusion,cifar_object,train
/content/intel_local/seg_train/seg_train/street/15611.jpg,real,intel,street,train
/content/diffusion_local/train/FAKE/3927 (7).jpg,fake,diffusion,cifar_object,train
/content/diffusion_local/train/REAL/1592 (8).jpg,real,diffusion,cifar_object,train
/content/gan_local/real_vs_fake/real-vs-fake/train/real/29695.jpg,real,gan,face,train
/content/diffusion_local/train/REAL/2585 (3).jpg,real,diffusion,cifar_object,train
/content/intel_local/seg_test/seg_test/buildings/24120.jpg,real,intel,buildings,test
/content/gan_local/real_vs_fake/real-vs-fake/test/fake/MUU13QIAGR.jpg,fake,gan,face,test
/content/diffusion_local/train/FAKE/4652 (4).jpg,fake,diffusion,cifar_object,train
/content/gan_local/real_vs_fake/real-vs-fake/train/fake/UDZQ158DM9.jpg,fake,gan,face,train
/content/diffusion_local/test/REAL/0981 (5).jpg,real,diffusion,cifar_object,test
/content/intel_local/seg_test/seg_test/sea/22589.jpg,real,intel,sea,test
/content/gan_local/real_vs_fake/real-vs-fake/valid/real/13723.jpg,real,gan,face,valid
/content/diffusion_local/test/FAKE/49.jpg,fake,diffusion,cifar_object,test
/content/diffusion_local/test/FAKE/994 (6).jpg,fake,diffusion,cifar_object,test
/content/intel_local/seg_train/seg_train/forest/3891.jpg,real,intel,forest,train
/content/diffusion_local/train/FAKE/1642 (2).jpg,fake,diffusion,cifar_object,train
/content/diffusion_local/train/FAKE/1937 (8).jpg,fake,diffusion,cifar_object,train
/content/intel_local/seg_train/seg_train/mountain/6239.jpg,real,intel,mountain,train
/content/intel_local/seg_train/seg_train/sea/3678.jpg,real,intel,sea,train
/content/intel_local/seg_train/seg_train/glacier/13103.jpg,real,intel,glacier,train
/content/intel_local/seg_train/seg_train/buildings/1107.jpg,real,intel,buildings,train
/content/intel_local/seg_train/seg_train/mountain/12230.jpg,real,intel,mountain,train
/content/gan_local/real_vs_fake/real-vs-fake/train/fake/W8I08XPFVG.jpg,fake,gan,face,train
/content/intel_local/seg_test/seg_test/mountain/24285.jpg,real,intel,mountain,test
/content/gan_local/real_vs_fake/real-vs-fake/train/real/29651.jpg,real,gan,face,train
/content/general_ai_local/AiArtData/AiArtData/mouse-in-a-maze.jpg,fake,general_ai,AiArtData,train
/content/gan_local/real_vs_fake/real-vs-fake/train/fake/CBPJKOVOC2.jpg,fake,gan,face,train
/content/intel_local/seg_train/seg_train/street/15852.jpg,real,intel,street,train
/content/gan_local/real_vs_fake/real-vs-fake/train/fake/XGDNAL4H94.jpg,fake,gan,face,train
/content/diffusion_local/train/FAKE/1208 (8).jpg,fake,diffusion,cifar_object,train
/content/intel_local/seg_train/seg_train/sea/4840.jpg,real,intel,sea,train
/content/diffusion_local/train/FAKE/3166 (8).jpg,fake,diffusion,cifar_object,train
/content/diffusion_local/train/REAL/3403 (6).jpg,real,diffusion,cifar_object,train
/content/intel_local/seg_train/seg_train/street/10524.jpg,real,intel,street,train
/content/diffusion_local/train/FAKE/5464 (4).jpg,fake,diffusion,cifar_object,train
/content/diffusion_local/train/FAKE/1628 (9).jpg,fake,diffusion,cifar_object,train
/content/gan_local/real_vs_fake/real-vs-fake/train/fake/8RE54F5XI2.jpg,fake,gan,face,train
/content/gan_local/real_vs_fake/real-vs-fake/train/fake/4YSWQJCH3F.jpg,fake,gan,face,train
/content/intel_local/seg_test/seg_test/mountain/23040.jpg,real,intel,mountain,test
/content/gan_local/real_vs_fake/real-vs-fake/train/fake/RAQYP57R77.jpg,fake,gan,face,train
/content/gan_local/real_vs_fake/real-vs-fake/train/real/35397.jpg,real,gan,face,train
/content/diffusion_local/train/FAKE/5762 (8).jpg,fake,diffusion,cifar_object,train
/content/intel_local/seg_train/seg_train/forest/14475.jpg,real,intel,forest,train
/content/gan_local/real_vs_fake/real-vs-fake/train/fake/7SY1ZJ5FXN.jpg,fake,gan,face,train
/content/diffusion_local/train/FAKE/4956 (8).jpg,fake,diffusion,cifar_object,train
/content/diffusion_local/train/FAKE/1461 (4).jpg,fake,diffusion,cifar_object,train
/content/diffusion_local/train/REAL/1375 (7).jpg,real,diffusion,cifar_object,train
/content/gan_local/real_vs_fake/real-vs-fake/valid/fake/3OAECR6830.jpg,fake,gan,face,valid
/content/intel_local/seg_train/seg_train/forest/14648.jpg,real,intel,forest,train
/content/intel_local/seg_train/seg_train/forest/11452.jpg,real,intel,forest,train
/content/gan_local/real_vs_fake/real-vs-fake/train/fake/KQZ37XIRZX.jpg,fake,gan,face,train
/content/gan_local/real_vs_fake/real-vs-fake/train/real/09522.jpg,real,gan,face,train
/content/gan_local/real_vs_fake/real-vs-fake/train/fake/M59D2VRRL2.jpg,fake,gan,face,train
/content/diffusion_local/train/FAKE/2366 (4).jpg,fake,diffusion,cifar_object,train
/content/diffusion_local/train/REAL/4422 (2).jpg,real,diffusion,cifar_object,train
/content/diffusion_local/train/FAKE/1941 (10).jpg,fake,diffusion,cifar_object,train
/content/gan_local/real_vs_fake/real-vs-fake/train/fake/QNTK8DNDHT.jpg,fake,gan,face,train
/content/gan_local/real_vs_fake/real-vs-fake/test/fake/VDMSJYKZPY.jpg,fake,gan,face,test
/content/gan_local/real_vs_fake/real-vs-fake/train/fake/9CU0J98PS0.jpg,fake,gan,face,train
/content/gan_local/real_vs_fake/real-vs-fake/train/fake/GZ5TBQK2PG.jpg,fake,gan,face,train
/content/gan_local/real_vs_fake/real-vs-fake/train/fake/QV6FR7HV1W.jpg,fake,gan,face,train
/content/gan_local/real_vs_fake/real-vs-fake/train/fake/HLD5FLPTW2.jpg,fake,gan,face,train
/content/gan_local/real_vs_fake/real-vs-fake/train/fake/8EZXYRVS7O.jpg,fake,gan,face,train
/content/diffusion_local/train/REAL/0351 (2).jpg,real,diffusion,cifar_object,train
/content/gan_local/real_vs_fake/real-vs-fake/train/fake/37WDNK5L9V.jpg,fake,gan,face,train
/content/intel_local/seg_train/seg_train/forest/19210.jpg,real,intel,forest,train
/content/gan_local/real_vs_fake/real-vs-fake/train/fake/HW86HRUFI8.jpg,fake,gan,face,train
/content/diffusion_local/train/FAKE/5065 (6).jpg,fake,diffusion,cifar_object,train
/content/gan_local/real_vs_fake/real-vs-fake/valid/fake/PZWVUHN3GW.jpg,fake,gan,face,valid
/content/diffusion_local/train/FAKE/5643 (2).jpg,fake,diffusion,cifar_object,train
/content/diffusion_local/train/FAKE/5935 (9).jpg,fake,diffusion,cifar_object,train
/content/general_ai_local/RealArt/RealArt/85120553.jpg,real,general_ai,RealArt,train
/content/diffusion_local/train/REAL/4815 (2).jpg,real,diffusion,cifar_object,train
/content/diffusion_local/train/FAKE/2303.jpg,fake,diffusion,cifar_object,train
/content/diffusion_local/test/REAL/0333 (5).jpg,real,diffusion,cifar_object,test
/content/diffusion_local/train/REAL/0843 (3).jpg,real,diffusion,cifar_object,train
/content/diffusion_local/train/REAL/3377 (10).jpg,real,diffusion,cifar_object,train
/content/gan_local/real_vs_fake/real-vs-fake/train/real/11392.jpg,real,gan,face,train
/content/gan_local/real_vs_fake/real-vs-fake/test/fake/7PBG55XX9J.jpg,fake,gan,face,test
/content/diffusion_local/train/FAKE/2493 (6).jpg,fake,diffusion,cifar_object,train
/content/intel_local/seg_train/seg_train/sea/5482.jpg,real,intel,sea,train
/content/intel_local/seg_train/seg_train/street/2994.jpg,real,intel,street,train
/content/gan_local/real_vs_fake/real-vs-fake/valid/fake/KMEICD4I0M.jpg,fake,gan,face,valid
/content/gan_local/real_vs_fake/real-vs-fake/test/fake/XZZ8DHCZSJ.jpg,fake,gan,face,test
/content/general_ai_local/RealArt/RealArt/female-face-girl-wearing-hat-outdoors.jpg,real,general_ai,RealArt,train
/content/diffusion_local/train/REAL/3481 (4).jpg,real,diffusion,cifar_object,train
/content/intel_local/seg_train/seg_train/buildings/15822.jpg,real,intel,buildings,train
/content/gan_local/real_vs_fake/real-vs-fake/train/real/69522.jpg,real,gan,face,train
/content/gan_local/real_vs_fake/real-vs-fake/valid/fake/1S8NGNCN3G.jpg,fake,gan,face,valid
/content/diffusion_local/train/REAL/2405 (3).jpg,real,diffusion,cifar_object,train
/content/gan_local/real_vs_fake/real-vs-fake/train/fake/20WUXYAYM6.jpg,fake,gan,face,train
/content/diffusion_local/train/REAL/3818.jpg,real,diffusion,cifar_object,train
/content/gan_local/real_vs_fake/real-vs-fake/test/fake/FVF3MUSWL0.jpg,fake,gan,face,test
/content/gan_local/real_vs_fake/real-vs-fake/valid/fake/8O220FWTPD.jpg,fake,gan,face,valid
/content/diffusion_local/train/FAKE/1580 (10).jpg,fake,diffusion,cifar_object,train
/content/gan_local/real_vs_fake/real-vs-fake/train/real/23598.jpg,real,gan,face,train
/content/intel_local/seg_train/seg_train/forest/8162.jpg,real,intel,forest,train
/content/intel_local/seg_train/seg_train/street/10526.jpg,real,intel,street,train
/content/intel_local/seg_test/seg_test/buildings/22208.jpg,real,intel,buildings,test
/content/diffusion_local/train/FAKE/2406 (7).jpg,fake,diffusion,cifar_object,train
/content/diffusion_local/train/FAKE/2917 (4).jpg,fake,diffusion,cifar_object,train
/content/gan_local/real_vs_fake/real-vs-fake/test/fake/YJOS443I86.jpg,fake,gan,face,test
/content/gan_local/real_vs_fake/real-vs-fake/test/real/01315.jpg,real,gan,face,test
/content/gan_local/real_vs_fake/real-vs-fake/valid/real/25362.jpg,real,gan,face,valid
/content/diffusion_local/train/REAL/3180 (8).jpg,real,diffusion,cifar_object,train
/content/diffusion_local/test/REAL/0523 (5).jpg,real,diffusion,cifar_object,test
/content/diffusion_local/test/REAL/0903 (2).jpg,real,diffusion,cifar_object,test
/content/diffusion_local/train/REAL/4869 (9).jpg,real,diffusion,cifar_object,train
/content/gan_local/real_vs_fake/real-vs-fake/train/fake/E9IC65XCBP.jpg,fake,gan,face,train
/content/gan_local/real_vs_fake/real-vs-fake/train/fake/GFZ582959P.jpg,fake,gan,face,train
/content/diffusion_local/train/REAL/3494 (5).jpg,real,diffusion,cifar_object,train
/content/intel_local/seg_train/seg_train/sea/16297.jpg,real,intel,sea,train
/content/gan_local/real_vs_fake/real-vs-fake/train/real/18452.jpg,real,gan,face,train
/content/gan_local/real_vs_fake/real-vs-fake/train/fake/SIKFNMDY35.jpg,fake,gan,face,train
/content/gan_local/real_vs_fake/real-vs-fake/train/fake/K4L5YJTFSH.jpg,fake,gan,face,train
/content/general_ai_local/AiArtData/AiArtData/06as5rHi0sgG4W2Tq.png,fake,general_ai,AiArtData,train
/content/gan_local/real_vs_fake/real-vs-fake/valid/fake/NA72ROW9LL.jpg,fake,gan,face,valid
/content/gan_local/real_vs_fake/real-vs-fake/train/fake/TNIK6BEHYA.jpg,fake,gan,face,train
/content/intel_local/seg_train/seg_train/sea/5105.jpg,real,intel,sea,train
/content/diffusion_local/train/FAKE/1310 (8).jpg,fake,diffusion,cifar_object,train
/content/gan_local/real_vs_fake/real-vs-fake/train/fake/YR4DI35YHJ.jpg,fake,gan,face,train
/content/gan_local/real_vs_fake/real-vs-fake/train/fake/2BDFO6SMSZ.jpg,fake,gan,face,train
/content/general_ai_local/AiArtData/AiArtData/5d395cf1e10ca-ai-transforms-celebrities-photo-into-old-portraits-paintings-5d380c3722b84__700.jpg,fake,general_ai,AiArtData,train
/content/gan_local/real_vs_fake/real-vs-fake/valid/fake/AZS311KF13.jpg,fake,gan,face,valid
/content/general_ai_local/RealArt/RealArt/HEADER-Best-Love-Paintings-Ever-Painted_1024x1024.jpg,real,general_ai,RealArt,train
/content/diffusion_local/train/FAKE/5115 (4).jpg,fake,diffusion,cifar_object,train
/content/gan_local/real_vs_fake/real-vs-fake/train/fake/6MW0B0AG1K.jpg,fake,gan,face,train
/content/intel_local/seg_train/seg_train/mountain/13962.jpg,real,intel,mountain,train
/content/general_ai_local/AiArtData/AiArtData/fdfs19-800x533.jpg,fake,general_ai,AiArtData,train
/content/gan_local/real_vs_fake/real-vs-fake/train/real/12365.jpg,real,gan,face,train
/content/diffusion_local/train/FAKE/2086 (6).jpg,fake,diffusion,cifar_object,train
/content/diffusion_local/train/REAL/2874 (5).jpg,real,diffusion,cifar_object,train
/content/diffusion_local/train/FAKE/3786 (6).jpg,fake,diffusion,cifar_object,train
/content/diffusion_local/test/FAKE/400 (4).jpg,fake,diffusion,cifar_object,test
/content/intel_local/seg_train/seg_train/buildings/18324.jpg,real,intel,buildings,train
/content/diffusion_local/train/FAKE/1900 (3).jpg,fake,diffusion,cifar_object,train
/content/diffusion_local/train/REAL/2899 (8).jpg,real,diffusion,cifar_object,train
/content/diffusion_local/test/FAKE/701 (10).jpg,fake,diffusion,cifar_object,test
/content/gan_local/real_vs_fake/real-vs-fake/valid/fake/EFD6VPL48H.jpg,fake,gan,face,valid
/content/intel_local/seg_train/seg_train/sea/17886.jpg,real,intel,sea,train
/content/gan_local/real_vs_fake/real-vs-fake/train/real/59951.jpg,real,gan,face,train
/content/diffusion_local/train/REAL/1979 (7).jpg,real,diffusion,cifar_object,train
/content/diffusion_local/train/FAKE/4608 (2).jpg,fake,diffusion,cifar_object,train
/content/intel_local/seg_test/seg_test/buildings/23652.jpg,real,intel,buildings,test
/content/intel_local/seg_train/seg_train/glacier/14256.jpg,real,intel,glacier,train
/content/intel_local/seg_test/seg_test/glacier/22994.jpg,real,intel,glacier,test
/content/general_ai_local/AiArtData/AiArtData/ai-portraits-millions-actors-photos-designboom-1200.jpg,fake,general_ai,AiArtData,train
/content/diffusion_local/train/FAKE/5143 (3).jpg,fake,diffusion,cifar_object,train
/content/diffusion_local/test/REAL/0868 (9).jpg,real,diffusion,cifar_object,test
/content/gan_local/real_vs_fake/real-vs-fake/train/real/63314.jpg,real,gan,face,train
/content/gan_local/real_vs_fake/real-vs-fake/train/fake/VXY3BE938R.jpg,fake,gan,face,train
/content/diffusion_local/train/REAL/1572 (8).jpg,real,diffusion,cifar_object,train
/content/gan_local/real_vs_fake/real-vs-fake/train/real/43151.jpg,real,gan,face,train
/content/diffusion_local/train/REAL/3885 (8).jpg,real,diffusion,cifar_object,train
/content/gan_local/real_vs_fake/real-vs-fake/train/fake/YATS4L254E.jpg,fake,gan,face,train
/content/diffusion_local/train/FAKE/2687.jpg,fake,diffusion,cifar_object,train
/content/diffusion_local/train/REAL/1590 (9).jpg,real,diffusion,cifar_object,train
/content/gan_local/real_vs_fake/real-vs-fake/train/fake/SFE10MOSNK.jpg,fake,gan,face,train
/content/intel_local/seg_train/seg_train/mountain/4303.jpg,real,intel,mountain,train
/content/gan_local/real_vs_fake/real-vs-fake/train/fake/35VK5N7HS3.jpg,fake,gan,face,train
/content/intel_local/seg_test/seg_test/mountain/21019.jpg,real,intel,mountain,test
/content/diffusion_local/train/FAKE/2021 (8).jpg,fake,diffusion,cifar_object,train
/content/intel_local/seg_train/seg_train/glacier/15171.jpg,real,intel,glacier,train
/content/gan_local/real_vs_fake/real-vs-fake/train/real/66384.jpg,real,gan,face,train
/content/gan_local/real_vs_fake/real-vs-fake/train/real/11424.jpg,real,gan,face,train
/content/intel_local/seg_train/seg_train/glacier/19934.jpg,real,intel,glacier,train
/content/gan_local/real_vs_fake/real-vs-fake/train/real/56398.jpg,real,gan,face,train
/content/gan_local/real_vs_fake/real-vs-fake/valid/real/18689.jpg,real,gan,face,valid
/content/diffusion_local/train/FAKE/1385 (2).jpg,fake,diffusion,cifar_object,train
/content/intel_local/seg_train/seg_train/street/18216.jpg,real,intel,street,train
/content/diffusion_local/train/FAKE/3105.jpg,fake,diffusion,cifar_object,train
/content/intel_local/seg_train/seg_train/street/18439.jpg,real,intel,street,train
/content/diffusion_local/test/FAKE/972.jpg,fake,diffusion,cifar_object,test
/content/intel_local/seg_train/seg_train/glacier/10624.jpg,real,intel,glacier,train
/content/diffusion_local/train/FAKE/4999 (4).jpg,fake,diffusion,cifar_object,train
/content/diffusion_local/train/FAKE/4944.jpg,fake,diffusion,cifar_object,train
/content/intel_local/seg_train/seg_train/street/11052.jpg,real,intel,street,train
/content/diffusion_local/test/FAKE/355 (4).jpg,fake,diffusion,cifar_object,test
/content/intel_local/seg_train/seg_train/buildings/8474.jpg,real,intel,buildings,train
/content/diffusion_local/train/FAKE/5079 (2).jpg,fake,diffusion,cifar_object,train
/content/gan_local/real_vs_fake/real-vs-fake/train/fake/134HZK8WQ3.jpg,fake,gan,face,train
/content/gan_local/real_vs_fake/real-vs-fake/test/fake/V1ZBBHMAKF.jpg,fake,gan,face,test
/content/diffusion_local/train/FAKE/1696 (2).jpg,fake,diffusion,cifar_object,train
/content/gan_local/real_vs_fake/real-vs-fake/valid/fake/KJ0TZ4WGXI.jpg,fake,gan,face,valid
/content/general_ai_local/AiArtData/AiArtData/ai20images20holi20vrindavan1687103503681.jpg,fake,general_ai,AiArtData,train
/content/diffusion_local/train/FAKE/3634 (9).jpg,fake,diffusion,cifar_object,train
/content/intel_local/seg_train/seg_train/buildings/2568.jpg,real,intel,buildings,train
/content/intel_local/seg_train/seg_train/sea/7699.jpg,real,intel,sea,train
/content/gan_local/real_vs_fake/real-vs-fake/train/fake/XTA639SRJ9.jpg,fake,gan,face,train
/content/gan_local/real_vs_fake/real-vs-fake/valid/fake/GVDQ8Y7C04.jpg,fake,gan,face,valid
/content/gan_local/real_vs_fake/real-vs-fake/valid/real/43063.jpg,real,gan,face,valid
/content/intel_local/seg_train/seg_train/glacier/10912.jpg,real,intel,glacier,train
/content/diffusion_local/train/REAL/2705 (5).jpg,real,diffusion,cifar_object,train
/content/gan_local/real_vs_fake/real-vs-fake/train/real/03736.jpg,real,gan,face,train
/content/diffusion_local/train/REAL/3012 (5).jpg,real,diffusion,cifar_object,train
/content/gan_local/real_vs_fake/real-vs-fake/valid/real/18019.jpg,real,gan,face,valid
/content/gan_local/real_vs_fake/real-vs-fake/valid/fake/YSFTSPHQIM.jpg,fake,gan,face,valid
/content/diffusion_local/train/REAL/3387.jpg,real,diffusion,cifar_object,train
/content/gan_local/real_vs_fake/real-vs-fake/train/fake/NZEP1FI6KF.jpg,fake,gan,face,train
/content/diffusion_local/test/FAKE/254 (2).jpg,fake,diffusion,cifar_object,test
/content/diffusion_local/train/REAL/4175 (3).jpg,real,diffusion,cifar_object,train
/content/diffusion_local/train/REAL/2157 (2).jpg,real,diffusion,cifar_object,train
/content/gan_local/real_vs_fake/real-vs-fake/train/fake/AGRM9VO779.jpg,fake,gan,face,train
/content/diffusion_local/test/FAKE/896 (7).jpg,fake,diffusion,cifar_object,test
/content/diffusion_local/train/FAKE/1889 (10).jpg,fake,diffusion,cifar_object,train
/content/diffusion_local/test/REAL/0642 (10).jpg,real,diffusion,cifar_object,test
/content/gan_local/real_vs_fake/real-vs-fake/train/real/01574.jpg,real,gan,face,train
/content/diffusion_local/test/FAKE/817 (5).jpg,fake,diffusion,cifar_object,test
/content/intel_local/seg_train/seg_train/mountain/19495.jpg,real,intel,mountain,train
/content/diffusion_local/train/REAL/4326 (9).jpg,real,diffusion,cifar_object,train
/content/gan_local/real_vs_fake/real-vs-fake/valid/fake/X29WDDS2C9.jpg,fake,gan,face,valid
/content/gan_local/real_vs_fake/real-vs-fake/train/fake/J2Q37TW2UM.jpg,fake,gan,face,train
/content/gan_local/real_vs_fake/real-vs-fake/test/fake/PBKLYIIZ84.jpg,fake,gan,face,test
/content/general_ai_local/AiArtData/AiArtData/1btbVIzhV6dASEHy6bJmJHA.png,fake,general_ai,AiArtData,train
/content/gan_local/real_vs_fake/real-vs-fake/train/real/28837.jpg,real,gan,face,train
/content/intel_local/seg_train/seg_train/buildings/10210.jpg,real,intel,buildings,train
/content/diffusion_local/train/REAL/4907 (5).jpg,real,diffusion,cifar_object,train
/content/general_ai_local/AiArtData/AiArtData/ai-art-canva.jpg,fake,general_ai,AiArtData,train
/content/diffusion_local/test/FAKE/123 (4).jpg,fake,diffusion,cifar_object,test
/content/diffusion_local/train/REAL/1795 (5).jpg,real,diffusion,cifar_object,train
/content/gan_local/real_vs_fake/real-vs-fake/train/real/37945.jpg,real,gan,face,train
/content/diffusion_local/train/FAKE/3380.jpg,fake,diffusion,cifar_object,train
/content/diffusion_local/train/REAL/4700 (7).jpg,real,diffusion,cifar_object,train
/content/gan_local/real_vs_fake/real-vs-fake/train/real/33657.jpg,real,gan,face,train
/content/gan_local/real_vs_fake/real-vs-fake/train/fake/PMVZT5JKIV.jpg,fake,gan,face,train
/content/general_ai_local/RealArt/RealArt/images39.jpg,real,general_ai,RealArt,train
/content/diffusion_local/train/FAKE/4640.jpg,fake,diffusion,cifar_object,train
/content/intel_local/seg_train/seg_train/forest/19741.jpg,real,intel,forest,train
/content/general_ai_local/AiArtData/AiArtData/Charon-Sank-805x1024.png,fake,general_ai,AiArtData,train
/content/diffusion_local/train/FAKE/4328 (2).jpg,fake,diffusion,cifar_object,train
/content/intel_local/seg_train/seg_train/glacier/13631.jpg,real,intel,glacier,train
/content/intel_local/seg_train/seg_train/mountain/574.jpg,real,intel,mountain,train
/content/gan_local/real_vs_fake/real-vs-fake/train/fake/XJFG92HLLE.jpg,fake,gan,face,train
/content/diffusion_local/train/REAL/1045 (2).jpg,real,diffusion,cifar_object,train
/content/intel_local/seg_train/seg_train/sea/17645.jpg,real,intel,sea,train
/content/diffusion_local/train/FAKE/5440 (3).jpg,fake,diffusion,cifar_object,train
/content/general_ai_local/AiArtData/AiArtData/file-20220421-24-mcdm2i.jpg,fake,general_ai,AiArtData,train
/content/intel_local/seg_train/seg_train/forest/7696.jpg,real,intel,forest,train
/content/intel_local/seg_train/seg_train/forest/8857.jpg,real,intel,forest,train
/content/diffusion_local/train/FAKE/3147 (7).jpg,fake,diffusion,cifar_object,train
/content/gan_local/real_vs_fake/real-vs-fake/train/fake/3VGZRPMP97.jpg,fake,gan,face,train
/content/gan_local/real_vs_fake/real-vs-fake/train/fake/U6ML28J6EV.jpg,fake,gan,face,train
/content/intel_local/seg_train/seg_train/street/17413.jpg,real,intel,street,train
/content/general_ai_local/AiArtData/AiArtData/i7fdm8o8_ai-pics_625x300_10_March_23.jpg,fake,general_ai,AiArtData,train
/content/intel_local/seg_train/seg_train/forest/14863.jpg,real,intel,forest,train
/content/diffusion_local/train/FAKE/5456 (9).jpg,fake,diffusion,cifar_object,train
/content/intel_local/seg_train/seg_train/buildings/5805.jpg,real,intel,buildings,train
/content/gan_local/real_vs_fake/real-vs-fake/valid/real/24427.jpg,real,gan,face,valid
/content/general_ai_local/AiArtData/AiArtData/Midjourney-guide-explained-how-to-use-370x490.jpg,fake,general_ai,AiArtData,train
/content/diffusion_local/train/FAKE/4344 (6).jpg,fake,diffusion,cifar_object,train
/content/gan_local/real_vs_fake/real-vs-fake/test/fake/OH9DU1FLEB.jpg,fake,gan,face,test
/content/general_ai_local/RealArt/RealArt/final_animals-homeschooling_credit-alamy.jpg,real,general_ai,RealArt,train
/content/gan_local/real_vs_fake/real-vs-fake/train/fake/V1G20X1UT3.jpg,fake,gan,face,train
/content/gan_local/real_vs_fake/real-vs-fake/test/real/33980.jpg,real,gan,face,test
/content/general_ai_local/AiArtData/AiArtData/fb_image_63f375d3885d6.png,fake,general_ai,AiArtData,train
/content/diffusion_local/train/REAL/1405 (6).jpg,real,diffusion,cifar_object,train
/content/general_ai_local/RealArt/RealArt/subordinate-meerkat-pack.jpg,real,general_ai,RealArt,train
/content/gan_local/real_vs_fake/real-vs-fake/train/real/21385.jpg,real,gan,face,train
/content/intel_local/seg_test/seg_test/buildings/23097.jpg,real,intel,buildings,test
/content/intel_local/seg_train/seg_train/street/13750.jpg,real,intel,street,train
/content/intel_local/seg_train/seg_train/street/19179.jpg,real,intel,street,train
/content/gan_local/real_vs_fake/real-vs-fake/test/fake/YVE7T0GET4.jpg,fake,gan,face,test
/content/gan_local/real_vs_fake/real-vs-fake/train/real/66285.jpg,real,gan,face,train
/content/diffusion_local/train/REAL/1616 (3).jpg,real,diffusion,cifar_object,train
/content/gan_local/real_vs_fake/real-vs-fake/test/fake/473IO72Z14.jpg,fake,gan,face,test
/content/intel_local/seg_train/seg_train/mountain/19468.jpg,real,intel,mountain,train
/content/gan_local/real_vs_fake/real-vs-fake/train/fake/99JE76EQAD.jpg,fake,gan,face,train
/content/gan_local/real_vs_fake/real-vs-fake/train/real/67942.jpg,real,gan,face,train
/content/gan_local/real_vs_fake/real-vs-fake/test/real/21149.jpg,real,gan,face,test
/content/gan_local/real_vs_fake/real-vs-fake/test/fake/SFWSX2DSTF.jpg,fake,gan,face,test
/content/gan_local/real_vs_fake/real-vs-fake/valid/real/66967.jpg,real,gan,face,valid
/content/intel_local/seg_train/seg_train/sea/9908.jpg,real,intel,sea,train
/content/diffusion_local/train/FAKE/3642 (7).jpg,fake,diffusion,cifar_object,train
/content/diffusion_local/train/FAKE/1632 (5).jpg,fake,diffusion,cifar_object,train
/content/diffusion_local/train/REAL/2999 (6).jpg,real,diffusion,cifar_object,train
/content/general_ai_local/AiArtData/AiArtData/0nglsAEPlxapCcJZA.jpeg,fake,general_ai,AiArtData,train
/content/gan_local/real_vs_fake/real-vs-fake/test/fake/7FOLNUQBUJ.jpg,fake,gan,face,test
/content/intel_local/seg_train/seg_train/glacier/3165.jpg,real,intel,glacier,train
/content/intel_local/seg_train/seg_train/buildings/19722.jpg,real,intel,buildings,train
/content/gan_local/real_vs_fake/real-vs-fake/train/real/27113.jpg,real,gan,face,train
/content/general_ai_local/RealArt/RealArt/ai-generated-synthetic-scenery-landscape-watercolor-painting-riverside-scenery-at-sunset-photo.jpg,real,general_ai,RealArt,train
/content/diffusion_local/train/REAL/2801.jpg,real,diffusion,cifar_object,train
/content/gan_local/real_vs_fake/real-vs-fake/train/real/40022.jpg,real,gan,face,train
/content/gan_local/real_vs_fake/real-vs-fake/train/real/67623.jpg,real,gan,face,train
/content/gan_local/real_vs_fake/real-vs-fake/train/fake/XY8LZP0SQU.jpg,fake,gan,face,train
/content/diffusion_local/train/FAKE/2727 (10).jpg,fake,diffusion,cifar_object,train
/content/gan_local/real_vs_fake/real-vs-fake/valid/fake/FJHWONK6L5.jpg,fake,gan,face,valid
/content/gan_local/real_vs_fake/real-vs-fake/test/fake/D8SB98P5RA.jpg,fake,gan,face,test
/content/gan_local/real_vs_fake/real-vs-fake/train/fake/HPRM805A47.jpg,fake,gan,face,train
/content/general_ai_local/AiArtData/AiArtData/landscape2__444ba8e2d22eb8d0b9c065c86d918022.jpeg,fake,general_ai,AiArtData,train
/content/gan_local/real_vs_fake/real-vs-fake/valid/fake/0U917OILST.jpg,fake,gan,face,valid
/content/gan_local/real_vs_fake/real-vs-fake/train/real/29780.jpg,real,gan,face,train
/content/general_ai_local/AiArtData/AiArtData/Psychedelic-AI-Dreaming-In-Cosmic-Horror-Style-41916264-1.png,fake,general_ai,AiArtData,train
/content/diffusion_local/train/FAKE/5910 (9).jpg,fake,diffusion,cifar_object,train
/content/gan_local/real_vs_fake/real-vs-fake/train/fake/5CQJWEJEB6.jpg,fake,gan,face,train
/content/gan_local/real_vs_fake/real-vs-fake/test/fake/2JD11QTOCE.jpg,fake,gan,face,test
/content/intel_local/seg_train/seg_train/buildings/8243.jpg,real,intel,buildings,train
/content/diffusion_local/train/REAL/2923 (4).jpg,real,diffusion,cifar_object,train
/content/intel_local/seg_test/seg_test/mountain/20443.jpg,real,intel,mountain,test
/content/gan_local/real_vs_fake/real-vs-fake/train/real/06697.jpg,real,gan,face,train
/content/intel_local/seg_train/seg_train/street/19829.jpg,real,intel,street,train
/content/gan_local/real_vs_fake/real-vs-fake/train/fake/J0UCUIKQNO.jpg,fake,gan,face,train
/content/diffusion_local/test/FAKE/465 (6).jpg,fake,diffusion,cifar_object,test
/content/gan_local/real_vs_fake/real-vs-fake/train/real/37442.jpg,real,gan,face,train
/content/general_ai_local/AiArtData/AiArtData/ai-generated-animal-crossbreeds-09.jpg,fake,general_ai,AiArtData,train
/content/intel_local/seg_train/seg_train/street/14296.jpg,real,intel,street,train
/content/diffusion_local/train/REAL/4462 (10).jpg,real,diffusion,cifar_object,train
/content/intel_local/seg_train/seg_train/mountain/18901.jpg,real,intel,mountain,train
/content/diffusion_local/train/FAKE/1263 (7).jpg,fake,diffusion,cifar_object,train
/content/diffusion_local/train/REAL/1688 (10).jpg,real,diffusion,cifar_object,train
/content/gan_local/real_vs_fake/real-vs-fake/train/real/62545.jpg,real,gan,face,train
/content/diffusion_local/train/REAL/2814 (7).jpg,real,diffusion,cifar_object,train
/content/gan_local/real_vs_fake/real-vs-fake/valid/fake/HCHHUF3HYH.jpg,fake,gan,face,valid
/content/gan_local/real_vs_fake/real-vs-fake/train/fake/Z8HUS9OO4G.jpg,fake,gan,face,train
/content/gan_local/real_vs_fake/real-vs-fake/train/fake/345ATQWD58.jpg,fake,gan,face,train
/content/gan_local/real_vs_fake/real-vs-fake/train/real/42683.jpg,real,gan,face,train
/content/gan_local/real_vs_fake/real-vs-fake/train/fake/L201PUMD0F.jpg,fake,gan,face,train
/content/intel_local/seg_train/seg_train/buildings/17969.jpg,real,intel,buildings,train
/content/general_ai_local/AiArtData/AiArtData/nGuYVYiPu3dnmigzNfdMLZ-1200-80.jpg,fake,general_ai,AiArtData,train
/content/diffusion_local/train/FAKE/1028 (8).jpg,fake,diffusion,cifar_object,train
/content/gan_local/real_vs_fake/real-vs-fake/test/real/31368.jpg,real,gan,face,test
/content/gan_local/real_vs_fake/real-vs-fake/train/fake/BFETE4ARQH.jpg,fake,gan,face,train
/content/intel_local/seg_train/seg_train/buildings/3822.jpg,real,intel,buildings,train
/content/diffusion_local/train/FAKE/3082 (7).jpg,fake,diffusion,cifar_object,train
/content/diffusion_local/train/FAKE/2190 (7).jpg,fake,diffusion,cifar_object,train
/content/gan_local/real_vs_fake/real-vs-fake/train/real/46037.jpg,real,gan,face,train
/content/intel_local/seg_train/seg_train/mountain/3460.jpg,real,intel,mountain,train
/content/intel_local/seg_train/seg_train/glacier/16827.jpg,real,intel,glacier,train
/content/intel_local/seg_train/seg_train/buildings/2602.jpg,real,intel,buildings,train
/content/gan_local/real_vs_fake/real-vs-fake/train/real/39258.jpg,real,gan,face,train
/content/gan_local/real_vs_fake/real-vs-fake/train/fake/FNT7WMKKL0.jpg,fake,gan,face,train
/content/diffusion_local/train/REAL/0731 (5).jpg,real,diffusion,cifar_object,train
/content/gan_local/real_vs_fake/real-vs-fake/test/fake/8RX1HZEXO7.jpg,fake,gan,face,test
/content/gan_local/real_vs_fake/real-vs-fake/test/fake/242H17WFOR.jpg,fake,gan,face,test
/content/intel_local/seg_train/seg_train/mountain/20026.jpg,real,intel,mountain,train
/content/intel_local/seg_train/seg_train/glacier/11966.jpg,real,intel,glacier,train
/content/intel_local/seg_train/seg_train/mountain/6709.jpg,real,intel,mountain,train
/content/gan_local/real_vs_fake/real-vs-fake/valid/fake/F3QCB6WHQE.jpg,fake,gan,face,valid
/content/gan_local/real_vs_fake/real-vs-fake/valid/real/32509.jpg,real,gan,face,valid
/content/gan_local/real_vs_fake/real-vs-fake/train/real/27308.jpg,real,gan,face,train
/content/diffusion_local/train/REAL/0308 (9).jpg,real,diffusion,cifar_object,train
/content/gan_local/real_vs_fake/real-vs-fake/train/real/60308.jpg,real,gan,face,train
/content/gan_local/real_vs_fake/real-vs-fake/valid/fake/89X7YFGQ54.jpg,fake,gan,face,valid
/content/diffusion_local/train/REAL/3721 (7).jpg,real,diffusion,cifar_object,train
/content/gan_local/real_vs_fake/real-vs-fake/train/fake/VYNKR37A0H.jpg,fake,gan,face,train
/content/diffusion_local/train/FAKE/3844 (4).jpg,fake,diffusion,cifar_object,train
/content/diffusion_local/train/FAKE/3309 (4).jpg,fake,diffusion,cifar_object,train
/content/gan_local/real_vs_fake/real-vs-fake/train/fake/7UWNCQJ5PT.jpg,fake,gan,face,train
/content/intel_local/seg_train/seg_train/glacier/1778.jpg,real,intel,glacier,train
/content/gan_local/real_vs_fake/real-vs-fake/train/fake/NJLOI5Z8QZ.jpg,fake,gan,face,train
/content/diffusion_local/train/FAKE/3197 (9).jpg,fake,diffusion,cifar_object,train
/content/general_ai_local/RealArt/RealArt/homepage-hero-low.jpg,real,general_ai,RealArt,train
/content/diffusion_local/train/FAKE/4736 (3).jpg,fake,diffusion,cifar_object,train
/content/intel_local/seg_train/seg_train/street/10408.jpg,real,intel,street,train
/content/general_ai_local/AiArtData/AiArtData/f5c07759919df7b72cb9755b12.jpg,fake,general_ai,AiArtData,train
/content/gan_local/real_vs_fake/real-vs-fake/test/fake/LBE0H72NAZ.jpg,fake,gan,face,test
/content/diffusion_local/train/FAKE/3468 (5).jpg,fake,diffusion,cifar_object,train
/content/diffusion_local/train/FAKE/1750 (4).jpg,fake,diffusion,cifar_object,train
/content/gan_local/real_vs_fake/real-vs-fake/train/fake/BDFWRYE42Y.jpg,fake,gan,face,train
/content/diffusion_local/train/FAKE/1516 (10).jpg,fake,diffusion,cifar_object,train
/content/gan_local/real_vs_fake/real-vs-fake/train/fake/4JGTCSM9AT.jpg,fake,gan,face,train
/content/intel_local/seg_train/seg_train/street/9891.jpg,real,intel,street,train
/content/intel_local/seg_test/seg_test/glacier/23753.jpg,real,intel,glacier,test
/content/gan_local/real_vs_fake/real-vs-fake/train/fake/9W2O1LI8O2.jpg,fake,gan,face,train
/content/diffusion_local/train/FAKE/1759 (8).jpg,fake,diffusion,cifar_object,train
/content/gan_local/real_vs_fake/real-vs-fake/train/real/49230.jpg,real,gan,face,train
/content/diffusion_local/train/FAKE/1376 (4).jpg,fake,diffusion,cifar_object,train
/content/diffusion_local/train/FAKE/5820.jpg,fake,diffusion,cifar_object,train
/content/general_ai_local/AiArtData/AiArtData/ai-generated-portrait-of-cat-businessman-animal-head-in-business-suit-photo.jpg,fake,general_ai,AiArtData,train
/content/diffusion_local/train/FAKE/4201 (10).jpg,fake,diffusion,cifar_object,train
/content/intel_local/seg_test/seg_test/glacier/24115.jpg,real,intel,glacier,test
/content/diffusion_local/train/FAKE/1688 (7).jpg,fake,diffusion,cifar_object,train
/content/diffusion_local/train/REAL/1312 (10).jpg,real,diffusion,cifar_object,train
/content/diffusion_local/train/FAKE/3478 (9).jpg,fake,diffusion,cifar_object,train
/content/diffusion_local/train/FAKE/1313 (5).jpg,fake,diffusion,cifar_object,train
/content/gan_local/real_vs_fake/real-vs-fake/test/real/62617.jpg,real,gan,face,test
/content/gan_local/real_vs_fake/real-vs-fake/train/real/25790.jpg,real,gan,face,train
/content/diffusion_local/train/REAL/0688 (10).jpg,real,diffusion,cifar_object,train
/content/gan_local/real_vs_fake/real-vs-fake/test/fake/AEUDXWLD3G.jpg,fake,gan,face,test
/content/diffusion_local/train/FAKE/5431 (8).jpg,fake,diffusion,cifar_object,train
/content/gan_local/real_vs_fake/real-vs-fake/train/fake/OE6E8QBMXS.jpg,fake,gan,face,train
/content/diffusion_local/train/FAKE/3660 (4).jpg,fake,diffusion,cifar_object,train
/content/diffusion_local/train/FAKE/1215 (8).jpg,fake,diffusion,cifar_object,train
/content/diffusion_local/train/REAL/2348 (2).jpg,real,diffusion,cifar_object,train
/content/diffusion_local/train/REAL/3622.jpg,real,diffusion,cifar_object,train
/content/intel_local/seg_train/seg_train/glacier/3818.jpg,real,intel,glacier,train
/content/intel_local/seg_train/seg_train/street/14874.jpg,real,intel,street,train
/content/intel_local/seg_train/seg_train/sea/2959.jpg,real,intel,sea,train
/content/diffusion_local/train/FAKE/5923 (10).jpg,fake,diffusion,cifar_object,train
/content/gan_local/real_vs_fake/real-vs-fake/valid/real/36810.jpg,real,gan,face,valid
/content/general_ai_local/AiArtData/AiArtData/23uQhgmcFTBQitCwze2wBYPCFjkCmfPzxWbygzom3YM8S8Wz5BKkMsE1NXtEq1DcZuWQS.png,fake,general_ai,AiArtData,train
/content/diffusion_local/train/REAL/3412 (8).jpg,real,diffusion,cifar_object,train
/content/intel_local/seg_train/seg_train/buildings/17073.jpg,real,intel,buildings,train
/content/general_ai_local/AiArtData/AiArtData/41b6d9592db18a15b1e32dfd50.jpg,fake,general_ai,AiArtData,train
/content/intel_local/seg_train/seg_train/forest/6824.jpg,real,intel,forest,train
/content/diffusion_local/train/FAKE/1952 (6).jpg,fake,diffusion,cifar_object,train
/content/intel_local/seg_train/seg_train/glacier/16583.jpg,real,intel,glacier,train
/content/gan_local/real_vs_fake/real-vs-fake/test/fake/VATIYMO5Q1.jpg,fake,gan,face,test
/content/gan_local/real_vs_fake/real-vs-fake/train/fake/GZP87RTA1J.jpg,fake,gan,face,train
/content/intel_local/seg_train/seg_train/buildings/15428.jpg,real,intel,buildings,train
/content/gan_local/real_vs_fake/real-vs-fake/train/real/14453.jpg,real,gan,face,train
/content/diffusion_local/train/REAL/0333 (7).jpg,real,diffusion,cifar_object,train
/content/diffusion_local/train/FAKE/4229 (5).jpg,fake,diffusion,cifar_object,train
/content/gan_local/real_vs_fake/real-vs-fake/train/real/17547.jpg,real,gan,face,train
/content/intel_local/seg_train/seg_train/buildings/6884.jpg,real,intel,buildings,train
/content/gan_local/real_vs_fake/real-vs-fake/train/fake/M2Q8LJBAVD.jpg,fake,gan,face,train
/content/diffusion_local/train/FAKE/4998.jpg,fake,diffusion,cifar_object,train
/content/diffusion_local/train/FAKE/4001 (8).jpg,fake,diffusion,cifar_object,train
/content/general_ai_local/RealArt/RealArt/arbiyashaikh9_66663-IMG_20230517_160453.jpg,real,general_ai,RealArt,train
/content/diffusion_local/train/FAKE/4988 (3).jpg,fake,diffusion,cifar_object,train
/content/gan_local/real_vs_fake/real-vs-fake/train/fake/NQOLP669XM.jpg,fake,gan,face,train
/content/gan_local/real_vs_fake/real-vs-fake/valid/fake/1W5IMF3LRJ.jpg,fake,gan,face,valid
/content/gan_local/real_vs_fake/real-vs-fake/train/fake/0J4L009DK6.jpg,fake,gan,face,train
/content/intel_local/seg_train/seg_train/sea/19081.jpg,real,intel,sea,train
/content/diffusion_local/train/REAL/4080 (3).jpg,real,diffusion,cifar_object,train
/content/intel_local/seg_train/seg_train/buildings/3067.jpg,real,intel,buildings,train
/content/intel_local/seg_train/seg_train/glacier/13706.jpg,real,intel,glacier,train
/content/intel_local/seg_test/seg_test/glacier/22294.jpg,real,intel,glacier,test
/content/intel_local/seg_train/seg_train/mountain/3748.jpg,real,intel,mountain,train
/content/gan_local/real_vs_fake/real-vs-fake/valid/real/21934.jpg,real,gan,face,valid
/content/gan_local/real_vs_fake/real-vs-fake/train/real/65139.jpg,real,gan,face,train
/content/gan_local/real_vs_fake/real-vs-fake/train/real/58895.jpg,real,gan,face,train
/content/gan_local/real_vs_fake/real-vs-fake/train/real/16183.jpg,real,gan,face,train
/content/gan_local/real_vs_fake/real-vs-fake/train/real/55908.jpg,real,gan,face,train
/content/diffusion_local/test/FAKE/791 (5).jpg,fake,diffusion,cifar_object,test
/content/general_ai_local/AiArtData/AiArtData/Kai-painting-2023.png,fake,general_ai,AiArtData,train
/content/intel_local/seg_train/seg_train/sea/18103.jpg,real,intel,sea,train
/content/gan_local/real_vs_fake/real-vs-fake/train/fake/J4HH984CGV.jpg,fake,gan,face,train
/content/diffusion_local/test/REAL/0564 (2).jpg,real,diffusion,cifar_object,test
/content/intel_local/seg_train/seg_train/glacier/3964.jpg,real,intel,glacier,train
/content/intel_local/seg_train/seg_train/glacier/3769.jpg,real,intel,glacier,train
/content/diffusion_local/train/FAKE/3787 (7).jpg,fake,diffusion,cifar_object,train
/content/general_ai_local/AiArtData/AiArtData/2K65J19-2.jpg,fake,general_ai,AiArtData,train
/content/intel_local/seg_train/seg_train/buildings/6187.jpg,real,intel,buildings,train
/content/gan_local/real_vs_fake/real-vs-fake/test/real/30985.jpg,real,gan,face,test
/content/gan_local/real_vs_fake/real-vs-fake/train/real/12682.jpg,real,gan,face,train
/content/gan_local/real_vs_fake/real-vs-fake/train/real/65994.jpg,real,gan,face,train
/content/diffusion_local/train/FAKE/5945 (6).jpg,fake,diffusion,cifar_object,train
/content/general_ai_local/AiArtData/AiArtData/ai-paintings-bali-van-gogh-512.jpg,fake,general_ai,AiArtData,train
/content/gan_local/real_vs_fake/real-vs-fake/train/fake/2937LKLD8Z.jpg,fake,gan,face,train
/content/general_ai_local/AiArtData/AiArtData/two-landscape-designs-of-yard-made-by-ai-landscape-generator.jpg,fake,general_ai,AiArtData,train
/content/diffusion_local/train/FAKE/5647.jpg,fake,diffusion,cifar_object,train
/content/gan_local/real_vs_fake/real-vs-fake/train/fake/698306M61C.jpg,fake,gan,face,train
/content/gan_local/real_vs_fake/real-vs-fake/train/fake/5DZRXJ245I.jpg,fake,gan,face,train
/content/intel_local/seg_train/seg_train/forest/521.jpg,real,intel,forest,train
/content/intel_local/seg_train/seg_train/street/19736.jpg,real,intel,street,train
/content/diffusion_local/test/FAKE/819 (2).jpg,fake,diffusion,cifar_object,test
/content/diffusion_local/train/FAKE/1802 (9).jpg,fake,diffusion,cifar_object,train
/content/intel_local/seg_train/seg_train/glacier/6929.jpg,real,intel,glacier,train
/content/diffusion_local/train/REAL/1244.jpg,real,diffusion,cifar_object,train
/content/diffusion_local/test/REAL/0878 (2).jpg,real,diffusion,cifar_object,test
/content/gan_local/real_vs_fake/real-vs-fake/train/fake/3A78YFNJEA.jpg,fake,gan,face,train
/content/gan_local/real_vs_fake/real-vs-fake/train/real/52215.jpg,real,gan,face,train
/content/diffusion_local/train/FAKE/1459.jpg,fake,diffusion,cifar_object,train
/content/diffusion_local/train/REAL/4598 (4).jpg,real,diffusion,cifar_object,train
/content/diffusion_local/test/FAKE/715 (2).jpg,fake,diffusion,cifar_object,test
/content/gan_local/real_vs_fake/real-vs-fake/train/real/57718.jpg,real,gan,face,train
/content/diffusion_local/train/REAL/1484 (6).jpg,real,diffusion,cifar_object,train
/content/diffusion_local/train/REAL/0727.jpg,real,diffusion,cifar_object,train
/content/gan_local/real_vs_fake/real-vs-fake/train/fake/WO45BBOC5L.jpg,fake,gan,face,train
/content/gan_local/real_vs_fake/real-vs-fake/test/real/48624.jpg,real,gan,face,test
/content/general_ai_local/RealArt/RealArt/wm_TreesOfAThousandLights_1920px.jpg,real,general_ai,RealArt,train
/content/gan_local/real_vs_fake/real-vs-fake/train/fake/15CAO1PELH.jpg,fake,gan,face,train
/content/intel_local/seg_train/seg_train/buildings/10842.jpg,real,intel,buildings,train
/content/gan_local/real_vs_fake/real-vs-fake/train/real/13993.jpg,real,gan,face,train
/content/intel_local/seg_train/seg_train/glacier/15364.jpg,real,intel,glacier,train
/content/gan_local/real_vs_fake/real-vs-fake/train/fake/6GDBCZW9FT.jpg,fake,gan,face,train
/content/gan_local/real_vs_fake/real-vs-fake/valid/fake/F6RARL2A55.jpg,fake,gan,face,valid
/content/intel_local/seg_train/seg_train/glacier/13242.jpg,real,intel,glacier,train
/content/diffusion_local/train/FAKE/3624 (6).jpg,fake,diffusion,cifar_object,train
/content/diffusion_local/train/REAL/0575 (4).jpg,real,diffusion,cifar_object,train
/content/intel_local/seg_train/seg_train/forest/4020.jpg,real,intel,forest,train
/content/diffusion_local/train/FAKE/4168.jpg,fake,diffusion,cifar_object,train
/content/intel_local/seg_train/seg_train/mountain/6032.jpg,real,intel,mountain,train
/content/intel_local/seg_train/seg_train/glacier/14547.jpg,real,intel,glacier,train
/content/gan_local/real_vs_fake/real-vs-fake/train/real/23257.jpg,real,gan,face,train
/content/gan_local/real_vs_fake/real-vs-fake/train/fake/C6474HB0YH.jpg,fake,gan,face,train
/content/gan_local/real_vs_fake/real-vs-fake/test/fake/4E26OXTJLG.jpg,fake,gan,face,test
/content/gan_local/real_vs_fake/real-vs-fake/train/fake/A0T2OL2D3S.jpg,fake,gan,face,train
/content/gan_local/real_vs_fake/real-vs-fake/train/fake/EK70AJTA6R.jpg,fake,gan,face,train
/content/gan_local/real_vs_fake/real-vs-fake/train/real/11711.jpg,real,gan,face,train
/content/diffusion_local/train/FAKE/3220 (4).jpg,fake,diffusion,cifar_object,train
/content/gan_local/real_vs_fake/real-vs-fake/train/fake/WB5TXBH9XU.jpg,fake,gan,face,train
/content/diffusion_local/test/FAKE/492 (9).jpg,fake,diffusion,cifar_object,test
/content/gan_local/real_vs_fake/real-vs-fake/train/fake/TVV5CQNT77.jpg,fake,gan,face,train
/content/gan_local/real_vs_fake/real-vs-fake/train/fake/VYKW1QQ7SB.jpg,fake,gan,face,train
/content/intel_local/seg_train/seg_train/street/11939.jpg,real,intel,street,train
/content/intel_local/seg_train/seg_train/buildings/1569.jpg,real,intel,buildings,train
/content/general_ai_local/RealArt/RealArt/10-tips-for-stunning-portrait-photography-9.jpg,real,general_ai,RealArt,train
/content/diffusion_local/train/REAL/3669 (6).jpg,real,diffusion,cifar_object,train
/content/gan_local/real_vs_fake/real-vs-fake/train/fake/1MSUS765N5.jpg,fake,gan,face,train
/content/intel_local/seg_test/seg_test/sea/24186.jpg,real,intel,sea,test
/content/intel_local/seg_test/seg_test/sea/21924.jpg,real,intel,sea,test
/content/intel_local/seg_test/seg_test/mountain/24284.jpg,real,intel,mountain,test
/content/intel_local/seg_train/seg_train/forest/474.jpg,real,intel,forest,train
/content/diffusion_local/test/FAKE/727 (8).jpg,fake,diffusion,cifar_object,test
/content/diffusion_local/train/REAL/1372 (9).jpg,real,diffusion,cifar_object,train
/content/gan_local/real_vs_fake/real-vs-fake/train/real/43456.jpg,real,gan,face,train
/content/general_ai_local/AiArtData/AiArtData/midjourney_young_woman_61b02a5d-6935-44aa-842c-8f5e84f4c702-1024x1024.png,fake,general_ai,AiArtData,train
/content/gan_local/real_vs_fake/real-vs-fake/train/fake/U22O3LH5D0.jpg,fake,gan,face,train
/content/gan_local/real_vs_fake/real-vs-fake/train/fake/MQEVFWU27D.jpg,fake,gan,face,train
/content/intel_local/seg_train/seg_train/sea/13858.jpg,real,intel,sea,train
/content/diffusion_local/train/REAL/3368 (8).jpg,real,diffusion,cifar_object,train
/content/gan_local/real_vs_fake/real-vs-fake/train/fake/OZZ7X9BTDP.jpg,fake,gan,face,train
/content/gan_local/real_vs_fake/real-vs-fake/train/fake/SA4YCP5M6N.jpg,fake,gan,face,train
/content/gan_local/real_vs_fake/real-vs-fake/valid/fake/OEL013HFL3.jpg,fake,gan,face,valid
/content/gan_local/real_vs_fake/real-vs-fake/train/real/55352.jpg,real,gan,face,train
/content/diffusion_local/train/FAKE/4392 (8).jpg,fake,diffusion,cifar_object,train
/content/diffusion_local/test/FAKE/901.jpg,fake,diffusion,cifar_object,test
/content/general_ai_local/AiArtData/AiArtData/pqhV2Tq8YPmQQZ2iHK40.jpg,fake,general_ai,AiArtData,train
/content/intel_local/seg_train/seg_train/glacier/10592.jpg,real,intel,glacier,train
/content/gan_local/real_vs_fake/real-vs-fake/train/real/11132.jpg,real,gan,face,train
/content/gan_local/real_vs_fake/real-vs-fake/train/real/04320.jpg,real,gan,face,train
/content/general_ai_local/AiArtData/AiArtData/ai-cartoon-portraits-01.jpg,fake,general_ai,AiArtData,train
/content/diffusion_local/train/FAKE/5586 (3).jpg,fake,diffusion,cifar_object,train
/content/diffusion_local/test/FAKE/813 (8).jpg,fake,diffusion,cifar_object,test
/content/gan_local/real_vs_fake/real-vs-fake/train/fake/7W6QC6B3I1.jpg,fake,gan,face,train
/content/diffusion_local/train/FAKE/2474 (9).jpg,fake,diffusion,cifar_object,train
/content/diffusion_local/test/FAKE/914 (10).jpg,fake,diffusion,cifar_object,test
/content/gan_local/real_vs_fake/real-vs-fake/valid/real/69576.jpg,real,gan,face,valid
/content/diffusion_local/train/REAL/1021 (3).jpg,real,diffusion,cifar_object,train
/content/intel_local/seg_train/seg_train/forest/10668.jpg,real,intel,forest,train
/content/gan_local/real_vs_fake/real-vs-fake/train/fake/5HOCM0E7FB.jpg,fake,gan,face,train
/content/gan_local/real_vs_fake/real-vs-fake/test/real/13839.jpg,real,gan,face,test
/content/gan_local/real_vs_fake/real-vs-fake/train/real/08097.jpg,real,gan,face,train
/content/gan_local/real_vs_fake/real-vs-fake/train/fake/HDEFNZUSPZ.jpg,fake,gan,face,train
/content/gan_local/real_vs_fake/real-vs-fake/train/real/03674.jpg,real,gan,face,train
/content/gan_local/real_vs_fake/real-vs-fake/valid/real/58219.jpg,real,gan,face,valid
/content/gan_local/real_vs_fake/real-vs-fake/train/real/24021.jpg,real,gan,face,train
/content/diffusion_local/train/REAL/1876 (9).jpg,real,diffusion,cifar_object,train
/content/gan_local/real_vs_fake/real-vs-fake/train/real/32952.jpg,real,gan,face,train
/content/gan_local/real_vs_fake/real-vs-fake/train/fake/UDSWFDBO4U.jpg,fake,gan,face,train
/content/diffusion_local/train/REAL/4125 (10).jpg,real,diffusion,cifar_object,train
/content/gan_local/real_vs_fake/real-vs-fake/train/real/29064.jpg,real,gan,face,train
/content/gan_local/real_vs_fake/real-vs-fake/train/fake/U8F7S5XON4.jpg,fake,gan,face,train
/content/gan_local/real_vs_fake/real-vs-fake/train/real/56634.jpg,real,gan,face,train
/content/gan_local/real_vs_fake/real-vs-fake/train/real/48400.jpg,real,gan,face,train
/content/gan_local/real_vs_fake/real-vs-fake/train/fake/8TWTGGI11X.jpg,fake,gan,face,train
/content/intel_local/seg_train/seg_train/sea/16785.jpg,real,intel,sea,train
/content/gan_local/real_vs_fake/real-vs-fake/train/fake/5Y0KXOEQU8.jpg,fake,gan,face,train
/content/intel_local/seg_train/seg_train/glacier/13228.jpg,real,intel,glacier,train
/content/diffusion_local/train/REAL/0746 (6).jpg,real,diffusion,cifar_object,train
/content/gan_local/real_vs_fake/real-vs-fake/train/real/02626.jpg,real,gan,face,train
/content/gan_local/real_vs_fake/real-vs-fake/train/real/15541.jpg,real,gan,face,train
/content/diffusion_local/train/FAKE/5329 (6).jpg,fake,diffusion,cifar_object,train
/content/diffusion_local/test/FAKE/642 (10).jpg,fake,diffusion,cifar_object,test
/content/intel_local/seg_test/seg_test/buildings/20394.jpg,real,intel,buildings,test
/content/gan_local/real_vs_fake/real-vs-fake/test/fake/1SI2YXSW8P.jpg,fake,gan,face,test
/content/diffusion_local/train/FAKE/1158 (4).jpg,fake,diffusion,cifar_object,train
/content/diffusion_local/train/FAKE/3487 (8).jpg,fake,diffusion,cifar_object,train
/content/diffusion_local/train/FAKE/5783 (8).jpg,fake,diffusion,cifar_object,train
/content/general_ai_local/RealArt/RealArt/evelyn-bradley.jpg,real,general_ai,RealArt,train
/content/diffusion_local/train/REAL/1350 (10).jpg,real,diffusion,cifar_object,train
/content/gan_local/real_vs_fake/real-vs-fake/train/real/35655.jpg,real,gan,face,train
/content/gan_local/real_vs_fake/real-vs-fake/train/fake/POSWQM7J1C.jpg,fake,gan,face,train
/content/gan_local/real_vs_fake/real-vs-fake/train/real/67315.jpg,real,gan,face,train
/content/gan_local/real_vs_fake/real-vs-fake/train/fake/14MKOH96DH.jpg,fake,gan,face,train
/content/gan_local/real_vs_fake/real-vs-fake/test/real/17952.jpg,real,gan,face,test
/content/diffusion_local/train/REAL/4499.jpg,real,diffusion,cifar_object,train
/content/gan_local/real_vs_fake/real-vs-fake/train/real/45915.jpg,real,gan,face,train
/content/gan_local/real_vs_fake/real-vs-fake/train/fake/1FUKM2RWY6.jpg,fake,gan,face,train
/content/gan_local/real_vs_fake/real-vs-fake/train/real/18391.jpg,real,gan,face,train
/content/diffusion_local/train/FAKE/3383 (10).jpg,fake,diffusion,cifar_object,train
/content/general_ai_local/AiArtData/AiArtData/fdfs2-800x533.jpg,fake,general_ai,AiArtData,train
/content/diffusion_local/train/REAL/4470 (3).jpg,real,diffusion,cifar_object,train
/content/gan_local/real_vs_fake/real-vs-fake/valid/real/01004.jpg,real,gan,face,valid
/content/gan_local/real_vs_fake/real-vs-fake/train/real/42460.jpg,real,gan,face,train
/content/diffusion_local/train/FAKE/2681 (10).jpg,fake,diffusion,cifar_object,train
/content/gan_local/real_vs_fake/real-vs-fake/valid/real/52726.jpg,real,gan,face,valid
/content/gan_local/real_vs_fake/real-vs-fake/train/fake/MG2LH0JAA6.jpg,fake,gan,face,train
/content/gan_local/real_vs_fake/real-vs-fake/valid/real/63991.jpg,real,gan,face,valid
/content/intel_local/seg_test/seg_test/street/22708.jpg,real,intel,street,test
/content/diffusion_local/train/FAKE/1165 (4).jpg,fake,diffusion,cifar_object,train
/content/intel_local/seg_train/seg_train/glacier/13775.jpg,real,intel,glacier,train
/content/diffusion_local/train/FAKE/5877 (10).jpg,fake,diffusion,cifar_object,train
/content/intel_local/seg_train/seg_train/street/7596.jpg,real,intel,street,train
/content/intel_local/seg_test/seg_test/forest/20311.jpg,real,intel,forest,test
/content/diffusion_local/train/REAL/1113 (9).jpg,real,diffusion,cifar_object,train
/content/intel_local/seg_train/seg_train/street/1120.jpg,real,intel,street,train
/content/diffusion_local/train/REAL/1773 (7).jpg,real,diffusion,cifar_object,train
/content/general_ai_local/RealArt/RealArt/0182.png,real,general_ai,RealArt,train
/content/diffusion_local/train/REAL/4024 (10).jpg,real,diffusion,cifar_object,train
/content/gan_local/real_vs_fake/real-vs-fake/train/fake/VCTZE539GK.jpg,fake,gan,face,train
/content/intel_local/seg_train/seg_train/forest/15763.jpg,real,intel,forest,train
/content/intel_local/seg_train/seg_train/forest/4421.jpg,real,intel,forest,train
/content/diffusion_local/train/FAKE/4130 (4).jpg,fake,diffusion,cifar_object,train
/content/gan_local/real_vs_fake/real-vs-fake/train/fake/9RXBH0U4YJ.jpg,fake,gan,face,train
/content/general_ai_local/AiArtData/AiArtData/images12.jpg,fake,general_ai,AiArtData,train
/content/gan_local/real_vs_fake/real-vs-fake/valid/fake/7VWJG34NAF.jpg,fake,gan,face,valid
/content/general_ai_local/AiArtData/AiArtData/oe33n1zk7l2a1.png,fake,general_ai,AiArtData,train
/content/gan_local/real_vs_fake/real-vs-fake/valid/fake/K6A2Y2LR4P.jpg,fake,gan,face,valid
/content/gan_local/real_vs_fake/real-vs-fake/test/real/63176.jpg,real,gan,face,test
/content/gan_local/real_vs_fake/real-vs-fake/train/fake/RNYSJ4T3ZG.jpg,fake,gan,face,train
/content/intel_local/seg_train/seg_train/glacier/8259.jpg,real,intel,glacier,train
/content/diffusion_local/test/FAKE/245 (7).jpg,fake,diffusion,cifar_object,test
/content/intel_local/seg_train/seg_train/mountain/16173.jpg,real,intel,mountain,train
/content/gan_local/real_vs_fake/real-vs-fake/train/real/22613.jpg,real,gan,face,train
/content/gan_local/real_vs_fake/real-vs-fake/train/fake/7BHNM4XGCD.jpg,fake,gan,face,train
/content/intel_local/seg_train/seg_train/forest/8448.jpg,real,intel,forest,train
/content/diffusion_local/train/REAL/4644 (8).jpg,real,diffusion,cifar_object,train
/content/gan_local/real_vs_fake/real-vs-fake/train/fake/7M74DRSMJ3.jpg,fake,gan,face,train
/content/general_ai_local/AiArtData/AiArtData/how-do-you-make-the-ai-pictures-people-are-posting-on-instagram-1670327982.jpg,fake,general_ai,AiArtData,train
/content/intel_local/seg_train/seg_train/glacier/16876.jpg,real,intel,glacier,train
/content/general_ai_local/AiArtData/AiArtData/1000_F_551420122_DMVybsWtGw1kS6ogwlk66jcm78PmUIgn.jpg,fake,general_ai,AiArtData,train
/content/diffusion_local/test/FAKE/370.jpg,fake,diffusion,cifar_object,test
/content/diffusion_local/train/REAL/4767 (9).jpg,real,diffusion,cifar_object,train
/content/intel_local/seg_train/seg_train/sea/8053.jpg,real,intel,sea,train
/content/diffusion_local/train/FAKE/1952 (8).jpg,fake,diffusion,cifar_object,train
/content/gan_local/real_vs_fake/real-vs-fake/train/real/02641.jpg,real,gan,face,train
/content/gan_local/real_vs_fake/real-vs-fake/test/real/33607.jpg,real,gan,face,test
/content/diffusion_local/test/FAKE/441 (6).jpg,fake,diffusion,cifar_object,test
/content/gan_local/real_vs_fake/real-vs-fake/train/fake/E2JVBUTRG3.jpg,fake,gan,face,train
/content/gan_local/real_vs_fake/real-vs-fake/valid/fake/SR1J4H49B6.jpg,fake,gan,face,valid
/content/gan_local/real_vs_fake/real-vs-fake/test/real/44743.jpg,real,gan,face,test
/content/intel_local/seg_train/seg_train/buildings/16750.jpg,real,intel,buildings,train
/content/gan_local/real_vs_fake/real-vs-fake/train/fake/QHA25LBAKK.jpg,fake,gan,face,train
/content/diffusion_local/train/FAKE/4915 (5).jpg,fake,diffusion,cifar_object,train
/content/diffusion_local/test/FAKE/315 (8).jpg,fake,diffusion,cifar_object,test
/content/gan_local/real_vs_fake/real-vs-fake/valid/real/27834.jpg,real,gan,face,valid
/content/intel_local/seg_test/seg_test/buildings/22357.jpg,real,intel,buildings,test
/content/diffusion_local/train/REAL/2195 (7).jpg,real,diffusion,cifar_object,train
/content/gan_local/real_vs_fake/real-vs-fake/train/real/11183.jpg,real,gan,face,train
/content/gan_local/real_vs_fake/real-vs-fake/train/fake/RCTV3MH1AB.jpg,fake,gan,face,train
/content/diffusion_local/train/FAKE/2003 (7).jpg,fake,diffusion,cifar_object,train
/content/diffusion_local/train/FAKE/3749 (7).jpg,fake,diffusion,cifar_object,train
/content/gan_local/real_vs_fake/real-vs-fake/train/real/04234.jpg,real,gan,face,train
/content/gan_local/real_vs_fake/real-vs-fake/train/real/14565.jpg,real,gan,face,train
/content/intel_local/seg_train/seg_train/forest/18337.jpg,real,intel,forest,train
/content/gan_local/real_vs_fake/real-vs-fake/train/fake/THLO93DZ2L.jpg,fake,gan,face,train
/content/diffusion_local/test/REAL/0801 (4).jpg,real,diffusion,cifar_object,test
/content/diffusion_local/train/FAKE/1437 (2).jpg,fake,diffusion,cifar_object,train
/content/diffusion_local/train/FAKE/4857 (4).jpg,fake,diffusion,cifar_object,train
/content/intel_local/seg_train/seg_train/glacier/7492.jpg,real,intel,glacier,train
/content/gan_local/real_vs_fake/real-vs-fake/test/fake/NRZUT33BLG.jpg,fake,gan,face,test
/content/intel_local/seg_train/seg_train/street/10867.jpg,real,intel,street,train
/content/gan_local/real_vs_fake/real-vs-fake/train/fake/T38PMLA70D.jpg,fake,gan,face,train
/content/diffusion_local/train/REAL/1152 (3).jpg,real,diffusion,cifar_object,train
/content/diffusion_local/train/FAKE/3343.jpg,fake,diffusion,cifar_object,train
/content/gan_local/real_vs_fake/real-vs-fake/train/real/54228.jpg,real,gan,face,train
/content/general_ai_local/AiArtData/AiArtData/young-woman-eye-reflects-colorful-summer-nature-generated-by-ai_188544-18407.jpg,fake,general_ai,AiArtData,train
/content/gan_local/real_vs_fake/real-vs-fake/valid/fake/3WFPD1WUCJ.jpg,fake,gan,face,valid
/content/diffusion_local/train/FAKE/1179 (5).jpg,fake,diffusion,cifar_object,train
/content/diffusion_local/train/FAKE/4301 (6).jpg,fake,diffusion,cifar_object,train
/content/general_ai_local/AiArtData/AiArtData/-using-generative-ai-technology-landscape-pattern-abstract-concept-269270897.jpg,fake,general_ai,AiArtData,train
/content/gan_local/real_vs_fake/real-vs-fake/train/real/52626.jpg,real,gan,face,train
/content/intel_local/seg_train/seg_train/forest/2127.jpg,real,intel,forest,train
/content/diffusion_local/test/REAL/0599 (8).jpg,real,diffusion,cifar_object,test
/content/diffusion_local/train/REAL/3320 (2).jpg,real,diffusion,cifar_object,train
/content/diffusion_local/train/FAKE/5370 (7).jpg,fake,diffusion,cifar_object,train
/content/diffusion_local/train/FAKE/1051 (2).jpg,fake,diffusion,cifar_object,train
/content/gan_local/real_vs_fake/real-vs-fake/train/fake/T3A2ZHPV1G.jpg,fake,gan,face,train
/content/gan_local/real_vs_fake/real-vs-fake/train/fake/LSHSD1M91L.jpg,fake,gan,face,train
/content/diffusion_local/train/REAL/0483 (10).jpg,real,diffusion,cifar_object,train
/content/gan_local/real_vs_fake/real-vs-fake/train/fake/YKXEM5K8EH.jpg,fake,gan,face,train
/content/gan_local/real_vs_fake/real-vs-fake/valid/real/59648.jpg,real,gan,face,valid
/content/diffusion_local/test/REAL/0696 (6).jpg,real,diffusion,cifar_object,test
/content/general_ai_local/RealArt/RealArt/0ogZjy9KvWg2elv-I.jpg,real,general_ai,RealArt,train
/content/intel_local/seg_test/seg_test/buildings/24063.jpg,real,intel,buildings,test
/content/diffusion_local/train/FAKE/5184 (10).jpg,fake,diffusion,cifar_object,train
/content/gan_local/real_vs_fake/real-vs-fake/test/fake/JAKDJ7JHWO.jpg,fake,gan,face,test
/content/gan_local/real_vs_fake/real-vs-fake/train/fake/OV92FVPK56.jpg,fake,gan,face,train
/content/gan_local/real_vs_fake/real-vs-fake/train/real/13562.jpg,real,gan,face,train
/content/intel_local/seg_test/seg_test/buildings/21229.jpg,real,intel,buildings,test
/content/general_ai_local/AiArtData/AiArtData/BX9vGbWoqCKEVwkfGHvu.jpg,fake,general_ai,AiArtData,train
/content/gan_local/real_vs_fake/real-vs-fake/test/fake/HEWIH4BQNH.jpg,fake,gan,face,test
/content/gan_local/real_vs_fake/real-vs-fake/train/fake/NSNFMSJWKO.jpg,fake,gan,face,train
/content/diffusion_local/test/REAL/0792 (9).jpg,real,diffusion,cifar_object,test
/content/intel_local/seg_train/seg_train/mountain/3401.jpg,real,intel,mountain,train
/content/intel_local/seg_train/seg_train/sea/13506.jpg,real,intel,sea,train
/content/intel_local/seg_train/seg_train/glacier/13766.jpg,real,intel,glacier,train
/content/general_ai_local/AiArtData/AiArtData/Deepfake-AI-generated-2023.jpg,fake,general_ai,AiArtData,train
/content/diffusion_local/train/FAKE/1463 (4).jpg,fake,diffusion,cifar_object,train
/content/intel_local/seg_train/seg_train/buildings/2041.jpg,real,intel,buildings,train
/content/diffusion_local/train/FAKE/1292 (8).jpg,fake,diffusion,cifar_object,train
/content/diffusion_local/test/FAKE/544 (7).jpg,fake,diffusion,cifar_object,test
/content/diffusion_local/train/FAKE/1391 (3).jpg,fake,diffusion,cifar_object,train
/content/diffusion_local/test/REAL/0797 (2).jpg,real,diffusion,cifar_object,test
/content/gan_local/real_vs_fake/real-vs-fake/train/real/41012.jpg,real,gan,face,train
/content/diffusion_local/train/FAKE/5814 (5).jpg,fake,diffusion,cifar_object,train
/content/gan_local/real_vs_fake/real-vs-fake/test/real/34083.jpg,real,gan,face,test
/content/gan_local/real_vs_fake/real-vs-fake/valid/fake/CS5MT53IZQ.jpg,fake,gan,face,valid
/content/gan_local/real_vs_fake/real-vs-fake/test/real/15962.jpg,real,gan,face,test
/content/diffusion_local/train/FAKE/5187 (2).jpg,fake,diffusion,cifar_object,train
/content/intel_local/seg_train/seg_train/street/1866.jpg,real,intel,street,train
/content/gan_local/real_vs_fake/real-vs-fake/test/real/22688.jpg,real,gan,face,test
/content/gan_local/real_vs_fake/real-vs-fake/valid/fake/7LF7QFNCH7.jpg,fake,gan,face,valid
/content/gan_local/real_vs_fake/real-vs-fake/valid/fake/ZPI7N5XU4Z.jpg,fake,gan,face,valid
/content/gan_local/real_vs_fake/real-vs-fake/train/real/48013.jpg,real,gan,face,train
/content/gan_local/real_vs_fake/real-vs-fake/test/fake/JL94DHWQDB.jpg,fake,gan,face,test
/content/gan_local/real_vs_fake/real-vs-fake/train/fake/6SY6H22HGJ.jpg,fake,gan,face,train
/content/intel_local/seg_train/seg_train/sea/11505.jpg,real,intel,sea,train
/content/intel_local/seg_test/seg_test/street/20090.jpg,real,intel,street,test
/content/intel_local/seg_train/seg_train/glacier/3518.jpg,real,intel,glacier,train
/content/intel_local/seg_train/seg_train/sea/15443.jpg,real,intel,sea,train
/content/intel_local/seg_train/seg_train/street/11604.jpg,real,intel,street,train
/content/gan_local/real_vs_fake/real-vs-fake/train/real/40460.jpg,real,gan,face,train
/content/diffusion_local/train/REAL/2145 (5).jpg,real,diffusion,cifar_object,train
/content/diffusion_local/train/FAKE/1131 (2).jpg,fake,diffusion,cifar_object,train
/content/general_ai_local/RealArt/RealArt/GettyImages-141467674-crop.jpg,real,general_ai,RealArt,train
/content/intel_local/seg_train/seg_train/sea/11237.jpg,real,intel,sea,train
/content/general_ai_local/AiArtData/AiArtData/Portrait-of-The-Rift-created-by-Midjourney.png,fake,general_ai,AiArtData,train
/content/diffusion_local/train/FAKE/3746 (10).jpg,fake,diffusion,cifar_object,train
/content/diffusion_local/train/FAKE/4537 (6).jpg,fake,diffusion,cifar_object,train
/content/general_ai_local/AiArtData/AiArtData/ai-generated-7768378_1280.jpg,fake,general_ai,AiArtData,train
/content/gan_local/real_vs_fake/real-vs-fake/train/real/54191.jpg,real,gan,face,train
/content/gan_local/real_vs_fake/real-vs-fake/train/fake/J4ZA6S3MLI.jpg,fake,gan,face,train
/content/gan_local/real_vs_fake/real-vs-fake/valid/fake/2I9JIXLORV.jpg,fake,gan,face,valid
/content/diffusion_local/train/FAKE/5603 (4).jpg,fake,diffusion,cifar_object,train
/content/intel_local/seg_test/seg_test/street/20487.jpg,real,intel,street,test
/content/diffusion_local/train/FAKE/3171 (2).jpg,fake,diffusion,cifar_object,train
/content/intel_local/seg_train/seg_train/buildings/17718.jpg,real,intel,buildings,train
/content/gan_local/real_vs_fake/real-vs-fake/train/fake/FB0FVBDJGM.jpg,fake,gan,face,train
/content/gan_local/real_vs_fake/real-vs-fake/train/fake/2HQG8T7YC8.jpg,fake,gan,face,train
/content/general_ai_local/RealArt/RealArt/Monroe_Exotic_Animals_Texas4.jpg,real,general_ai,RealArt,train
/content/intel_local/seg_train/seg_train/street/14125.jpg,real,intel,street,train
/content/diffusion_local/test/REAL/0473.jpg,real,diffusion,cifar_object,test
/content/intel_local/seg_train/seg_train/forest/11389.jpg,real,intel,forest,train
/content/intel_local/seg_train/seg_train/forest/4308.jpg,real,intel,forest,train
/content/intel_local/seg_train/seg_train/sea/16647.jpg,real,intel,sea,train
/content/diffusion_local/train/FAKE/4247 (10).jpg,fake,diffusion,cifar_object,train
/content/diffusion_local/test/FAKE/566 (9).jpg,fake,diffusion,cifar_object,test
/content/gan_local/real_vs_fake/real-vs-fake/valid/fake/Q25AR8BW9J.jpg,fake,gan,face,valid
/content/diffusion_local/train/FAKE/5322 (6).jpg,fake,diffusion,cifar_object,train
/content/intel_local/seg_train/seg_train/buildings/14984.jpg,real,intel,buildings,train
/content/intel_local/seg_train/seg_train/sea/10428.jpg,real,intel,sea,train
/content/intel_local/seg_train/seg_train/mountain/675.jpg,real,intel,mountain,train
/content/general_ai_local/AiArtData/AiArtData/ugly-AI-1-1.jpg,fake,general_ai,AiArtData,train
/content/gan_local/real_vs_fake/real-vs-fake/train/real/06547.jpg,real,gan,face,train
/content/gan_local/real_vs_fake/real-vs-fake/train/real/53107.jpg,real,gan,face,train
/content/gan_local/real_vs_fake/real-vs-fake/train/real/17409.jpg,real,gan,face,train
/content/gan_local/real_vs_fake/real-vs-fake/train/fake/7JPGS6S0XW.jpg,fake,gan,face,train
/content/intel_local/seg_train/seg_train/street/1121.jpg,real,intel,street,train
/content/diffusion_local/train/REAL/3687 (5).jpg,real,diffusion,cifar_object,train
/content/gan_local/real_vs_fake/real-vs-fake/train/real/47486.jpg,real,gan,face,train
/content/gan_local/real_vs_fake/real-vs-fake/train/fake/ICK4V7RT5G.jpg,fake,gan,face,train
/content/intel_local/seg_train/seg_train/buildings/18258.jpg,real,intel,buildings,train
/content/intel_local/seg_train/seg_train/forest/9944.jpg,real,intel,forest,train
/content/intel_local/seg_train/seg_train/sea/16147.jpg,real,intel,sea,train
/content/intel_local/seg_train/seg_train/sea/124.jpg,real,intel,sea,train
/content/diffusion_local/train/FAKE/4471.jpg,fake,diffusion,cifar_object,train
/content/gan_local/real_vs_fake/real-vs-fake/train/real/53533.jpg,real,gan,face,train
/content/gan_local/real_vs_fake/real-vs-fake/valid/fake/7PTO2IACY8.jpg,fake,gan,face,valid
/content/diffusion_local/train/FAKE/3035 (7).jpg,fake,diffusion,cifar_object,train
/content/intel_local/seg_train/seg_train/forest/1530.jpg,real,intel,forest,train
/content/intel_local/seg_train/seg_train/mountain/827.jpg,real,intel,mountain,train
/content/diffusion_local/train/FAKE/1273 (10).jpg,fake,diffusion,cifar_object,train
/content/gan_local/real_vs_fake/real-vs-fake/train/fake/SRDTTV00H7.jpg,fake,gan,face,train
/content/gan_local/real_vs_fake/real-vs-fake/train/real/57402.jpg,real,gan,face,train
/content/intel_local/seg_train/seg_train/buildings/13823.jpg,real,intel,buildings,train
/content/diffusion_local/train/REAL/0532 (7).jpg,real,diffusion,cifar_object,train
/content/diffusion_local/train/FAKE/3650 (10).jpg,fake,diffusion,cifar_object,train
/content/gan_local/real_vs_fake/real-vs-fake/train/fake/WI9GLSIXI8.jpg,fake,gan,face,train
/content/gan_local/real_vs_fake/real-vs-fake/train/fake/8Z658JAMZQ.jpg,fake,gan,face,train
/content/gan_local/real_vs_fake/real-vs-fake/valid/fake/1JIZ1X9HCZ.jpg,fake,gan,face,valid
/content/intel_local/seg_test/seg_test/mountain/20107.jpg,real,intel,mountain,test
/content/intel_local/seg_train/seg_train/mountain/3256.jpg,real,intel,mountain,train
/content/general_ai_local/RealArt/RealArt/99050588b2b7c5aaa581c808c1b687c6.jpg,real,general_ai,RealArt,train
/content/intel_local/seg_train/seg_train/sea/962.jpg,real,intel,sea,train
/content/diffusion_local/train/FAKE/3144 (4).jpg,fake,diffusion,cifar_object,train
/content/gan_local/real_vs_fake/real-vs-fake/train/fake/MUVNKHKC90.jpg,fake,gan,face,train
/content/diffusion_local/train/REAL/4739 (7).jpg,real,diffusion,cifar_object,train
/content/general_ai_local/AiArtData/AiArtData/1000_F_570271411_Tqbdg5z0mL3qV3eaDS0XGrjMMwk6aNTf.jpg,fake,general_ai,AiArtData,train
/content/gan_local/real_vs_fake/real-vs-fake/train/fake/6ZY2DMDS3M.jpg,fake,gan,face,train
/content/diffusion_local/train/FAKE/2290 (5).jpg,fake,diffusion,cifar_object,train
/content/diffusion_local/test/FAKE/923 (10).jpg,fake,diffusion,cifar_object,test
/content/intel_local/seg_train/seg_train/sea/11783.jpg,real,intel,sea,train
/content/diffusion_local/train/REAL/4055 (4).jpg,real,diffusion,cifar_object,train
/content/gan_local/real_vs_fake/real-vs-fake/train/real/16021.jpg,real,gan,face,train
/content/diffusion_local/train/FAKE/2099 (10).jpg,fake,diffusion,cifar_object,train
/content/intel_local/seg_train/seg_train/sea/796.jpg,real,intel,sea,train
/content/diffusion_local/train/FAKE/3036 (4).jpg,fake,diffusion,cifar_object,train
/content/diffusion_local/train/REAL/1120 (7).jpg,real,diffusion,cifar_object,train
/content/gan_local/real_vs_fake/real-vs-fake/train/fake/RBEJ3X6TX7.jpg,fake,gan,face,train
/content/gan_local/real_vs_fake/real-vs-fake/train/fake/A8CM5TRFG9.jpg,fake,gan,face,train
/content/gan_local/real_vs_fake/real-vs-fake/train/fake/2W07G2A0TE.jpg,fake,gan,face,train
/content/gan_local/real_vs_fake/real-vs-fake/train/real/44578.jpg,real,gan,face,train
/content/gan_local/real_vs_fake/real-vs-fake/valid/real/21807.jpg,real,gan,face,valid
/content/diffusion_local/train/REAL/1033 (7).jpg,real,diffusion,cifar_object,train
/content/intel_local/seg_test/seg_test/buildings/21671.jpg,real,intel,buildings,test
/content/diffusion_local/train/FAKE/4432 (4).jpg,fake,diffusion,cifar_object,train
/content/intel_local/seg_train/seg_train/street/7236.jpg,real,intel,street,train
/content/diffusion_local/train/FAKE/2181 (3).jpg,fake,diffusion,cifar_object,train
/content/gan_local/real_vs_fake/real-vs-fake/train/fake/SLS9QFETO6.jpg,fake,gan,face,train
/content/gan_local/real_vs_fake/real-vs-fake/train/fake/6QQV59V09K.jpg,fake,gan,face,train
/content/gan_local/real_vs_fake/real-vs-fake/valid/fake/ZGZAQM1724.jpg,fake,gan,face,valid
/content/intel_local/seg_train/seg_train/sea/16067.jpg,real,intel,sea,train
/content/general_ai_local/AiArtData/AiArtData/word-image-288-1.png,fake,general_ai,AiArtData,train
/content/diffusion_local/train/FAKE/2648 (9).jpg,fake,diffusion,cifar_object,train
/content/gan_local/real_vs_fake/real-vs-fake/train/fake/RB7SD4ZLGL.jpg,fake,gan,face,train
/content/diffusion_local/test/FAKE/168 (6).jpg,fake,diffusion,cifar_object,test
/content/diffusion_local/train/FAKE/2047 (9).jpg,fake,diffusion,cifar_object,train
/content/intel_local/seg_train/seg_train/glacier/8963.jpg,real,intel,glacier,train
/content/general_ai_local/AiArtData/AiArtData/midjourney_v5_hero_2-800x450.jpg,fake,general_ai,AiArtData,train
/content/diffusion_local/train/FAKE/2708 (5).jpg,fake,diffusion,cifar_object,train
/content/gan_local/real_vs_fake/real-vs-fake/train/real/55322.jpg,real,gan,face,train
/content/gan_local/real_vs_fake/real-vs-fake/train/fake/8GK1GOH3DE.jpg,fake,gan,face,train
/content/gan_local/real_vs_fake/real-vs-fake/valid/real/53722.jpg,real,gan,face,valid
/content/intel_local/seg_train/seg_train/glacier/10064.jpg,real,intel,glacier,train
/content/gan_local/real_vs_fake/real-vs-fake/train/fake/OU2OF52H92.jpg,fake,gan,face,train
/content/diffusion_local/train/REAL/3203 (4).jpg,real,diffusion,cifar_object,train
/content/intel_local/seg_train/seg_train/forest/20006.jpg,real,intel,forest,train
/content/intel_local/seg_train/seg_train/sea/7806.jpg,real,intel,sea,train
/content/gan_local/real_vs_fake/real-vs-fake/train/real/68468.jpg,real,gan,face,train
/content/diffusion_local/train/FAKE/5304 (4).jpg,fake,diffusion,cifar_object,train
/content/diffusion_local/test/REAL/0720 (6).jpg,real,diffusion,cifar_object,test
/content/intel_local/seg_train/seg_train/forest/4530.jpg,real,intel,forest,train
/content/general_ai_local/AiArtData/AiArtData/Dark-Side-of-the-Moon-AI.jpg,fake,general_ai,AiArtData,train
/content/gan_local/real_vs_fake/real-vs-fake/train/real/39707.jpg,real,gan,face,train
/content/gan_local/real_vs_fake/real-vs-fake/train/fake/AHEMMA1CWS.jpg,fake,gan,face,train
/content/intel_local/seg_train/seg_train/street/3226.jpg,real,intel,street,train
/content/intel_local/seg_test/seg_test/sea/21191.jpg,real,intel,sea,test
/content/gan_local/real_vs_fake/real-vs-fake/train/fake/3CLLCCPN1X.jpg,fake,gan,face,train
/content/gan_local/real_vs_fake/real-vs-fake/train/fake/XCWOMGJ0SF.jpg,fake,gan,face,train
/content/gan_local/real_vs_fake/real-vs-fake/train/fake/FT0XOLJMFE.jpg,fake,gan,face,train
/content/general_ai_local/RealArt/RealArt/HD-wallpaper-scenery-lake-nature-sky-tree-water.jpg,real,general_ai,RealArt,train
/content/diffusion_local/train/FAKE/4741 (3).jpg,fake,diffusion,cifar_object,train
/content/gan_local/real_vs_fake/real-vs-fake/test/fake/YZLGOUD2O9.jpg,fake,gan,face,test
/content/gan_local/real_vs_fake/real-vs-fake/train/fake/HD286UPAWX.jpg,fake,gan,face,train
/content/diffusion_local/train/FAKE/4187 (10).jpg,fake,diffusion,cifar_object,train
/content/gan_local/real_vs_fake/real-vs-fake/train/fake/M93UNOIYHY.jpg,fake,gan,face,train
/content/diffusion_local/train/REAL/3932 (9).jpg,real,diffusion,cifar_object,train
/content/diffusion_local/train/REAL/3621 (8).jpg,real,diffusion,cifar_object,train
/content/diffusion_local/train/FAKE/3612 (10).jpg,fake,diffusion,cifar_object,train
/content/diffusion_local/test/REAL/0151 (7).jpg,real,diffusion,cifar_object,test
/content/gan_local/real_vs_fake/real-vs-fake/train/real/21836.jpg,real,gan,face,train
/content/diffusion_local/train/REAL/3056 (4).jpg,real,diffusion,cifar_object,train
/content/general_ai_local/AiArtData/AiArtData/1235748-ai-animals.png,fake,general_ai,AiArtData,train
/content/diffusion_local/train/FAKE/1808 (7).jpg,fake,diffusion,cifar_object,train
/content/diffusion_local/train/FAKE/1168 (7).jpg,fake,diffusion,cifar_object,train
/content/gan_local/real_vs_fake/real-vs-fake/train/fake/AI0148ALVX.jpg,fake,gan,face,train
/content/diffusion_local/train/REAL/1867 (9).jpg,real,diffusion,cifar_object,train
/content/intel_local/seg_train/seg_train/mountain/9533.jpg,real,intel,mountain,train
/content/intel_local/seg_train/seg_train/forest/1079.jpg,real,intel,forest,train
/content/intel_local/seg_train/seg_train/mountain/19573.jpg,real,intel,mountain,train
/content/diffusion_local/train/REAL/0434.jpg,real,diffusion,cifar_object,train
/content/gan_local/real_vs_fake/real-vs-fake/train/real/10579.jpg,real,gan,face,train
/content/gan_local/real_vs_fake/real-vs-fake/valid/real/01603.jpg,real,gan,face,valid
/content/gan_local/real_vs_fake/real-vs-fake/train/real/30972.jpg,real,gan,face,train
/content/diffusion_local/train/FAKE/1516.jpg,fake,diffusion,cifar_object,train
/content/gan_local/real_vs_fake/real-vs-fake/valid/fake/PXQBWJCGPA.jpg,fake,gan,face,valid
/content/diffusion_local/train/FAKE/4807 (7).jpg,fake,diffusion,cifar_object,train
/content/diffusion_local/train/REAL/2892 (9).jpg,real,diffusion,cifar_object,train
/content/diffusion_local/test/FAKE/475 (5).jpg,fake,diffusion,cifar_object,test
/content/gan_local/real_vs_fake/real-vs-fake/valid/fake/2O6NXFZRLE.jpg,fake,gan,face,valid
/content/diffusion_local/test/REAL/0414 (3).jpg,real,diffusion,cifar_object,test
/content/gan_local/real_vs_fake/real-vs-fake/train/fake/6NF52Z2HNG.jpg,fake,gan,face,train
/content/intel_local/seg_train/seg_train/buildings/2612.jpg,real,intel,buildings,train
/content/diffusion_local/train/REAL/3231 (5).jpg,real,diffusion,cifar_object,train
/content/diffusion_local/train/REAL/0808 (9).jpg,real,diffusion,cifar_object,train
/content/gan_local/real_vs_fake/real-vs-fake/valid/real/29121.jpg,real,gan,face,valid
/content/diffusion_local/train/FAKE/2862 (7).jpg,fake,diffusion,cifar_object,train
/content/diffusion_local/train/FAKE/1442 (10).jpg,fake,diffusion,cifar_object,train
/content/general_ai_local/RealArt/RealArt/pexels-photo-2598024.jpeg,real,general_ai,RealArt,train
/content/gan_local/real_vs_fake/real-vs-fake/train/fake/BLXBR52HZ2.jpg,fake,gan,face,train
/content/gan_local/real_vs_fake/real-vs-fake/train/fake/7IZKGETODA.jpg,fake,gan,face,train
/content/intel_local/seg_train/seg_train/street/5930.jpg,real,intel,street,train
/content/diffusion_local/train/FAKE/5468 (7).jpg,fake,diffusion,cifar_object,train
/content/gan_local/real_vs_fake/real-vs-fake/test/real/29488.jpg,real,gan,face,test
/content/diffusion_local/train/FAKE/5926 (4).jpg,fake,diffusion,cifar_object,train
/content/gan_local/real_vs_fake/real-vs-fake/train/fake/3WNCYECSG2.jpg,fake,gan,face,train
/content/intel_local/seg_train/seg_train/street/8032.jpg,real,intel,street,train
/content/gan_local/real_vs_fake/real-vs-fake/train/fake/VJQO9623CR.jpg,fake,gan,face,train
/content/diffusion_local/train/REAL/0793.jpg,real,diffusion,cifar_object,train
/content/intel_local/seg_train/seg_train/buildings/1850.jpg,real,intel,buildings,train
/content/diffusion_local/train/FAKE/5113 (2).jpg,fake,diffusion,cifar_object,train
/content/diffusion_local/train/FAKE/5045 (10).jpg,fake,diffusion,cifar_object,train
/content/gan_local/real_vs_fake/real-vs-fake/train/fake/L8KLV4JUTG.jpg,fake,gan,face,train
/content/intel_local/seg_test/seg_test/mountain/21851.jpg,real,intel,mountain,test
/content/gan_local/real_vs_fake/real-vs-fake/train/fake/IVWHP17APC.jpg,fake,gan,face,train
/content/gan_local/real_vs_fake/real-vs-fake/train/real/59487.jpg,real,gan,face,train
/content/intel_local/seg_test/seg_test/buildings/22000.jpg,real,intel,buildings,test
/content/diffusion_local/train/REAL/4531 (4).jpg,real,diffusion,cifar_object,train
/content/intel_local/seg_train/seg_train/forest/8016.jpg,real,intel,forest,train
/content/intel_local/seg_train/seg_train/street/13650.jpg,real,intel,street,train
/content/diffusion_local/train/FAKE/5697 (8).jpg,fake,diffusion,cifar_object,train
/content/intel_local/seg_train/seg_train/street/4427.jpg,real,intel,street,train
/content/gan_local/real_vs_fake/real-vs-fake/train/real/09862.jpg,real,gan,face,train
/content/diffusion_local/train/FAKE/5235 (4).jpg,fake,diffusion,cifar_object,train
/content/gan_local/real_vs_fake/real-vs-fake/train/fake/TB2G7JYIJ1.jpg,fake,gan,face,train
/content/general_ai_local/AiArtData/AiArtData/62bf08968c2d68a06b1c7182_image9201-min.jpg,fake,general_ai,AiArtData,train
/content/intel_local/seg_train/seg_train/buildings/17406.jpg,real,intel,buildings,train
/content/gan_local/real_vs_fake/real-vs-fake/train/fake/I1BXKOH2II.jpg,fake,gan,face,train
/content/diffusion_local/train/FAKE/2667.jpg,fake,diffusion,cifar_object,train
/content/intel_local/seg_train/seg_train/mountain/7942.jpg,real,intel,mountain,train
/content/gan_local/real_vs_fake/real-vs-fake/train/real/67400.jpg,real,gan,face,train
/content/gan_local/real_vs_fake/real-vs-fake/train/real/56087.jpg,real,gan,face,train
/content/diffusion_local/train/REAL/3760 (5).jpg,real,diffusion,cifar_object,train
/content/gan_local/real_vs_fake/real-vs-fake/train/fake/I5VAZHZ5W3.jpg,fake,gan,face,train
/content/gan_local/real_vs_fake/real-vs-fake/train/fake/ROE0FWYLFR.jpg,fake,gan,face,train
/content/intel_local/seg_train/seg_train/forest/4900.jpg,real,intel,forest,train
/content/gan_local/real_vs_fake/real-vs-fake/train/fake/0GB4WHPEIZ.jpg,fake,gan,face,train
/content/diffusion_local/train/FAKE/3473 (2).jpg,fake,diffusion,cifar_object,train
/content/diffusion_local/test/FAKE/43.jpg,fake,diffusion,cifar_object,test
/content/gan_local/real_vs_fake/real-vs-fake/train/fake/VGDX6OBM40.jpg,fake,gan,face,train
/content/diffusion_local/test/REAL/0157 (10).jpg,real,diffusion,cifar_object,test
/content/diffusion_local/train/FAKE/3583 (10).jpg,fake,diffusion,cifar_object,train
/content/intel_local/seg_test/seg_test/street/22645.jpg,real,intel,street,test
/content/intel_local/seg_train/seg_train/mountain/18474.jpg,real,intel,mountain,train
/content/diffusion_local/train/FAKE/1034 (4).jpg,fake,diffusion,cifar_object,train
/content/intel_local/seg_train/seg_train/mountain/11748.jpg,real,intel,mountain,train
/content/gan_local/real_vs_fake/real-vs-fake/train/real/45079.jpg,real,gan,face,train
/content/diffusion_local/test/FAKE/535 (5).jpg,fake,diffusion,cifar_object,test
/content/gan_local/real_vs_fake/real-vs-fake/train/fake/BNLKY9A4NE.jpg,fake,gan,face,train
/content/gan_local/real_vs_fake/real-vs-fake/train/real/13508.jpg,real,gan,face,train
/content/gan_local/real_vs_fake/real-vs-fake/train/real/16930.jpg,real,gan,face,train
/content/gan_local/real_vs_fake/real-vs-fake/train/fake/DCMT61460L.jpg,fake,gan,face,train
/content/diffusion_local/train/FAKE/4815 (3).jpg,fake,diffusion,cifar_object,train
/content/gan_local/real_vs_fake/real-vs-fake/test/fake/K0XT624Z90.jpg,fake,gan,face,test
/content/diffusion_local/train/REAL/1304 (4).jpg,real,diffusion,cifar_object,train
/content/gan_local/real_vs_fake/real-vs-fake/train/fake/ILZM8SLBYW.jpg,fake,gan,face,train
/content/intel_local/seg_train/seg_train/forest/6490.jpg,real,intel,forest,train
/content/diffusion_local/test/REAL/0705 (9).jpg,real,diffusion,cifar_object,test
/content/diffusion_local/train/REAL/4691 (6).jpg,real,diffusion,cifar_object,train
/content/intel_local/seg_train/seg_train/mountain/17998.jpg,real,intel,mountain,train
/content/diffusion_local/train/FAKE/1436 (6).jpg,fake,diffusion,cifar_object,train
/content/general_ai_local/AiArtData/AiArtData/ures-created-on-midjourney-midjourney-curated-feature-stirworld-220930050044.jpg,fake,general_ai,AiArtData,train
/content/intel_local/seg_train/seg_train/sea/7323.jpg,real,intel,sea,train
/content/general_ai_local/AiArtData/AiArtData/midjourney_trump_pope_dance_ai_fake_image.png,fake,general_ai,AiArtData,train
/content/diffusion_local/train/REAL/1651 (6).jpg,real,diffusion,cifar_object,train
/content/gan_local/real_vs_fake/real-vs-fake/train/fake/4WO428878F.jpg,fake,gan,face,train
/content/diffusion_local/test/FAKE/51 (6).jpg,fake,diffusion,cifar_object,test
/content/gan_local/real_vs_fake/real-vs-fake/test/real/27173.jpg,real,gan,face,test
/content/gan_local/real_vs_fake/real-vs-fake/train/fake/FL5Z1LV7P3.jpg,fake,gan,face,train
/content/intel_local/seg_train/seg_train/forest/5003.jpg,real,intel,forest,train
/content/gan_local/real_vs_fake/real-vs-fake/train/fake/RF1BM27J99.jpg,fake,gan,face,train
/content/gan_local/real_vs_fake/real-vs-fake/train/real/09993.jpg,real,gan,face,train
/content/diffusion_local/train/FAKE/1659.jpg,fake,diffusion,cifar_object,train
/content/intel_local/seg_train/seg_train/mountain/2604.jpg,real,intel,mountain,train
/content/diffusion_local/train/FAKE/3707 (4).jpg,fake,diffusion,cifar_object,train
/content/intel_local/seg_train/seg_train/glacier/19139.jpg,real,intel,glacier,train
/content/gan_local/real_vs_fake/real-vs-fake/train/real/57680.jpg,real,gan,face,train
/content/diffusion_local/test/REAL/0107 (10).jpg,real,diffusion,cifar_object,test
/content/gan_local/real_vs_fake/real-vs-fake/train/real/15197.jpg,real,gan,face,train
/content/diffusion_local/train/FAKE/2003 (3).jpg,fake,diffusion,cifar_object,train
/content/gan_local/real_vs_fake/real-vs-fake/train/fake/Z0VSO9E9KU.jpg,fake,gan,face,train
/content/intel_local/seg_test/seg_test/glacier/22405.jpg,real,intel,glacier,test
/content/diffusion_local/train/FAKE/4431 (7).jpg,fake,diffusion,cifar_object,train
/content/diffusion_local/test/FAKE/873 (7).jpg,fake,diffusion,cifar_object,test
/content/intel_local/seg_test/seg_test/street/21640.jpg,real,intel,street,test
/content/intel_local/seg_train/seg_train/sea/10382.jpg,real,intel,sea,train
/content/diffusion_local/test/REAL/0385.jpg,real,diffusion,cifar_object,test
/content/gan_local/real_vs_fake/real-vs-fake/train/fake/U52CZH34WZ.jpg,fake,gan,face,train
/content/diffusion_local/train/FAKE/2654 (6).jpg,fake,diffusion,cifar_object,train
/content/diffusion_local/train/FAKE/2902 (3).jpg,fake,diffusion,cifar_object,train
/content/gan_local/real_vs_fake/real-vs-fake/train/fake/X9UI4BLAJ9.jpg,fake,gan,face,train
/content/intel_local/seg_train/seg_train/buildings/2735.jpg,real,intel,buildings,train
/content/diffusion_local/train/REAL/1908.jpg,real,diffusion,cifar_object,train
/content/gan_local/real_vs_fake/real-vs-fake/train/fake/J0WTWPJSO2.jpg,fake,gan,face,train
/content/intel_local/seg_test/seg_test/glacier/24152.jpg,real,intel,glacier,test
/content/diffusion_local/train/REAL/1442 (8).jpg,real,diffusion,cifar_object,train
/content/diffusion_local/train/FAKE/5572 (9).jpg,fake,diffusion,cifar_object,train
/content/general_ai_local/AiArtData/AiArtData/are_ai_art_engines_ripping_off_artists.jpg,fake,general_ai,AiArtData,train
/content/gan_local/real_vs_fake/real-vs-fake/train/fake/Z0A5V8FG09.jpg,fake,gan,face,train
/content/diffusion_local/train/FAKE/3151 (8).jpg,fake,diffusion,cifar_object,train
/content/intel_local/seg_train/seg_train/sea/5603.jpg,real,intel,sea,train
/content/diffusion_local/train/FAKE/4894 (9).jpg,fake,diffusion,cifar_object,train
/content/gan_local/real_vs_fake/real-vs-fake/train/real/33748.jpg,real,gan,face,train
/content/gan_local/real_vs_fake/real-vs-fake/train/fake/00NVFY3Y64.jpg,fake,gan,face,train
/content/gan_local/real_vs_fake/real-vs-fake/valid/real/28712.jpg,real,gan,face,valid
/content/diffusion_local/train/REAL/1898 (5).jpg,real,diffusion,cifar_object,train
/content/diffusion_local/train/REAL/3876 (10).jpg,real,diffusion,cifar_object,train
/content/diffusion_local/train/FAKE/4095 (7).jpg,fake,diffusion,cifar_object,train
/content/intel_local/seg_test/seg_test/glacier/21213.jpg,real,intel,glacier,test
/content/gan_local/real_vs_fake/real-vs-fake/test/fake/88CAB7TCXW.jpg,fake,gan,face,test
/content/gan_local/real_vs_fake/real-vs-fake/test/real/66485.jpg,real,gan,face,test
/content/gan_local/real_vs_fake/real-vs-fake/train/fake/FRKK4P0F0W.jpg,fake,gan,face,train
/content/diffusion_local/train/REAL/3516.jpg,real,diffusion,cifar_object,train
/content/diffusion_local/train/FAKE/4493 (8).jpg,fake,diffusion,cifar_object,train
/content/diffusion_local/train/FAKE/3415 (3).jpg,fake,diffusion,cifar_object,train
/content/gan_local/real_vs_fake/real-vs-fake/train/fake/S6VJV2QKSG.jpg,fake,gan,face,train
/content/diffusion_local/train/FAKE/2829 (7).jpg,fake,diffusion,cifar_object,train
/content/gan_local/real_vs_fake/real-vs-fake/train/fake/JJDDSIG9V7.jpg,fake,gan,face,train
/content/intel_local/seg_train/seg_train/sea/13494.jpg,real,intel,sea,train
/content/diffusion_local/train/FAKE/2798 (2).jpg,fake,diffusion,cifar_object,train
/content/general_ai_local/AiArtData/AiArtData/0002_AI-in-animal-classification.png,fake,general_ai,AiArtData,train
/content/gan_local/real_vs_fake/real-vs-fake/train/fake/JX2HUOBIEY.jpg,fake,gan,face,train
/content/intel_local/seg_train/seg_train/glacier/4273.jpg,real,intel,glacier,train
/content/gan_local/real_vs_fake/real-vs-fake/train/fake/WGTA1VHHL2.jpg,fake,gan,face,train
/content/gan_local/real_vs_fake/real-vs-fake/train/fake/1JFHO5Z3RI.jpg,fake,gan,face,train
/content/intel_local/seg_train/seg_train/mountain/15783.jpg,real,intel,mountain,train
/content/diffusion_local/train/REAL/3947 (3).jpg,real,diffusion,cifar_object,train
/content/gan_local/real_vs_fake/real-vs-fake/train/fake/FT1ZRGK0Q7.jpg,fake,gan,face,train
/content/gan_local/real_vs_fake/real-vs-fake/train/real/51792.jpg,real,gan,face,train
/content/diffusion_local/train/FAKE/1348 (3).jpg,fake,diffusion,cifar_object,train
/content/gan_local/real_vs_fake/real-vs-fake/test/fake/HZXMG01CUJ.jpg,fake,gan,face,test
/content/diffusion_local/train/REAL/0316 (10).jpg,real,diffusion,cifar_object,train
/content/diffusion_local/train/REAL/2636 (2).jpg,real,diffusion,cifar_object,train
/content/general_ai_local/AiArtData/AiArtData/Bu69yrI45ueNWQX84ap5.jpg,fake,general_ai,AiArtData,train
/content/intel_local/seg_train/seg_train/glacier/15467.jpg,real,intel,glacier,train
/content/intel_local/seg_train/seg_train/sea/11922.jpg,real,intel,sea,train
/content/intel_local/seg_train/seg_train/mountain/15708.jpg,real,intel,mountain,train
/content/gan_local/real_vs_fake/real-vs-fake/train/fake/R12DPEUA9N.jpg,fake,gan,face,train
/content/diffusion_local/train/REAL/3259 (7).jpg,real,diffusion,cifar_object,train
/content/general_ai_local/AiArtData/AiArtData/mmart-4k-fai-7a-art-scale-2-00x.jpg,fake,general_ai,AiArtData,train
/content/diffusion_local/train/FAKE/2305 (7).jpg,fake,diffusion,cifar_object,train
/content/gan_local/real_vs_fake/real-vs-fake/test/fake/YU3YGIHAQQ.jpg,fake,gan,face,test
/content/gan_local/real_vs_fake/real-vs-fake/train/real/69446.jpg,real,gan,face,train
/content/gan_local/real_vs_fake/real-vs-fake/train/fake/EMGQLCJHDC.jpg,fake,gan,face,train
/content/diffusion_local/train/REAL/4377.jpg,real,diffusion,cifar_object,train
/content/diffusion_local/train/REAL/2721 (10).jpg,real,diffusion,cifar_object,train
/content/gan_local/real_vs_fake/real-vs-fake/train/real/33187.jpg,real,gan,face,train
/content/gan_local/real_vs_fake/real-vs-fake/test/real/36435.jpg,real,gan,face,test
/content/intel_local/seg_train/seg_train/buildings/18542.jpg,real,intel,buildings,train
/content/intel_local/seg_train/seg_train/street/11973.jpg,real,intel,street,train
/content/intel_local/seg_train/seg_train/forest/980.jpg,real,intel,forest,train
/content/gan_local/real_vs_fake/real-vs-fake/train/fake/A99Z4K0INA.jpg,fake,gan,face,train
/content/gan_local/real_vs_fake/real-vs-fake/train/fake/G0PMU89RG6.jpg,fake,gan,face,train
/content/general_ai_local/AiArtData/AiArtData/mystical-eye-vector-illustration-psychedelic-design-ai-generated-free-photo.jpg,fake,general_ai,AiArtData,train
/content/diffusion_local/test/FAKE/43 (9).jpg,fake,diffusion,cifar_object,test
/content/gan_local/real_vs_fake/real-vs-fake/train/real/11388.jpg,real,gan,face,train
/content/gan_local/real_vs_fake/real-vs-fake/train/fake/BVU444BYZ2.jpg,fake,gan,face,train
/content/diffusion_local/test/FAKE/680 (6).jpg,fake,diffusion,cifar_object,test
/content/intel_local/seg_test/seg_test/sea/23889.jpg,real,intel,sea,test
/content/gan_local/real_vs_fake/real-vs-fake/test/real/03488.jpg,real,gan,face,test
/content/diffusion_local/train/FAKE/2498 (5).jpg,fake,diffusion,cifar_object,train
/content/diffusion_local/train/REAL/3738 (10).jpg,real,diffusion,cifar_object,train
/content/gan_local/real_vs_fake/real-vs-fake/test/real/52340.jpg,real,gan,face,test
/content/diffusion_local/test/REAL/0406 (4).jpg,real,diffusion,cifar_object,test
/content/diffusion_local/train/FAKE/5749.jpg,fake,diffusion,cifar_object,train
/content/gan_local/real_vs_fake/real-vs-fake/train/real/33566.jpg,real,gan,face,train
/content/intel_local/seg_test/seg_test/buildings/24050.jpg,real,intel,buildings,test
/content/intel_local/seg_test/seg_test/sea/24201.jpg,real,intel,sea,test
/content/gan_local/real_vs_fake/real-vs-fake/train/fake/SN3KLI6PZ3.jpg,fake,gan,face,train
/content/gan_local/real_vs_fake/real-vs-fake/train/real/15094.jpg,real,gan,face,train
/content/gan_local/real_vs_fake/real-vs-fake/train/fake/0VJ2SB7MIO.jpg,fake,gan,face,train
/content/diffusion_local/train/FAKE/5453 (10).jpg,fake,diffusion,cifar_object,train
/content/gan_local/real_vs_fake/real-vs-fake/train/fake/D0O7I0T4FM.jpg,fake,gan,face,train
/content/intel_local/seg_train/seg_train/sea/1890.jpg,real,intel,sea,train
/content/gan_local/real_vs_fake/real-vs-fake/train/real/42417.jpg,real,gan,face,train
/content/diffusion_local/train/REAL/0275 (8).jpg,real,diffusion,cifar_object,train
/content/gan_local/real_vs_fake/real-vs-fake/train/fake/01H47SC7ON.jpg,fake,gan,face,train
/content/diffusion_local/train/FAKE/4842 (2).jpg,fake,diffusion,cifar_object,train
/content/gan_local/real_vs_fake/real-vs-fake/train/fake/8FJBF8G760.jpg,fake,gan,face,train
/content/gan_local/real_vs_fake/real-vs-fake/valid/real/03737.jpg,real,gan,face,valid
/content/diffusion_local/train/FAKE/4967 (5).jpg,fake,diffusion,cifar_object,train
/content/gan_local/real_vs_fake/real-vs-fake/train/fake/VA86PBC0VK.jpg,fake,gan,face,train
/content/gan_local/real_vs_fake/real-vs-fake/test/fake/N8RSD7B7ZF.jpg,fake,gan,face,test
/content/intel_local/seg_train/seg_train/sea/10948.jpg,real,intel,sea,train
/content/diffusion_local/train/REAL/4237 (9).jpg,real,diffusion,cifar_object,train
/content/diffusion_local/train/FAKE/2736 (5).jpg,fake,diffusion,cifar_object,train
/content/intel_local/seg_train/seg_train/mountain/3173.jpg,real,intel,mountain,train
/content/intel_local/seg_train/seg_train/sea/7767.jpg,real,intel,sea,train
/content/intel_local/seg_train/seg_train/sea/18827.jpg,real,intel,sea,train
/content/diffusion_local/test/FAKE/860 (5).jpg,fake,diffusion,cifar_object,test
/content/intel_local/seg_train/seg_train/forest/16867.jpg,real,intel,forest,train
/content/general_ai_local/AiArtData/AiArtData/Spot-the-bot-v1.png,fake,general_ai,AiArtData,train
/content/intel_local/seg_train/seg_train/sea/15214.jpg,real,intel,sea,train
/content/diffusion_local/train/FAKE/3572.jpg,fake,diffusion,cifar_object,train
/content/intel_local/seg_train/seg_train/buildings/20027.jpg,real,intel,buildings,train
/content/intel_local/seg_test/seg_test/street/22373.jpg,real,intel,street,test
/content/intel_local/seg_test/seg_test/street/22938.jpg,real,intel,street,test
/content/gan_local/real_vs_fake/real-vs-fake/train/real/42267.jpg,real,gan,face,train
/content/gan_local/real_vs_fake/real-vs-fake/test/fake/W1YJ6P62E1.jpg,fake,gan,face,test
/content/intel_local/seg_train/seg_train/mountain/2592.jpg,real,intel,mountain,train
/content/gan_local/real_vs_fake/real-vs-fake/train/fake/LHNLZJ6NN4.jpg,fake,gan,face,train
/content/diffusion_local/train/REAL/3926 (8).jpg,real,diffusion,cifar_object,train
/content/gan_local/real_vs_fake/real-vs-fake/test/fake/32GAGNA9NG.jpg,fake,gan,face,test
/content/intel_local/seg_train/seg_train/street/731.jpg,real,intel,street,train
/content/intel_local/seg_train/seg_train/buildings/8553.jpg,real,intel,buildings,train
/content/gan_local/real_vs_fake/real-vs-fake/train/fake/7RC7D3T6U0.jpg,fake,gan,face,train
/content/general_ai_local/AiArtData/AiArtData/midjourney_inpainting_demo-1.png,fake,general_ai,AiArtData,train
/content/general_ai_local/RealArt/RealArt/forest-landscape_71767-127.jpg,real,general_ai,RealArt,train
/content/gan_local/real_vs_fake/real-vs-fake/train/fake/KLZCLF0CWZ.jpg,fake,gan,face,train
/content/gan_local/real_vs_fake/real-vs-fake/train/real/02683.jpg,real,gan,face,train
/content/diffusion_local/train/FAKE/4909 (9).jpg,fake,diffusion,cifar_object,train
/content/gan_local/real_vs_fake/real-vs-fake/valid/fake/9BMH4BKM4J.jpg,fake,gan,face,valid
/content/gan_local/real_vs_fake/real-vs-fake/train/fake/F5ZDW5JIV0.jpg,fake,gan,face,train
/content/diffusion_local/train/REAL/0328 (7).jpg,real,diffusion,cifar_object,train
/content/gan_local/real_vs_fake/real-vs-fake/valid/fake/HZZ86S00FS.jpg,fake,gan,face,valid
/content/diffusion_local/train/REAL/3695 (6).jpg,real,diffusion,cifar_object,train
/content/gan_local/real_vs_fake/real-vs-fake/test/fake/ZI5Y8RQD56.jpg,fake,gan,face,test
/content/intel_local/seg_train/seg_train/forest/8198.jpg,real,intel,forest,train
/content/diffusion_local/train/FAKE/2360 (10).jpg,fake,diffusion,cifar_object,train
/content/gan_local/real_vs_fake/real-vs-fake/valid/fake/UFB3JT6D2P.jpg,fake,gan,face,valid
/content/gan_local/real_vs_fake/real-vs-fake/test/real/48711.jpg,real,gan,face,test
/content/diffusion_local/train/FAKE/5487 (10).jpg,fake,diffusion,cifar_object,train
/content/gan_local/real_vs_fake/real-vs-fake/train/fake/Q32SWEWP9Y.jpg,fake,gan,face,train
/content/diffusion_local/train/FAKE/4783 (8).jpg,fake,diffusion,cifar_object,train
/content/gan_local/real_vs_fake/real-vs-fake/train/fake/WA0LL9ETK3.jpg,fake,gan,face,train
/content/diffusion_local/train/REAL/0510 (9).jpg,real,diffusion,cifar_object,train
/content/diffusion_local/train/REAL/1003 (8).jpg,real,diffusion,cifar_object,train
/content/gan_local/real_vs_fake/real-vs-fake/train/real/22291.jpg,real,gan,face,train
/content/gan_local/real_vs_fake/real-vs-fake/train/real/29463.jpg,real,gan,face,train
/content/intel_local/seg_train/seg_train/street/19724.jpg,real,intel,street,train
/content/diffusion_local/train/REAL/4599 (10).jpg,real,diffusion,cifar_object,train
/content/general_ai_local/RealArt/RealArt/First-image_Fb-size_grande.jpg,real,general_ai,RealArt,train
/content/intel_local/seg_test/seg_test/glacier/22851.jpg,real,intel,glacier,test
/content/gan_local/real_vs_fake/real-vs-fake/train/fake/L7XB60BCSZ.jpg,fake,gan,face,train
/content/intel_local/seg_train/seg_train/mountain/14117.jpg,real,intel,mountain,train
/content/intel_local/seg_train/seg_train/street/6264.jpg,real,intel,street,train
/content/gan_local/real_vs_fake/real-vs-fake/train/fake/06LSK8CB3H.jpg,fake,gan,face,train
/content/gan_local/real_vs_fake/real-vs-fake/train/fake/ZRLCE1VORS.jpg,fake,gan,face,train
/content/gan_local/real_vs_fake/real-vs-fake/train/real/65504.jpg,real,gan,face,train
/content/diffusion_local/train/FAKE/5301 (10).jpg,fake,diffusion,cifar_object,train
/content/gan_local/real_vs_fake/real-vs-fake/train/real/69944.jpg,real,gan,face,train
/content/intel_local/seg_train/seg_train/sea/16062.jpg,real,intel,sea,train
/content/intel_local/seg_train/seg_train/glacier/4612.jpg,real,intel,glacier,train
/content/diffusion_local/train/REAL/3264 (2).jpg,real,diffusion,cifar_object,train
/content/gan_local/real_vs_fake/real-vs-fake/train/fake/EP9I4WPFR7.jpg,fake,gan,face,train
/content/diffusion_local/test/FAKE/186 (3).jpg,fake,diffusion,cifar_object,test
/content/diffusion_local/test/FAKE/481 (5).jpg,fake,diffusion,cifar_object,test
/content/diffusion_local/train/FAKE/5106 (5).jpg,fake,diffusion,cifar_object,train
/content/gan_local/real_vs_fake/real-vs-fake/test/real/11035.jpg,real,gan,face,test
/content/diffusion_local/train/REAL/1967 (7).jpg,real,diffusion,cifar_object,train
/content/gan_local/real_vs_fake/real-vs-fake/test/real/21186.jpg,real,gan,face,test
/content/gan_local/real_vs_fake/real-vs-fake/valid/fake/0QOERRMY09.jpg,fake,gan,face,valid
/content/diffusion_local/train/FAKE/2808 (3).jpg,fake,diffusion,cifar_object,train
/content/intel_local/seg_train/seg_train/buildings/9498.jpg,real,intel,buildings,train
/content/gan_local/real_vs_fake/real-vs-fake/train/real/48590.jpg,real,gan,face,train
/content/diffusion_local/train/REAL/2876.jpg,real,diffusion,cifar_object,train
/content/gan_local/real_vs_fake/real-vs-fake/test/real/60869.jpg,real,gan,face,test
/content/intel_local/seg_train/seg_train/glacier/18400.jpg,real,intel,glacier,train
/content/intel_local/seg_train/seg_train/buildings/10402.jpg,real,intel,buildings,train
/content/intel_local/seg_train/seg_train/glacier/9569.jpg,real,intel,glacier,train
/content/diffusion_local/train/FAKE/5147 (9).jpg,fake,diffusion,cifar_object,train
/content/intel_local/seg_train/seg_train/mountain/6548.jpg,real,intel,mountain,train
/content/diffusion_local/test/FAKE/34 (10).jpg,fake,diffusion,cifar_object,test
/content/diffusion_local/test/REAL/0766 (10).jpg,real,diffusion,cifar_object,test
/content/intel_local/seg_train/seg_train/glacier/1953.jpg,real,intel,glacier,train
/content/gan_local/real_vs_fake/real-vs-fake/train/real/30416.jpg,real,gan,face,train
/content/gan_local/real_vs_fake/real-vs-fake/train/fake/4GEEGV6ZQL.jpg,fake,gan,face,train
/content/gan_local/real_vs_fake/real-vs-fake/train/fake/A8RHUHP7II.jpg,fake,gan,face,train
/content/general_ai_local/AiArtData/AiArtData/portrait-01.jpg,fake,general_ai,AiArtData,train
/content/gan_local/real_vs_fake/real-vs-fake/test/fake/SLEEOWJUI6.jpg,fake,gan,face,test
/content/diffusion_local/train/FAKE/3072 (6).jpg,fake,diffusion,cifar_object,train
/content/diffusion_local/test/REAL/0802 (3).jpg,real,diffusion,cifar_object,test
/content/gan_local/real_vs_fake/real-vs-fake/test/fake/EDOXE4AX85.jpg,fake,gan,face,test
/content/intel_local/seg_train/seg_train/sea/14141.jpg,real,intel,sea,train
/content/gan_local/real_vs_fake/real-vs-fake/valid/real/43368.jpg,real,gan,face,valid
/content/diffusion_local/train/REAL/1773 (3).jpg,real,diffusion,cifar_object,train
/content/intel_local/seg_train/seg_train/buildings/2038.jpg,real,intel,buildings,train
/content/gan_local/real_vs_fake/real-vs-fake/train/fake/I62DKJAS6W.jpg,fake,gan,face,train
/content/gan_local/real_vs_fake/real-vs-fake/train/fake/PTYJOGVW52.jpg,fake,gan,face,train
/content/gan_local/real_vs_fake/real-vs-fake/valid/real/34415.jpg,real,gan,face,valid
/content/intel_local/seg_test/seg_test/forest/22947.jpg,real,intel,forest,test
/content/gan_local/real_vs_fake/real-vs-fake/test/real/28529.jpg,real,gan,face,test
/content/gan_local/real_vs_fake/real-vs-fake/train/real/53848.jpg,real,gan,face,train
/content/diffusion_local/train/FAKE/3337 (3).jpg,fake,diffusion,cifar_object,train
/content/intel_local/seg_train/seg_train/mountain/12167.jpg,real,intel,mountain,train
/content/intel_local/seg_test/seg_test/forest/22434.jpg,real,intel,forest,test
/content/intel_local/seg_train/seg_train/buildings/9862.jpg,real,intel,buildings,train
/content/diffusion_local/train/FAKE/2091.jpg,fake,diffusion,cifar_object,train
/content/intel_local/seg_train/seg_train/sea/9199.jpg,real,intel,sea,train
/content/intel_local/seg_test/seg_test/street/23139.jpg,real,intel,street,test
/content/gan_local/real_vs_fake/real-vs-fake/train/fake/XDCID2Y5B2.jpg,fake,gan,face,train
/content/intel_local/seg_train/seg_train/glacier/7678.jpg,real,intel,glacier,train
/content/gan_local/real_vs_fake/real-vs-fake/train/fake/EX9BP9R25H.jpg,fake,gan,face,train
/content/intel_local/seg_train/seg_train/buildings/7118.jpg,real,intel,buildings,train
/content/intel_local/seg_test/seg_test/sea/22755.jpg,real,intel,sea,test
/content/diffusion_local/test/REAL/0320 (8).jpg,real,diffusion,cifar_object,test
/content/gan_local/real_vs_fake/real-vs-fake/train/real/29410.jpg,real,gan,face,train
/content/diffusion_local/train/REAL/2897 (4).jpg,real,diffusion,cifar_object,train
/content/intel_local/seg_train/seg_train/sea/1236.jpg,real,intel,sea,train
/content/general_ai_local/AiArtData/AiArtData/65523f91e3679a1ab2eed021_face_of_data_art_kirell_benzi.jpg,fake,general_ai,AiArtData,train
/content/gan_local/real_vs_fake/real-vs-fake/train/real/21377.jpg,real,gan,face,train
/content/intel_local/seg_train/seg_train/sea/7791.jpg,real,intel,sea,train
/content/diffusion_local/train/FAKE/5537 (7).jpg,fake,diffusion,cifar_object,train
/content/intel_local/seg_train/seg_train/forest/9006.jpg,real,intel,forest,train
/content/intel_local/seg_train/seg_train/forest/2232.jpg,real,intel,forest,train
/content/general_ai_local/AiArtData/AiArtData/filippo-nassetti-ai-designs-spaceships-bosch-caravaggio-designboom-600.jpg,fake,general_ai,AiArtData,train
/content/intel_local/seg_train/seg_train/sea/16013.jpg,real,intel,sea,train
/content/diffusion_local/train/REAL/1826 (10).jpg,real,diffusion,cifar_object,train
/content/intel_local/seg_train/seg_train/sea/10584.jpg,real,intel,sea,train
/content/diffusion_local/train/FAKE/1118.jpg,fake,diffusion,cifar_object,train
/content/gan_local/real_vs_fake/real-vs-fake/valid/real/39335.jpg,real,gan,face,valid
/content/intel_local/seg_train/seg_train/glacier/14995.jpg,real,intel,glacier,train
/content/diffusion_local/train/FAKE/1465 (6).jpg,fake,diffusion,cifar_object,train
/content/intel_local/seg_test/seg_test/buildings/20524.jpg,real,intel,buildings,test
/content/gan_local/real_vs_fake/real-vs-fake/train/fake/JUCAIJUE83.jpg,fake,gan,face,train
/content/general_ai_local/AiArtData/AiArtData/AI20Landscape.jpg,fake,general_ai,AiArtData,train
/content/diffusion_local/train/REAL/0488 (7).jpg,real,diffusion,cifar_object,train
/content/general_ai_local/AiArtData/AiArtData/Boris-Eldagsen-AI-art.jpg,fake,general_ai,AiArtData,train
/content/general_ai_local/AiArtData/AiArtData/oeuvre-art-generee-IA-MidJourney-remporte-1er-prix-Colorado-State-Fair.png,fake,general_ai,AiArtData,train
/content/diffusion_local/train/REAL/0273 (5).jpg,real,diffusion,cifar_object,train
/content/gan_local/real_vs_fake/real-vs-fake/train/fake/IR9RLV6GJC.jpg,fake,gan,face,train
/content/diffusion_local/train/FAKE/3305 (2).jpg,fake,diffusion,cifar_object,train
/content/intel_local/seg_test/seg_test/buildings/23890.jpg,real,intel,buildings,test
/content/gan_local/real_vs_fake/real-vs-fake/train/fake/HRYX8T1RQD.jpg,fake,gan,face,train
/content/diffusion_local/train/FAKE/2715 (9).jpg,fake,diffusion,cifar_object,train
/content/gan_local/real_vs_fake/real-vs-fake/valid/fake/EDONMEZ113.jpg,fake,gan,face,valid
/content/diffusion_local/test/REAL/0767 (4).jpg,real,diffusion,cifar_object,test
/content/gan_local/real_vs_fake/real-vs-fake/train/real/04475.jpg,real,gan,face,train
/content/gan_local/real_vs_fake/real-vs-fake/train/real/11596.jpg,real,gan,face,train
/content/gan_local/real_vs_fake/real-vs-fake/valid/fake/RBREENFW7E.jpg,fake,gan,face,valid
/content/gan_local/real_vs_fake/real-vs-fake/train/fake/D8SAB6YIZI.jpg,fake,gan,face,train
/content/gan_local/real_vs_fake/real-vs-fake/train/fake/YP9K51RKDZ.jpg,fake,gan,face,train
/content/gan_local/real_vs_fake/real-vs-fake/valid/real/56094.jpg,real,gan,face,valid
/content/diffusion_local/train/FAKE/5560 (6).jpg,fake,diffusion,cifar_object,train
/content/gan_local/real_vs_fake/real-vs-fake/train/real/44955.jpg,real,gan,face,train
/content/general_ai_local/AiArtData/AiArtData/ts9dtkq8_selfies-from-the-past_625x300_21_March_23.jpg,fake,general_ai,AiArtData,train
/content/diffusion_local/train/REAL/4946 (9).jpg,real,diffusion,cifar_object,train
/content/diffusion_local/train/FAKE/2772 (3).jpg,fake,diffusion,cifar_object,train
/content/gan_local/real_vs_fake/real-vs-fake/train/fake/N9BDA0HASB.jpg,fake,gan,face,train
/content/gan_local/real_vs_fake/real-vs-fake/train/real/00011.jpg,real,gan,face,train
/content/gan_local/real_vs_fake/real-vs-fake/train/real/07228.jpg,real,gan,face,train
/content/gan_local/real_vs_fake/real-vs-fake/train/fake/DJVSTJUNNT.jpg,fake,gan,face,train
/content/intel_local/seg_train/seg_train/mountain/5192.jpg,real,intel,mountain,train
/content/gan_local/real_vs_fake/real-vs-fake/train/fake/CSIMFKJ3GH.jpg,fake,gan,face,train
/content/diffusion_local/test/FAKE/687 (10).jpg,fake,diffusion,cifar_object,test
/content/general_ai_local/AiArtData/AiArtData/4hPwM82KpnA0Rie1400A.jpg,fake,general_ai,AiArtData,train
/content/intel_local/seg_train/seg_train/glacier/9956.jpg,real,intel,glacier,train
/content/diffusion_local/train/FAKE/5682.jpg,fake,diffusion,cifar_object,train
/content/intel_local/seg_train/seg_train/forest/14767.jpg,real,intel,forest,train
/content/general_ai_local/AiArtData/AiArtData/1687776010494_Screenshot20230626160839.png,fake,general_ai,AiArtData,train
/content/gan_local/real_vs_fake/real-vs-fake/valid/fake/4OFN92VX92.jpg,fake,gan,face,valid
/content/diffusion_local/train/REAL/4776 (5).jpg,real,diffusion,cifar_object,train
/content/diffusion_local/train/REAL/1584 (2).jpg,real,diffusion,cifar_object,train
/content/gan_local/real_vs_fake/real-vs-fake/train/fake/06ZO5D5OG0.jpg,fake,gan,face,train
/content/diffusion_local/train/FAKE/4002 (6).jpg,fake,diffusion,cifar_object,train
/content/intel_local/seg_train/seg_train/forest/5438.jpg,real,intel,forest,train
/content/diffusion_local/train/FAKE/5320 (5).jpg,fake,diffusion,cifar_object,train
/content/intel_local/seg_train/seg_train/mountain/18628.jpg,real,intel,mountain,train
/content/diffusion_local/train/REAL/0788 (7).jpg,real,diffusion,cifar_object,train
/content/gan_local/real_vs_fake/real-vs-fake/test/fake/PZV00UWSKE.jpg,fake,gan,face,test
/content/diffusion_local/train/FAKE/2622 (7).jpg,fake,diffusion,cifar_object,train
/content/intel_local/seg_train/seg_train/buildings/7010.jpg,real,intel,buildings,train
/content/diffusion_local/train/FAKE/5312 (6).jpg,fake,diffusion,cifar_object,train
/content/gan_local/real_vs_fake/real-vs-fake/train/real/55380.jpg,real,gan,face,train
/content/diffusion_local/train/FAKE/5197 (10).jpg,fake,diffusion,cifar_object,train
/content/gan_local/real_vs_fake/real-vs-fake/train/fake/QWCN3DHIX8.jpg,fake,gan,face,train
/content/general_ai_local/RealArt/RealArt/railroad-163518_640.jpg,real,general_ai,RealArt,train
/content/gan_local/real_vs_fake/real-vs-fake/train/fake/AVDFXHNI7Z.jpg,fake,gan,face,train
/content/diffusion_local/train/FAKE/4995 (3).jpg,fake,diffusion,cifar_object,train
/content/gan_local/real_vs_fake/real-vs-fake/train/real/49848.jpg,real,gan,face,train
/content/general_ai_local/AiArtData/AiArtData/082922_GeneratedArtAI_02_teh_z1b_04.jpg,fake,general_ai,AiArtData,train
/content/gan_local/real_vs_fake/real-vs-fake/valid/fake/YG7U32V51A.jpg,fake,gan,face,valid
/content/diffusion_local/train/FAKE/3081 (5).jpg,fake,diffusion,cifar_object,train
/content/diffusion_local/train/FAKE/3405 (9).jpg,fake,diffusion,cifar_object,train
/content/intel_local/seg_train/seg_train/buildings/8435.jpg,real,intel,buildings,train
/content/intel_local/seg_train/seg_train/mountain/12654.jpg,real,intel,mountain,train
/content/gan_local/real_vs_fake/real-vs-fake/train/fake/237X5L7Z4E.jpg,fake,gan,face,train
/content/gan_local/real_vs_fake/real-vs-fake/train/fake/NSCA3DSMBR.jpg,fake,gan,face,train
/content/intel_local/seg_train/seg_train/forest/9605.jpg,real,intel,forest,train
/content/general_ai_local/AiArtData/AiArtData/Turn-a-selfie-into-AI-portraits-in-different-styles-instantly-with-Fotor-AI-portrait-generator.jpg,fake,general_ai,AiArtData,train
/content/gan_local/real_vs_fake/real-vs-fake/train/fake/3TSA7ORD8B.jpg,fake,gan,face,train
/content/general_ai_local/RealArt/RealArt/ef2646b821cca54a5ad1cdfcf95d2a1a.jpg,real,general_ai,RealArt,train
/content/gan_local/real_vs_fake/real-vs-fake/train/real/20309.jpg,real,gan,face,train
/content/intel_local/seg_train/seg_train/street/12196.jpg,real,intel,street,train
/content/diffusion_local/train/FAKE/2033 (8).jpg,fake,diffusion,cifar_object,train
/content/diffusion_local/test/REAL/0309 (9).jpg,real,diffusion,cifar_object,test
/content/gan_local/real_vs_fake/real-vs-fake/train/fake/NOBG0TSA8I.jpg,fake,gan,face,train
/content/gan_local/real_vs_fake/real-vs-fake/train/fake/OIOPCIPNPS.jpg,fake,gan,face,train
/content/gan_local/real_vs_fake/real-vs-fake/valid/real/15694.jpg,real,gan,face,valid
/content/gan_local/real_vs_fake/real-vs-fake/train/real/32479.jpg,real,gan,face,train
/content/gan_local/real_vs_fake/real-vs-fake/train/fake/UUTL8YRHYJ.jpg,fake,gan,face,train
/content/diffusion_local/train/FAKE/5047.jpg,fake,diffusion,cifar_object,train
/content/diffusion_local/train/FAKE/2291 (3).jpg,fake,diffusion,cifar_object,train
/content/gan_local/real_vs_fake/real-vs-fake/train/fake/I2HJIZB0BM.jpg,fake,gan,face,train
/content/diffusion_local/train/FAKE/2151 (10).jpg,fake,diffusion,cifar_object,train
/content/gan_local/real_vs_fake/real-vs-fake/train/real/57265.jpg,real,gan,face,train
/content/gan_local/real_vs_fake/real-vs-fake/train/fake/10SSNGDWJQ.jpg,fake,gan,face,train
/content/intel_local/seg_train/seg_train/forest/2949.jpg,real,intel,forest,train
/content/intel_local/seg_train/seg_train/mountain/3367.jpg,real,intel,mountain,train
/content/diffusion_local/train/REAL/3178 (6).jpg,real,diffusion,cifar_object,train
/content/general_ai_local/AiArtData/AiArtData/8A9FC0D0-D02D-4909-8E7B90874F98DBF2_source.jpg,fake,general_ai,AiArtData,train
/content/diffusion_local/test/FAKE/84 (4).jpg,fake,diffusion,cifar_object,test
/content/intel_local/seg_train/seg_train/glacier/17986.jpg,real,intel,glacier,train
/content/diffusion_local/train/REAL/4088 (9).jpg,real,diffusion,cifar_object,train
/content/gan_local/real_vs_fake/real-vs-fake/test/fake/D383I5YSDU.jpg,fake,gan,face,test
/content/diffusion_local/train/REAL/4578 (2).jpg,real,diffusion,cifar_object,train
/content/general_ai_local/AiArtData/AiArtData/Using-Ai-art-tools-neuroflash.com_.png,fake,general_ai,AiArtData,train
/content/gan_local/real_vs_fake/real-vs-fake/train/real/50786.jpg,real,gan,face,train
/content/diffusion_local/train/REAL/4804 (5).jpg,real,diffusion,cifar_object,train
/content/gan_local/real_vs_fake/real-vs-fake/train/fake/0BBNVDM688.jpg,fake,gan,face,train
/content/gan_local/real_vs_fake/real-vs-fake/train/fake/I0OEER4H0M.jpg,fake,gan,face,train
/content/gan_local/real_vs_fake/real-vs-fake/train/fake/87AGEO7AW2.jpg,fake,gan,face,train
/content/diffusion_local/train/REAL/3967.jpg,real,diffusion,cifar_object,train
/content/general_ai_local/RealArt/RealArt/unknown-artist-mountain-landscapes-oil-on-card-paintings-set-of-2-8.jpg,real,general_ai,RealArt,train
/content/general_ai_local/RealArt/RealArt/Chris-Pratt.jpg,real,general_ai,RealArt,train
/content/intel_local/seg_train/seg_train/mountain/11491.jpg,real,intel,mountain,train
/content/gan_local/real_vs_fake/real-vs-fake/train/real/69317.jpg,real,gan,face,train
/content/diffusion_local/train/REAL/2841 (9).jpg,real,diffusion,cifar_object,train
/content/diffusion_local/train/REAL/1050 (8).jpg,real,diffusion,cifar_object,train
/content/diffusion_local/train/FAKE/2458 (2).jpg,fake,diffusion,cifar_object,train
/content/diffusion_local/test/FAKE/773 (2).jpg,fake,diffusion,cifar_object,test
/content/diffusion_local/train/REAL/1708 (8).jpg,real,diffusion,cifar_object,train
/content/diffusion_local/train/REAL/1311.jpg,real,diffusion,cifar_object,train
/content/intel_local/seg_train/seg_train/forest/929.jpg,real,intel,forest,train
/content/gan_local/real_vs_fake/real-vs-fake/train/fake/PLVDC0YUF8.jpg,fake,gan,face,train
/content/diffusion_local/test/FAKE/609 (10).jpg,fake,diffusion,cifar_object,test
/content/diffusion_local/train/FAKE/1136 (3).jpg,fake,diffusion,cifar_object,train
/content/diffusion_local/train/REAL/2875 (2).jpg,real,diffusion,cifar_object,train
/content/diffusion_local/train/REAL/3534 (9).jpg,real,diffusion,cifar_object,train
/content/intel_local/seg_train/seg_train/forest/4971.jpg,real,intel,forest,train
/content/gan_local/real_vs_fake/real-vs-fake/train/real/00567.jpg,real,gan,face,train
/content/diffusion_local/test/REAL/0801 (3).jpg,real,diffusion,cifar_object,test
/content/diffusion_local/train/FAKE/4746 (3).jpg,fake,diffusion,cifar_object,train
/content/gan_local/real_vs_fake/real-vs-fake/train/fake/X1XEIGSOAV.jpg,fake,gan,face,train
/content/general_ai_local/RealArt/RealArt/lemuranimaheader3.jpg,real,general_ai,RealArt,train
/content/intel_local/seg_train/seg_train/mountain/10599.jpg,real,intel,mountain,train
/content/diffusion_local/train/REAL/3691 (9).jpg,real,diffusion,cifar_object,train
/content/diffusion_local/train/FAKE/2884 (7).jpg,fake,diffusion,cifar_object,train
/content/gan_local/real_vs_fake/real-vs-fake/train/real/19226.jpg,real,gan,face,train
/content/intel_local/seg_train/seg_train/forest/12129.jpg,real,intel,forest,train
/content/diffusion_local/test/FAKE/798 (5).jpg,fake,diffusion,cifar_object,test
/content/gan_local/real_vs_fake/real-vs-fake/train/fake/TMPVBT8H25.jpg,fake,gan,face,train
/content/diffusion_local/train/FAKE/1958 (9).jpg,fake,diffusion,cifar_object,train
/content/intel_local/seg_train/seg_train/street/15265.jpg,real,intel,street,train
/content/intel_local/seg_train/seg_train/mountain/15475.jpg,real,intel,mountain,train
/content/gan_local/real_vs_fake/real-vs-fake/train/fake/TWC84DDKQ9.jpg,fake,gan,face,train
/content/intel_local/seg_train/seg_train/buildings/16873.jpg,real,intel,buildings,train
/content/gan_local/real_vs_fake/real-vs-fake/train/fake/FJQVFSONDU.jpg,fake,gan,face,train
/content/diffusion_local/train/REAL/2139 (9).jpg,real,diffusion,cifar_object,train
/content/gan_local/real_vs_fake/real-vs-fake/train/real/64180.jpg,real,gan,face,train
/content/gan_local/real_vs_fake/real-vs-fake/train/real/55557.jpg,real,gan,face,train
/content/diffusion_local/train/REAL/0637 (7).jpg,real,diffusion,cifar_object,train
/content/intel_local/seg_test/seg_test/sea/20115.jpg,real,intel,sea,test
/content/diffusion_local/train/FAKE/4824 (2).jpg,fake,diffusion,cifar_object,train
/content/gan_local/real_vs_fake/real-vs-fake/test/fake/434H0U6H7L.jpg,fake,gan,face,test
/content/diffusion_local/train/REAL/2598 (6).jpg,real,diffusion,cifar_object,train
/content/intel_local/seg_train/seg_train/sea/339.jpg,real,intel,sea,train
/content/gan_local/real_vs_fake/real-vs-fake/test/fake/8NMOQ10DUX.jpg,fake,gan,face,test
/content/diffusion_local/train/FAKE/2318 (7).jpg,fake,diffusion,cifar_object,train
/content/general_ai_local/AiArtData/AiArtData/aiart.jpg,fake,general_ai,AiArtData,train
/content/diffusion_local/train/REAL/0927.jpg,real,diffusion,cifar_object,train
/content/intel_local/seg_train/seg_train/street/8928.jpg,real,intel,street,train
/content/gan_local/real_vs_fake/real-vs-fake/train/fake/THE3BN8ZJM.jpg,fake,gan,face,train
/content/gan_local/real_vs_fake/real-vs-fake/test/real/17079.jpg,real,gan,face,test
/content/diffusion_local/train/FAKE/2506 (3).jpg,fake,diffusion,cifar_object,train
/content/diffusion_local/test/FAKE/217 (4).jpg,fake,diffusion,cifar_object,test
/content/intel_local/seg_train/seg_train/glacier/2101.jpg,real,intel,glacier,train
/content/gan_local/real_vs_fake/real-vs-fake/train/real/66201.jpg,real,gan,face,train
/content/diffusion_local/train/FAKE/1820 (7).jpg,fake,diffusion,cifar_object,train
/content/diffusion_local/train/REAL/0195.jpg,real,diffusion,cifar_object,train
/content/gan_local/real_vs_fake/real-vs-fake/train/fake/OGW4NJISCP.jpg,fake,gan,face,train
/content/intel_local/seg_train/seg_train/sea/5874.jpg,real,intel,sea,train
/content/diffusion_local/test/REAL/0591 (10).jpg,real,diffusion,cifar_object,test
/content/intel_local/seg_train/seg_train/mountain/5017.jpg,real,intel,mountain,train
/content/gan_local/real_vs_fake/real-vs-fake/train/real/18692.jpg,real,gan,face,train
/content/diffusion_local/train/REAL/4096 (5).jpg,real,diffusion,cifar_object,train
/content/diffusion_local/train/FAKE/4883 (3).jpg,fake,diffusion,cifar_object,train
/content/gan_local/real_vs_fake/real-vs-fake/valid/real/06895.jpg,real,gan,face,valid
/content/gan_local/real_vs_fake/real-vs-fake/test/real/20883.jpg,real,gan,face,test
/content/general_ai_local/AiArtData/AiArtData/1VYisIu_trZPEZbLWkUtmBg.jpeg,fake,general_ai,AiArtData,train
/content/general_ai_local/RealArt/RealArt/XaHpf_z51huQS_JPHs-jkPhBp0dLlxFJwt-sPLpGJB0.jpg,real,general_ai,RealArt,train
/content/gan_local/real_vs_fake/real-vs-fake/train/fake/QEKQ0SO4NP.jpg,fake,gan,face,train
/content/diffusion_local/train/FAKE/1933 (5).jpg,fake,diffusion,cifar_object,train
/content/gan_local/real_vs_fake/real-vs-fake/train/real/46166.jpg,real,gan,face,train
/content/gan_local/real_vs_fake/real-vs-fake/train/real/08542.jpg,real,gan,face,train
/content/diffusion_local/test/REAL/0769 (2).jpg,real,diffusion,cifar_object,test
/content/intel_local/seg_train/seg_train/forest/8637.jpg,real,intel,forest,train
/content/gan_local/real_vs_fake/real-vs-fake/test/fake/R0UUL6E7NR.jpg,fake,gan,face,test
/content/intel_local/seg_test/seg_test/mountain/21643.jpg,real,intel,mountain,test
/content/intel_local/seg_train/seg_train/buildings/14467.jpg,real,intel,buildings,train
/content/intel_local/seg_train/seg_train/sea/6261.jpg,real,intel,sea,train
/content/diffusion_local/train/FAKE/1566 (4).jpg,fake,diffusion,cifar_object,train
/content/diffusion_local/train/FAKE/1921 (2).jpg,fake,diffusion,cifar_object,train
/content/diffusion_local/test/REAL/0200 (5).jpg,real,diffusion,cifar_object,test
/content/intel_local/seg_train/seg_train/street/19698.jpg,real,intel,street,train
/content/diffusion_local/train/FAKE/5485 (8).jpg,fake,diffusion,cifar_object,train
/content/gan_local/real_vs_fake/real-vs-fake/train/fake/38101PFYCZ.jpg,fake,gan,face,train
/content/gan_local/real_vs_fake/real-vs-fake/train/fake/KOWIZHMSP4.jpg,fake,gan,face,train
/content/intel_local/seg_train/seg_train/sea/14717.jpg,real,intel,sea,train
/content/general_ai_local/AiArtData/AiArtData/2022-11-10-image-12.jpg,fake,general_ai,AiArtData,train
/content/intel_local/seg_train/seg_train/street/201.jpg,real,intel,street,train
/content/general_ai_local/RealArt/RealArt/image14.jpeg,real,general_ai,RealArt,train
/content/general_ai_local/AiArtData/AiArtData/ting-art-on-a-canvas-with-many-colors-in-art-nouveau-style-1-e1670998298608.jpeg,fake,general_ai,AiArtData,train
/content/gan_local/real_vs_fake/real-vs-fake/test/fake/KANEY5NBH5.jpg,fake,gan,face,test
/content/intel_local/seg_train/seg_train/forest/5574.jpg,real,intel,forest,train
/content/diffusion_local/train/REAL/4665 (7).jpg,real,diffusion,cifar_object,train
/content/diffusion_local/test/REAL/0526 (5).jpg,real,diffusion,cifar_object,test
/content/general_ai_local/RealArt/RealArt/3ae7570b10d1f71a41a1daea8bf8de77.jpg,real,general_ai,RealArt,train
/content/intel_local/seg_train/seg_train/glacier/11875.jpg,real,intel,glacier,train
/content/diffusion_local/train/FAKE/5193 (2).jpg,fake,diffusion,cifar_object,train
/content/diffusion_local/train/FAKE/3845 (10).jpg,fake,diffusion,cifar_object,train
/content/general_ai_local/AiArtData/AiArtData/63b413cd19c92c377052b31a_62c85730733d96f8213065f7_HERO2520-2520Yellow.jpeg,fake,general_ai,AiArtData,train
/content/diffusion_local/train/FAKE/4058 (10).jpg,fake,diffusion,cifar_object,train
/content/gan_local/real_vs_fake/real-vs-fake/train/fake/49XKBL6WRB.jpg,fake,gan,face,train
/content/diffusion_local/train/FAKE/3680 (4).jpg,fake,diffusion,cifar_object,train
/content/intel_local/seg_train/seg_train/sea/6432.jpg,real,intel,sea,train
/content/diffusion_local/train/FAKE/3872 (9).jpg,fake,diffusion,cifar_object,train
/content/diffusion_local/train/FAKE/3265 (10).jpg,fake,diffusion,cifar_object,train
/content/diffusion_local/train/REAL/0705 (7).jpg,real,diffusion,cifar_object,train
/content/diffusion_local/train/FAKE/3241 (2).jpg,fake,diffusion,cifar_object,train
/content/gan_local/real_vs_fake/real-vs-fake/train/fake/C2I7IWTQAD.jpg,fake,gan,face,train
/content/intel_local/seg_train/seg_train/forest/13167.jpg,real,intel,forest,train
/content/diffusion_local/train/REAL/0418 (9).jpg,real,diffusion,cifar_object,train
/content/gan_local/real_vs_fake/real-vs-fake/train/fake/RIYTC7U3WK.jpg,fake,gan,face,train
/content/gan_local/real_vs_fake/real-vs-fake/train/fake/KS7Z833HF5.jpg,fake,gan,face,train
/content/diffusion_local/train/FAKE/1540 (10).jpg,fake,diffusion,cifar_object,train
/content/general_ai_local/AiArtData/AiArtData/jesus-dunking-scaled.jpg,fake,general_ai,AiArtData,train
/content/intel_local/seg_test/seg_test/sea/22271.jpg,real,intel,sea,test
/content/diffusion_local/test/REAL/0516 (2).jpg,real,diffusion,cifar_object,test
/content/intel_local/seg_train/seg_train/street/13985.jpg,real,intel,street,train
/content/gan_local/real_vs_fake/real-vs-fake/train/fake/5MFTIM3ART.jpg,fake,gan,face,train
/content/gan_local/real_vs_fake/real-vs-fake/train/real/00175.jpg,real,gan,face,train
/content/gan_local/real_vs_fake/real-vs-fake/train/fake/4B1SU4JNY0.jpg,fake,gan,face,train
/content/gan_local/real_vs_fake/real-vs-fake/train/fake/IAU1LDP2FS.jpg,fake,gan,face,train
/content/gan_local/real_vs_fake/real-vs-fake/test/fake/K4Y9XIZ57X.jpg,fake,gan,face,test
/content/intel_local/seg_test/seg_test/buildings/22953.jpg,real,intel,buildings,test
/content/gan_local/real_vs_fake/real-vs-fake/test/fake/32X11BVTFC.jpg,fake,gan,face,test
/content/gan_local/real_vs_fake/real-vs-fake/train/fake/2OL97QP15H.jpg,fake,gan,face,train
/content/intel_local/seg_train/seg_train/mountain/9928.jpg,real,intel,mountain,train
/content/diffusion_local/train/REAL/0725 (9).jpg,real,diffusion,cifar_object,train
/content/gan_local/real_vs_fake/real-vs-fake/train/fake/XKEADT5P36.jpg,fake,gan,face,train
/content/diffusion_local/train/FAKE/4201 (5).jpg,fake,diffusion,cifar_object,train
/content/diffusion_local/test/FAKE/915 (9).jpg,fake,diffusion,cifar_object,test
/content/diffusion_local/train/REAL/0754 (10).jpg,real,diffusion,cifar_object,train
/content/intel_local/seg_train/seg_train/forest/9740.jpg,real,intel,forest,train
/content/intel_local/seg_train/seg_train/buildings/14816.jpg,real,intel,buildings,train
/content/diffusion_local/train/FAKE/3165 (6).jpg,fake,diffusion,cifar_object,train
/content/diffusion_local/train/FAKE/4524 (8).jpg,fake,diffusion,cifar_object,train
/content/diffusion_local/train/FAKE/2781 (8).jpg,fake,diffusion,cifar_object,train
/content/diffusion_local/train/REAL/2390 (10).jpg,real,diffusion,cifar_object,train
/content/gan_local/real_vs_fake/real-vs-fake/train/fake/U3WL0JYCJ7.jpg,fake,gan,face,train
/content/gan_local/real_vs_fake/real-vs-fake/train/fake/TET9CK39JC.jpg,fake,gan,face,train
/content/gan_local/real_vs_fake/real-vs-fake/test/fake/QWXMJZCZIY.jpg,fake,gan,face,test
/content/diffusion_local/test/REAL/0084 (6).jpg,real,diffusion,cifar_object,test
/content/gan_local/real_vs_fake/real-vs-fake/test/real/59402.jpg,real,gan,face,test
/content/diffusion_local/test/FAKE/51 (9).jpg,fake,diffusion,cifar_object,test
/content/gan_local/real_vs_fake/real-vs-fake/valid/fake/GL25PEOY3A.jpg,fake,gan,face,valid
/content/general_ai_local/RealArt/RealArt/B23A9251-Edit-1024x683.jpg,real,general_ai,RealArt,train
/content/diffusion_local/train/REAL/0354 (7).jpg,real,diffusion,cifar_object,train
/content/gan_local/real_vs_fake/real-vs-fake/train/real/35234.jpg,real,gan,face,train
/content/gan_local/real_vs_fake/real-vs-fake/train/fake/9UHID4N365.jpg,fake,gan,face,train
/content/diffusion_local/train/FAKE/1429 (3).jpg,fake,diffusion,cifar_object,train
/content/intel_local/seg_train/seg_train/sea/5464.jpg,real,intel,sea,train
/content/diffusion_local/train/REAL/1601 (5).jpg,real,diffusion,cifar_object,train
/content/diffusion_local/train/FAKE/5031 (5).jpg,fake,diffusion,cifar_object,train
/content/diffusion_local/train/FAKE/1145 (3).jpg,fake,diffusion,cifar_object,train
/content/intel_local/seg_train/seg_train/buildings/12273.jpg,real,intel,buildings,train
/content/intel_local/seg_train/seg_train/buildings/3364.jpg,real,intel,buildings,train
/content/diffusion_local/train/FAKE/4543 (7).jpg,fake,diffusion,cifar_object,train
/content/diffusion_local/train/REAL/0195 (4).jpg,real,diffusion,cifar_object,train
/content/intel_local/seg_train/seg_train/street/1078.jpg,real,intel,street,train
/content/gan_local/real_vs_fake/real-vs-fake/test/fake/I0TSNPIHHO.jpg,fake,gan,face,test
/content/intel_local/seg_train/seg_train/buildings/18237.jpg,real,intel,buildings,train
/content/diffusion_local/train/FAKE/4575 (8).jpg,fake,diffusion,cifar_object,train
/content/diffusion_local/train/FAKE/3955 (7).jpg,fake,diffusion,cifar_object,train
/content/general_ai_local/RealArt/RealArt/wildlife_hero.jpg,real,general_ai,RealArt,train
/content/diffusion_local/train/REAL/0776.jpg,real,diffusion,cifar_object,train
/content/intel_local/seg_train/seg_train/street/7702.jpg,real,intel,street,train
/content/gan_local/real_vs_fake/real-vs-fake/train/real/58711.jpg,real,gan,face,train
/content/gan_local/real_vs_fake/real-vs-fake/train/fake/D5A6CIXTM2.jpg,fake,gan,face,train
/content/intel_local/seg_train/seg_train/street/20036.jpg,real,intel,street,train
/content/intel_local/seg_train/seg_train/glacier/16021.jpg,real,intel,glacier,train
/content/gan_local/real_vs_fake/real-vs-fake/train/real/61266.jpg,real,gan,face,train
/content/intel_local/seg_train/seg_train/buildings/11700.jpg,real,intel,buildings,train
/content/gan_local/real_vs_fake/real-vs-fake/train/fake/OSDRYFOWHG.jpg,fake,gan,face,train
/content/gan_local/real_vs_fake/real-vs-fake/test/fake/TPB2O0VS4E.jpg,fake,gan,face,test
/content/gan_local/real_vs_fake/real-vs-fake/valid/real/38624.jpg,real,gan,face,valid
/content/diffusion_local/train/FAKE/3991 (10).jpg,fake,diffusion,cifar_object,train
/content/diffusion_local/train/FAKE/1700 (3).jpg,fake,diffusion,cifar_object,train
/content/intel_local/seg_train/seg_train/mountain/7816.jpg,real,intel,mountain,train
/content/diffusion_local/train/FAKE/1797 (9).jpg,fake,diffusion,cifar_object,train
/content/diffusion_local/train/FAKE/5018 (3).jpg,fake,diffusion,cifar_object,train
/content/diffusion_local/test/FAKE/119.jpg,fake,diffusion,cifar_object,test
/content/general_ai_local/AiArtData/AiArtData/Midjourney-montage.jpg,fake,general_ai,AiArtData,train
/content/intel_local/seg_train/seg_train/forest/20051.jpg,real,intel,forest,train
/content/gan_local/real_vs_fake/real-vs-fake/test/fake/91ZMSYGSFY.jpg,fake,gan,face,test
/content/diffusion_local/train/FAKE/3723 (4).jpg,fake,diffusion,cifar_object,train
/content/intel_local/seg_train/seg_train/glacier/17510.jpg,real,intel,glacier,train
/content/gan_local/real_vs_fake/real-vs-fake/test/real/05237.jpg,real,gan,face,test
/content/gan_local/real_vs_fake/real-vs-fake/test/real/03984.jpg,real,gan,face,test
/content/intel_local/seg_train/seg_train/street/13643.jpg,real,intel,street,train
/content/gan_local/real_vs_fake/real-vs-fake/train/fake/RC1G5VU4TW.jpg,fake,gan,face,train
/content/diffusion_local/train/FAKE/4693 (10).jpg,fake,diffusion,cifar_object,train
/content/diffusion_local/train/FAKE/2785.jpg,fake,diffusion,cifar_object,train
/content/gan_local/real_vs_fake/real-vs-fake/train/fake/N2X99QR3LR.jpg,fake,gan,face,train
/content/gan_local/real_vs_fake/real-vs-fake/train/fake/SQ7BAI631O.jpg,fake,gan,face,train
/content/diffusion_local/train/REAL/3715 (7).jpg,real,diffusion,cifar_object,train
/content/gan_local/real_vs_fake/real-vs-fake/train/real/47309.jpg,real,gan,face,train
/content/gan_local/real_vs_fake/real-vs-fake/valid/fake/P61TVLNDIG.jpg,fake,gan,face,valid
/content/gan_local/real_vs_fake/real-vs-fake/train/fake/U3A6XTNHGE.jpg,fake,gan,face,train
/content/diffusion_local/train/FAKE/2797 (2).jpg,fake,diffusion,cifar_object,train
/content/intel_local/seg_test/seg_test/glacier/23629.jpg,real,intel,glacier,test
/content/diffusion_local/train/REAL/4302 (6).jpg,real,diffusion,cifar_object,train
/content/gan_local/real_vs_fake/real-vs-fake/train/fake/QQCKZ4F1J4.jpg,fake,gan,face,train
/content/gan_local/real_vs_fake/real-vs-fake/train/fake/RNZWJ26A4D.jpg,fake,gan,face,train
/content/gan_local/real_vs_fake/real-vs-fake/valid/fake/NDACP9KFN8.jpg,fake,gan,face,valid
/content/diffusion_local/train/FAKE/5262 (5).jpg,fake,diffusion,cifar_object,train
/content/gan_local/real_vs_fake/real-vs-fake/train/fake/WGBNXL2DUK.jpg,fake,gan,face,train
/content/diffusion_local/train/FAKE/4273 (3).jpg,fake,diffusion,cifar_object,train
/content/diffusion_local/train/FAKE/3300 (9).jpg,fake,diffusion,cifar_object,train
/content/diffusion_local/train/REAL/3727 (8).jpg,real,diffusion,cifar_object,train
/content/diffusion_local/train/FAKE/1930 (8).jpg,fake,diffusion,cifar_object,train
/content/diffusion_local/train/FAKE/4797 (9).jpg,fake,diffusion,cifar_object,train
/content/gan_local/real_vs_fake/real-vs-fake/train/real/54943.jpg,real,gan,face,train
/content/general_ai_local/AiArtData/AiArtData/van-gogh.jpg,fake,general_ai,AiArtData,train
/content/diffusion_local/train/FAKE/1125 (3).jpg,fake,diffusion,cifar_object,train
/content/gan_local/real_vs_fake/real-vs-fake/test/fake/PHPJCZ0ECF.jpg,fake,gan,face,test
/content/gan_local/real_vs_fake/real-vs-fake/train/fake/BI0JYGFK4A.jpg,fake,gan,face,train
/content/gan_local/real_vs_fake/real-vs-fake/train/fake/VHFZAPXEA7.jpg,fake,gan,face,train
/content/intel_local/seg_train/seg_train/buildings/16289.jpg,real,intel,buildings,train
/content/diffusion_local/train/FAKE/1258 (3).jpg,fake,diffusion,cifar_object,train
/content/intel_local/seg_train/seg_train/glacier/11004.jpg,real,intel,glacier,train
/content/gan_local/real_vs_fake/real-vs-fake/train/fake/QTO5XGY1RO.jpg,fake,gan,face,train
/content/gan_local/real_vs_fake/real-vs-fake/valid/fake/0OS9TNPFJ0.jpg,fake,gan,face,valid
/content/gan_local/real_vs_fake/real-vs-fake/train/fake/M9WZ6E09I3.jpg,fake,gan,face,train
/content/diffusion_local/train/REAL/4939 (9).jpg,real,diffusion,cifar_object,train
/content/intel_local/seg_train/seg_train/mountain/6602.jpg,real,intel,mountain,train
/content/gan_local/real_vs_fake/real-vs-fake/train/fake/CDZQ9QPQ1H.jpg,fake,gan,face,train
/content/intel_local/seg_train/seg_train/mountain/7026.jpg,real,intel,mountain,train
/content/diffusion_local/train/FAKE/4834 (3).jpg,fake,diffusion,cifar_object,train
/content/gan_local/real_vs_fake/real-vs-fake/valid/real/22681.jpg,real,gan,face,valid
/content/intel_local/seg_train/seg_train/glacier/19828.jpg,real,intel,glacier,train
/content/gan_local/real_vs_fake/real-vs-fake/train/real/35109.jpg,real,gan,face,train
/content/general_ai_local/AiArtData/AiArtData/e47d1283-90b0-4844-98a3-41456f0c341c.jpg,fake,general_ai,AiArtData,train
/content/general_ai_local/AiArtData/AiArtData/tiger4.jpg,fake,general_ai,AiArtData,train
/content/gan_local/real_vs_fake/real-vs-fake/train/fake/Q2M6GOI5I2.jpg,fake,gan,face,train
/content/diffusion_local/train/REAL/1609 (2).jpg,real,diffusion,cifar_object,train
/content/gan_local/real_vs_fake/real-vs-fake/train/fake/J89BN0HGZH.jpg,fake,gan,face,train
/content/diffusion_local/train/FAKE/4515.jpg,fake,diffusion,cifar_object,train
/content/general_ai_local/RealArt/RealArt/JoanneHastie-2021-ForestLight-MountSeymourPainting-canvas-prints-003.jpg,real,general_ai,RealArt,train
/content/diffusion_local/train/FAKE/5670 (8).jpg,fake,diffusion,cifar_object,train
/content/diffusion_local/train/REAL/4447 (4).jpg,real,diffusion,cifar_object,train
/content/gan_local/real_vs_fake/real-vs-fake/train/fake/OJQDKWNRAN.jpg,fake,gan,face,train
/content/intel_local/seg_train/seg_train/street/6064.jpg,real,intel,street,train
/content/gan_local/real_vs_fake/real-vs-fake/train/real/47263.jpg,real,gan,face,train
/content/diffusion_local/train/FAKE/1466 (2).jpg,fake,diffusion,cifar_object,train
/content/diffusion_local/test/FAKE/11.jpg,fake,diffusion,cifar_object,test
/content/diffusion_local/train/FAKE/4704 (9).jpg,fake,diffusion,cifar_object,train
/content/diffusion_local/train/REAL/0646 (10).jpg,real,diffusion,cifar_object,train
/content/gan_local/real_vs_fake/real-vs-fake/train/fake/WPVE64ZALD.jpg,fake,gan,face,train
/content/intel_local/seg_train/seg_train/street/1754.jpg,real,intel,street,train
/content/diffusion_local/train/REAL/3409 (2).jpg,real,diffusion,cifar_object,train
/content/gan_local/real_vs_fake/real-vs-fake/train/fake/0DH6K70J52.jpg,fake,gan,face,train
/content/gan_local/real_vs_fake/real-vs-fake/train/real/07610.jpg,real,gan,face,train
/content/intel_local/seg_test/seg_test/mountain/20123.jpg,real,intel,mountain,test
/content/general_ai_local/AiArtData/AiArtData/UNfSEPwoEvvYcUN4H7PR.jpg,fake,general_ai,AiArtData,train
/content/gan_local/real_vs_fake/real-vs-fake/train/fake/0G0KX060R2.jpg,fake,gan,face,train
/content/intel_local/seg_train/seg_train/sea/15671.jpg,real,intel,sea,train
/content/gan_local/real_vs_fake/real-vs-fake/valid/real/12838.jpg,real,gan,face,valid
/content/gan_local/real_vs_fake/real-vs-fake/train/fake/M2V27WWXAA.jpg,fake,gan,face,train
/content/intel_local/seg_test/seg_test/mountain/21466.jpg,real,intel,mountain,test
/content/intel_local/seg_test/seg_test/street/21435.jpg,real,intel,street,test
/content/gan_local/real_vs_fake/real-vs-fake/valid/real/11135.jpg,real,gan,face,valid
/content/diffusion_local/train/REAL/2419 (5).jpg,real,diffusion,cifar_object,train
/content/intel_local/seg_train/seg_train/forest/11213.jpg,real,intel,forest,train
/content/diffusion_local/train/FAKE/1358 (10).jpg,fake,diffusion,cifar_object,train
/content/diffusion_local/train/FAKE/2712 (2).jpg,fake,diffusion,cifar_object,train
/content/gan_local/real_vs_fake/real-vs-fake/train/fake/GL36X0AOIM.jpg,fake,gan,face,train
/content/gan_local/real_vs_fake/real-vs-fake/train/fake/E457B3Q5YA.jpg,fake,gan,face,train
/content/gan_local/real_vs_fake/real-vs-fake/train/fake/KHUHQDV3WC.jpg,fake,gan,face,train
/content/diffusion_local/train/FAKE/4130 (2).jpg,fake,diffusion,cifar_object,train
/content/intel_local/seg_train/seg_train/buildings/12999.jpg,real,intel,buildings,train
/content/diffusion_local/train/FAKE/2208 (9).jpg,fake,diffusion,cifar_object,train
/content/diffusion_local/train/REAL/2097 (4).jpg,real,diffusion,cifar_object,train
/content/general_ai_local/AiArtData/AiArtData/-yellow-kimono-with-a-golden-crown-and-a-very-detailed-Barn-owl-copy-800x800.jpg,fake,general_ai,AiArtData,train
/content/diffusion_local/train/REAL/2114 (5).jpg,real,diffusion,cifar_object,train
/content/intel_local/seg_train/seg_train/sea/16184.jpg,real,intel,sea,train
/content/gan_local/real_vs_fake/real-vs-fake/train/fake/2ID26FW3FX.jpg,fake,gan,face,train
/content/gan_local/real_vs_fake/real-vs-fake/valid/fake/FOFARIID0T.jpg,fake,gan,face,valid
/content/gan_local/real_vs_fake/real-vs-fake/train/real/18685.jpg,real,gan,face,train
/content/diffusion_local/train/REAL/4765 (8).jpg,real,diffusion,cifar_object,train
/content/gan_local/real_vs_fake/real-vs-fake/train/fake/37Q8ZYU4C7.jpg,fake,gan,face,train
/content/diffusion_local/test/FAKE/778 (8).jpg,fake,diffusion,cifar_object,test
/content/gan_local/real_vs_fake/real-vs-fake/train/fake/IDZ14JDUO0.jpg,fake,gan,face,train
/content/intel_local/seg_train/seg_train/buildings/18846.jpg,real,intel,buildings,train
/content/gan_local/real_vs_fake/real-vs-fake/train/real/13266.jpg,real,gan,face,train
/content/diffusion_local/train/FAKE/1215 (5).jpg,fake,diffusion,cifar_object,train
/content/diffusion_local/train/FAKE/4673 (5).jpg,fake,diffusion,cifar_object,train
/content/diffusion_local/train/FAKE/5574 (2).jpg,fake,diffusion,cifar_object,train
/content/diffusion_local/test/FAKE/46 (10).jpg,fake,diffusion,cifar_object,test
/content/gan_local/real_vs_fake/real-vs-fake/train/fake/DPGJ6SOGW4.jpg,fake,gan,face,train
/content/intel_local/seg_train/seg_train/glacier/8870.jpg,real,intel,glacier,train
/content/diffusion_local/test/REAL/0873 (4).jpg,real,diffusion,cifar_object,test
/content/intel_local/seg_train/seg_train/mountain/12007.jpg,real,intel,mountain,train
/content/gan_local/real_vs_fake/real-vs-fake/valid/fake/Q6GZ6J0CPB.jpg,fake,gan,face,valid
/content/intel_local/seg_train/seg_train/sea/11026.jpg,real,intel,sea,train
/content/intel_local/seg_train/seg_train/mountain/12815.jpg,real,intel,mountain,train
/content/general_ai_local/AiArtData/AiArtData/76480055-12619627-image-a-40_1697122533354.jpg,fake,general_ai,AiArtData,train
/content/diffusion_local/train/FAKE/5172 (6).jpg,fake,diffusion,cifar_object,train
/content/diffusion_local/test/FAKE/480 (5).jpg,fake,diffusion,cifar_object,test
/content/gan_local/real_vs_fake/real-vs-fake/train/real/55481.jpg,real,gan,face,train
/content/gan_local/real_vs_fake/real-vs-fake/train/fake/EPMFD8BZUK.jpg,fake,gan,face,train
/content/gan_local/real_vs_fake/real-vs-fake/test/real/57387.jpg,real,gan,face,test
/content/gan_local/real_vs_fake/real-vs-fake/train/fake/U5NZKQL0F9.jpg,fake,gan,face,train
/content/intel_local/seg_test/seg_test/mountain/22188.jpg,real,intel,mountain,test
/content/intel_local/seg_test/seg_test/mountain/20397.jpg,real,intel,mountain,test
/content/gan_local/real_vs_fake/real-vs-fake/train/real/07769.jpg,real,gan,face,train
/content/gan_local/real_vs_fake/real-vs-fake/train/fake/0B96Q8K85K.jpg,fake,gan,face,train
/content/intel_local/seg_train/seg_train/sea/3601.jpg,real,intel,sea,train
/content/intel_local/seg_test/seg_test/glacier/24323.jpg,real,intel,glacier,test
/content/intel_local/seg_train/seg_train/street/19950.jpg,real,intel,street,train
/content/intel_local/seg_train/seg_train/street/1827.jpg,real,intel,street,train
/content/gan_local/real_vs_fake/real-vs-fake/train/real/62499.jpg,real,gan,face,train
/content/gan_local/real_vs_fake/real-vs-fake/train/real/33708.jpg,real,gan,face,train
/content/diffusion_local/train/REAL/4191 (4).jpg,real,diffusion,cifar_object,train
/content/diffusion_local/train/REAL/3573 (8).jpg,real,diffusion,cifar_object,train
/content/diffusion_local/train/REAL/2780.jpg,real,diffusion,cifar_object,train
/content/general_ai_local/RealArt/RealArt/GettyImages-514622028-1200px.jpg,real,general_ai,RealArt,train
/content/intel_local/seg_train/seg_train/forest/18310.jpg,real,intel,forest,train
/content/gan_local/real_vs_fake/real-vs-fake/train/fake/5GFKM22JZF.jpg,fake,gan,face,train
/content/gan_local/real_vs_fake/real-vs-fake/train/fake/F1NWJRR4HJ.jpg,fake,gan,face,train
/content/gan_local/real_vs_fake/real-vs-fake/valid/fake/V3LV3TFSQY.jpg,fake,gan,face,valid
/content/gan_local/real_vs_fake/real-vs-fake/test/fake/XRUEVXULN5.jpg,fake,gan,face,test
/content/gan_local/real_vs_fake/real-vs-fake/train/real/46898.jpg,real,gan,face,train
/content/gan_local/real_vs_fake/real-vs-fake/train/fake/2CE9CL23K2.jpg,fake,gan,face,train
/content/intel_local/seg_train/seg_train/street/12434.jpg,real,intel,street,train
/content/diffusion_local/train/FAKE/1697 (7).jpg,fake,diffusion,cifar_object,train
/content/intel_local/seg_train/seg_train/buildings/4959.jpg,real,intel,buildings,train
/content/gan_local/real_vs_fake/real-vs-fake/train/fake/MIMSEUOYWV.jpg,fake,gan,face,train
/content/diffusion_local/train/FAKE/5422 (7).jpg,fake,diffusion,cifar_object,train
/content/diffusion_local/train/REAL/0864 (8).jpg,real,diffusion,cifar_object,train
/content/intel_local/seg_train/seg_train/glacier/12482.jpg,real,intel,glacier,train
/content/diffusion_local/train/FAKE/1363 (5).jpg,fake,diffusion,cifar_object,train
/content/diffusion_local/test/REAL/0434 (7).jpg,real,diffusion,cifar_object,test
/content/gan_local/real_vs_fake/real-vs-fake/train/fake/PP50SP638I.jpg,fake,gan,face,train
/content/intel_local/seg_train/seg_train/glacier/2277.jpg,real,intel,glacier,train
/content/diffusion_local/test/REAL/0012 (10).jpg,real,diffusion,cifar_object,test
/content/intel_local/seg_train/seg_train/forest/17011.jpg,real,intel,forest,train
/content/intel_local/seg_test/seg_test/mountain/20176.jpg,real,intel,mountain,test
/content/diffusion_local/train/FAKE/1118 (6).jpg,fake,diffusion,cifar_object,train
/content/gan_local/real_vs_fake/real-vs-fake/train/fake/T6K2Q3H3OI.jpg,fake,gan,face,train
/content/intel_local/seg_train/seg_train/sea/18205.jpg,real,intel,sea,train
/content/diffusion_local/train/REAL/0670 (10).jpg,real,diffusion,cifar_object,train
/content/diffusion_local/train/REAL/0073 (8).jpg,real,diffusion,cifar_object,train
/content/diffusion_local/train/REAL/1908 (6).jpg,real,diffusion,cifar_object,train
/content/diffusion_local/train/REAL/0109 (4).jpg,real,diffusion,cifar_object,train
/content/diffusion_local/train/FAKE/2664.jpg,fake,diffusion,cifar_object,train
/content/diffusion_local/train/FAKE/1088 (2).jpg,fake,diffusion,cifar_object,train
/content/general_ai_local/AiArtData/AiArtData/ai-generated-7921580_1280.jpg,fake,general_ai,AiArtData,train
/content/diffusion_local/train/FAKE/4958.jpg,fake,diffusion,cifar_object,train
/content/gan_local/real_vs_fake/real-vs-fake/valid/real/62573.jpg,real,gan,face,valid
/content/diffusion_local/train/FAKE/2642.jpg,fake,diffusion,cifar_object,train
/content/diffusion_local/test/FAKE/816 (6).jpg,fake,diffusion,cifar_object,test
/content/diffusion_local/train/FAKE/3403 (4).jpg,fake,diffusion,cifar_object,train
/content/intel_local/seg_train/seg_train/forest/8407.jpg,real,intel,forest,train
/content/general_ai_local/AiArtData/AiArtData/1WA1ZUTaiGV9YO5lVEPPFhA.png,fake,general_ai,AiArtData,train
/content/gan_local/real_vs_fake/real-vs-fake/train/fake/E3AW0UGTWT.jpg,fake,gan,face,train
/content/diffusion_local/train/FAKE/2513 (8).jpg,fake,diffusion,cifar_object,train
/content/diffusion_local/train/FAKE/3813 (9).jpg,fake,diffusion,cifar_object,train
/content/gan_local/real_vs_fake/real-vs-fake/test/real/35933.jpg,real,gan,face,test
/content/diffusion_local/train/FAKE/5117 (2).jpg,fake,diffusion,cifar_object,train
/content/intel_local/seg_train/seg_train/sea/5691.jpg,real,intel,sea,train
/content/gan_local/real_vs_fake/real-vs-fake/train/real/23684.jpg,real,gan,face,train
/content/diffusion_local/train/FAKE/1276 (6).jpg,fake,diffusion,cifar_object,train
/content/gan_local/real_vs_fake/real-vs-fake/train/fake/R6667428YV.jpg,fake,gan,face,train
/content/diffusion_local/train/FAKE/5171 (7).jpg,fake,diffusion,cifar_object,train
/content/intel_local/seg_train/seg_train/street/37.jpg,real,intel,street,train
/content/diffusion_local/train/REAL/0199 (2).jpg,real,diffusion,cifar_object,train
/content/intel_local/seg_train/seg_train/glacier/7598.jpg,real,intel,glacier,train
/content/diffusion_local/train/FAKE/1652 (5).jpg,fake,diffusion,cifar_object,train
/content/diffusion_local/train/FAKE/2936.jpg,fake,diffusion,cifar_object,train
/content/intel_local/seg_train/seg_train/sea/5270.jpg,real,intel,sea,train
/content/diffusion_local/train/FAKE/4381 (5).jpg,fake,diffusion,cifar_object,train
/content/intel_local/seg_train/seg_train/buildings/878.jpg,real,intel,buildings,train
/content/gan_local/real_vs_fake/real-vs-fake/test/real/66030.jpg,real,gan,face,test
/content/intel_local/seg_train/seg_train/glacier/6048.jpg,real,intel,glacier,train
/content/diffusion_local/train/REAL/1944 (10).jpg,real,diffusion,cifar_object,train
/content/intel_local/seg_train/seg_train/glacier/17194.jpg,real,intel,glacier,train
/content/gan_local/real_vs_fake/real-vs-fake/test/real/42895.jpg,real,gan,face,test
/content/diffusion_local/test/REAL/0466 (9).jpg,real,diffusion,cifar_object,test
/content/diffusion_local/train/FAKE/4655 (6).jpg,fake,diffusion,cifar_object,train
/content/diffusion_local/train/FAKE/3103 (5).jpg,fake,diffusion,cifar_object,train
/content/diffusion_local/train/FAKE/1782 (2).jpg,fake,diffusion,cifar_object,train
/content/gan_local/real_vs_fake/real-vs-fake/train/fake/D9MA4X0BKK.jpg,fake,gan,face,train
/content/gan_local/real_vs_fake/real-vs-fake/train/real/55058.jpg,real,gan,face,train
/content/gan_local/real_vs_fake/real-vs-fake/train/real/10961.jpg,real,gan,face,train
/content/intel_local/seg_train/seg_train/forest/3494.jpg,real,intel,forest,train
/content/diffusion_local/train/REAL/1074 (10).jpg,real,diffusion,cifar_object,train
/content/intel_local/seg_train/seg_train/glacier/18495.jpg,real,intel,glacier,train
/content/gan_local/real_vs_fake/real-vs-fake/train/fake/UU5CR46URE.jpg,fake,gan,face,train
/content/gan_local/real_vs_fake/real-vs-fake/test/fake/UK6EXEZS4F.jpg,fake,gan,face,test
/content/diffusion_local/train/REAL/0483 (7).jpg,real,diffusion,cifar_object,train
/content/diffusion_local/train/FAKE/3206.jpg,fake,diffusion,cifar_object,train
/content/intel_local/seg_train/seg_train/street/6091.jpg,real,intel,street,train
/content/gan_local/real_vs_fake/real-vs-fake/valid/real/21813.jpg,real,gan,face,valid
/content/diffusion_local/train/FAKE/3517 (4).jpg,fake,diffusion,cifar_object,train
/content/diffusion_local/train/REAL/2599 (4).jpg,real,diffusion,cifar_object,train
/content/gan_local/real_vs_fake/real-vs-fake/train/fake/EERXPGOTMX.jpg,fake,gan,face,train
/content/intel_local/seg_train/seg_train/buildings/15238.jpg,real,intel,buildings,train
/content/gan_local/real_vs_fake/real-vs-fake/train/real/31240.jpg,real,gan,face,train
/content/gan_local/real_vs_fake/real-vs-fake/valid/fake/GGB9ACXSF9.jpg,fake,gan,face,valid
/content/intel_local/seg_train/seg_train/glacier/10326.jpg,real,intel,glacier,train
/content/diffusion_local/train/FAKE/2346 (10).jpg,fake,diffusion,cifar_object,train
/content/diffusion_local/train/REAL/0626 (5).jpg,real,diffusion,cifar_object,train
/content/diffusion_local/train/FAKE/5101 (10).jpg,fake,diffusion,cifar_object,train
/content/general_ai_local/AiArtData/AiArtData/Midjourney.png,fake,general_ai,AiArtData,train
/content/diffusion_local/train/REAL/4507.jpg,real,diffusion,cifar_object,train
/content/diffusion_local/train/FAKE/1643 (7).jpg,fake,diffusion,cifar_object,train
/content/gan_local/real_vs_fake/real-vs-fake/test/fake/SE6KWII6SZ.jpg,fake,gan,face,test
/content/gan_local/real_vs_fake/real-vs-fake/train/fake/4HD10LXSTH.jpg,fake,gan,face,train
/content/gan_local/real_vs_fake/real-vs-fake/train/real/04423.jpg,real,gan,face,train
/content/diffusion_local/train/FAKE/4214 (9).jpg,fake,diffusion,cifar_object,train
/content/gan_local/real_vs_fake/real-vs-fake/train/real/06567.jpg,real,gan,face,train
/content/diffusion_local/test/FAKE/48 (6).jpg,fake,diffusion,cifar_object,test
/content/general_ai_local/RealArt/RealArt/young-girl-holding-chaffinch-upton-house-1336611.jpg,real,general_ai,RealArt,train
/content/intel_local/seg_test/seg_test/sea/20970.jpg,real,intel,sea,test
/content/diffusion_local/test/REAL/0727 (4).jpg,real,diffusion,cifar_object,test
/content/intel_local/seg_train/seg_train/mountain/10977.jpg,real,intel,mountain,train
/content/intel_local/seg_train/seg_train/mountain/177.jpg,real,intel,mountain,train
/content/diffusion_local/test/REAL/0590 (9).jpg,real,diffusion,cifar_object,test
/content/diffusion_local/train/FAKE/1947 (8).jpg,fake,diffusion,cifar_object,train
/content/diffusion_local/train/FAKE/4793 (5).jpg,fake,diffusion,cifar_object,train
/content/general_ai_local/AiArtData/AiArtData/22acc109-736b-480c-a6f7-8ee4e0fc61ed.jpg,fake,general_ai,AiArtData,train
/content/diffusion_local/test/FAKE/928 (2).jpg,fake,diffusion,cifar_object,test
/content/diffusion_local/test/FAKE/476.jpg,fake,diffusion,cifar_object,test
/content/intel_local/seg_train/seg_train/street/5846.jpg,real,intel,street,train
/content/gan_local/real_vs_fake/real-vs-fake/valid/real/45723.jpg,real,gan,face,valid
/content/diffusion_local/train/FAKE/1590 (2).jpg,fake,diffusion,cifar_object,train
/content/gan_local/real_vs_fake/real-vs-fake/train/real/35525.jpg,real,gan,face,train
/content/gan_local/real_vs_fake/real-vs-fake/train/fake/G15FAPJ0HF.jpg,fake,gan,face,train
/content/diffusion_local/train/REAL/0524 (7).jpg,real,diffusion,cifar_object,train
/content/gan_local/real_vs_fake/real-vs-fake/train/fake/JN1VIG0A9Y.jpg,fake,gan,face,train
/content/diffusion_local/train/FAKE/1990 (3).jpg,fake,diffusion,cifar_object,train
/content/gan_local/real_vs_fake/real-vs-fake/valid/fake/NBVGEC3RIC.jpg,fake,gan,face,valid
/content/general_ai_local/AiArtData/AiArtData/ale_full_body_glasses_sci-fi_maximum__6c55f7b9-e0e6-4588-bc6e-aa6a4fbfea38-1.png,fake,general_ai,AiArtData,train
/content/gan_local/real_vs_fake/real-vs-fake/train/fake/1CBUEXYPVD.jpg,fake,gan,face,train
/content/diffusion_local/train/REAL/2018 (8).jpg,real,diffusion,cifar_object,train
/content/gan_local/real_vs_fake/real-vs-fake/train/fake/MUQ202TGQE.jpg,fake,gan,face,train
/content/diffusion_local/train/FAKE/4785 (7).jpg,fake,diffusion,cifar_object,train
/content/gan_local/real_vs_fake/real-vs-fake/train/fake/EBA9Z9F5NB.jpg,fake,gan,face,train
/content/diffusion_local/test/REAL/0058 (7).jpg,real,diffusion,cifar_object,test
/content/gan_local/real_vs_fake/real-vs-fake/train/real/46520.jpg,real,gan,face,train
/content/general_ai_local/RealArt/RealArt/image15.jpeg,real,general_ai,RealArt,train
/content/gan_local/real_vs_fake/real-vs-fake/train/fake/C4OID7NACT.jpg,fake,gan,face,train
/content/intel_local/seg_test/seg_test/glacier/21463.jpg,real,intel,glacier,test
/content/intel_local/seg_train/seg_train/glacier/3513.jpg,real,intel,glacier,train
/content/general_ai_local/AiArtData/AiArtData/screen_shot_2022-12-14_at_1.35.54_pm.png,fake,general_ai,AiArtData,train
/content/diffusion_local/train/FAKE/4083 (4).jpg,fake,diffusion,cifar_object,train
/content/intel_local/seg_train/seg_train/buildings/1028.jpg,real,intel,buildings,train
/content/gan_local/real_vs_fake/real-vs-fake/valid/fake/IRCNK4P5MT.jpg,fake,gan,face,valid
/content/intel_local/seg_train/seg_train/buildings/14856.jpg,real,intel,buildings,train
/content/intel_local/seg_train/seg_train/buildings/19217.jpg,real,intel,buildings,train
/content/diffusion_local/train/FAKE/4771 (7).jpg,fake,diffusion,cifar_object,train
/content/gan_local/real_vs_fake/real-vs-fake/train/fake/SCUA4UWI8T.jpg,fake,gan,face,train
/content/gan_local/real_vs_fake/real-vs-fake/train/fake/E1J4H3U3B2.jpg,fake,gan,face,train
/content/gan_local/real_vs_fake/real-vs-fake/train/fake/CLESUI1CH2.jpg,fake,gan,face,train
/content/intel_local/seg_train/seg_train/forest/11221.jpg,real,intel,forest,train
/content/gan_local/real_vs_fake/real-vs-fake/train/fake/9T82G6CA35.jpg,fake,gan,face,train
/content/diffusion_local/train/FAKE/3876 (2).jpg,fake,diffusion,cifar_object,train
/content/gan_local/real_vs_fake/real-vs-fake/train/fake/NNVHO3P80U.jpg,fake,gan,face,train
/content/diffusion_local/train/REAL/3668 (2).jpg,real,diffusion,cifar_object,train
/content/gan_local/real_vs_fake/real-vs-fake/train/real/25908.jpg,real,gan,face,train
/content/gan_local/real_vs_fake/real-vs-fake/test/fake/QOXY7N43BX.jpg,fake,gan,face,test
/content/gan_local/real_vs_fake/real-vs-fake/train/real/47317.jpg,real,gan,face,train
/content/diffusion_local/train/FAKE/4726 (7).jpg,fake,diffusion,cifar_object,train
/content/general_ai_local/AiArtData/AiArtData/1lYr05XDF4i_da6eQZ0C6yw.png,fake,general_ai,AiArtData,train
/content/gan_local/real_vs_fake/real-vs-fake/train/real/39935.jpg,real,gan,face,train
/content/gan_local/real_vs_fake/real-vs-fake/train/fake/EMQQV74SSI.jpg,fake,gan,face,train
/content/diffusion_local/train/REAL/4160 (8).jpg,real,diffusion,cifar_object,train
/content/gan_local/real_vs_fake/real-vs-fake/train/real/08845.jpg,real,gan,face,train
/content/gan_local/real_vs_fake/real-vs-fake/valid/fake/EV6V0IZHJJ.jpg,fake,gan,face,valid
/content/gan_local/real_vs_fake/real-vs-fake/train/fake/3951X54MA7.jpg,fake,gan,face,train
/content/gan_local/real_vs_fake/real-vs-fake/test/fake/PUDRPXR0PS.jpg,fake,gan,face,test
/content/diffusion_local/train/FAKE/4049 (9).jpg,fake,diffusion,cifar_object,train
/content/diffusion_local/test/REAL/0333 (6).jpg,real,diffusion,cifar_object,test
/content/diffusion_local/train/REAL/0188 (2).jpg,real,diffusion,cifar_object,train
/content/gan_local/real_vs_fake/real-vs-fake/train/fake/8WCIRV13WX.jpg,fake,gan,face,train
/content/intel_local/seg_test/seg_test/forest/24007.jpg,real,intel,forest,test
/content/gan_local/real_vs_fake/real-vs-fake/train/fake/N1BVVHSM90.jpg,fake,gan,face,train
/content/intel_local/seg_train/seg_train/glacier/17522.jpg,real,intel,glacier,train
/content/gan_local/real_vs_fake/real-vs-fake/test/fake/LR9N3GTM07.jpg,fake,gan,face,test
/content/intel_local/seg_train/seg_train/sea/3185.jpg,real,intel,sea,train
/content/gan_local/real_vs_fake/real-vs-fake/valid/real/47600.jpg,real,gan,face,valid
/content/diffusion_local/train/FAKE/3787 (5).jpg,fake,diffusion,cifar_object,train
/content/intel_local/seg_train/seg_train/sea/2878.jpg,real,intel,sea,train
/content/diffusion_local/train/FAKE/2762 (4).jpg,fake,diffusion,cifar_object,train
/content/intel_local/seg_train/seg_train/glacier/13205.jpg,real,intel,glacier,train
/content/intel_local/seg_test/seg_test/glacier/23812.jpg,real,intel,glacier,test
/content/gan_local/real_vs_fake/real-vs-fake/train/fake/AHGXFR12QC.jpg,fake,gan,face,train
/content/gan_local/real_vs_fake/real-vs-fake/valid/fake/9Z8V1PD8MC.jpg,fake,gan,face,valid
/content/diffusion_local/train/FAKE/5999 (5).jpg,fake,diffusion,cifar_object,train
/content/gan_local/real_vs_fake/real-vs-fake/valid/real/48222.jpg,real,gan,face,valid
/content/diffusion_local/train/FAKE/3242 (8).jpg,fake,diffusion,cifar_object,train
/content/diffusion_local/train/REAL/2649 (10).jpg,real,diffusion,cifar_object,train
/content/diffusion_local/test/REAL/0424 (5).jpg,real,diffusion,cifar_object,test
/content/diffusion_local/train/FAKE/5523 (9).jpg,fake,diffusion,cifar_object,train
/content/diffusion_local/train/FAKE/3144 (9).jpg,fake,diffusion,cifar_object,train
/content/diffusion_local/train/FAKE/2338 (5).jpg,fake,diffusion,cifar_object,train
/content/diffusion_local/train/FAKE/3854 (9).jpg,fake,diffusion,cifar_object,train
/content/diffusion_local/train/FAKE/4959 (5).jpg,fake,diffusion,cifar_object,train
/content/gan_local/real_vs_fake/real-vs-fake/train/fake/4MS2QW3I9L.jpg,fake,gan,face,train
/content/gan_local/real_vs_fake/real-vs-fake/train/real/06272.jpg,real,gan,face,train
/content/intel_local/seg_train/seg_train/street/1878.jpg,real,intel,street,train
/content/gan_local/real_vs_fake/real-vs-fake/test/real/41307.jpg,real,gan,face,test
/content/gan_local/real_vs_fake/real-vs-fake/train/fake/Z31PQMDMFG.jpg,fake,gan,face,train
/content/diffusion_local/train/FAKE/1593 (4).jpg,fake,diffusion,cifar_object,train
/content/intel_local/seg_train/seg_train/glacier/4969.jpg,real,intel,glacier,train
/content/gan_local/real_vs_fake/real-vs-fake/train/fake/KB7WC131HT.jpg,fake,gan,face,train
/content/general_ai_local/AiArtData/AiArtData/memory-palace-by-Louis-Vivin-250_out-1.png,fake,general_ai,AiArtData,train
/content/general_ai_local/AiArtData/AiArtData/How-can-AI-unlock-the-psychedelic-drugs-do-to-our-brains.jpg,fake,general_ai,AiArtData,train
/content/diffusion_local/train/FAKE/3257 (5).jpg,fake,diffusion,cifar_object,train
/content/intel_local/seg_train/seg_train/street/14465.jpg,real,intel,street,train
/content/diffusion_local/train/REAL/4752.jpg,real,diffusion,cifar_object,train
/content/intel_local/seg_train/seg_train/street/538.jpg,real,intel,street,train
/content/diffusion_local/train/FAKE/1349 (4).jpg,fake,diffusion,cifar_object,train
/content/gan_local/real_vs_fake/real-vs-fake/valid/fake/Y7TK5L453E.jpg,fake,gan,face,valid
/content/diffusion_local/train/FAKE/2785 (4).jpg,fake,diffusion,cifar_object,train
/content/gan_local/real_vs_fake/real-vs-fake/train/real/48192.jpg,real,gan,face,train
/content/diffusion_local/train/FAKE/5151 (7).jpg,fake,diffusion,cifar_object,train
/content/general_ai_local/AiArtData/AiArtData/sddefault2.jpg,fake,general_ai,AiArtData,train
/content/gan_local/real_vs_fake/real-vs-fake/train/real/31290.jpg,real,gan,face,train
/content/general_ai_local/AiArtData/AiArtData/CreationOfAdam.jpg,fake,general_ai,AiArtData,train
/content/diffusion_local/train/FAKE/5244 (8).jpg,fake,diffusion,cifar_object,train
/content/general_ai_local/AiArtData/AiArtData/63964cc739abd575d50b68ed_google-not-against-ai.jpg,fake,general_ai,AiArtData,train
/content/intel_local/seg_train/seg_train/mountain/6813.jpg,real,intel,mountain,train
/content/gan_local/real_vs_fake/real-vs-fake/train/real/53698.jpg,real,gan,face,train
/content/gan_local/real_vs_fake/real-vs-fake/valid/fake/1SK0DHU4BI.jpg,fake,gan,face,valid
/content/gan_local/real_vs_fake/real-vs-fake/train/real/58632.jpg,real,gan,face,train
/content/intel_local/seg_train/seg_train/forest/5024.jpg,real,intel,forest,train
/content/gan_local/real_vs_fake/real-vs-fake/train/fake/K185C6R91L.jpg,fake,gan,face,train
/content/diffusion_local/train/REAL/3220 (4).jpg,real,diffusion,cifar_object,train
/content/diffusion_local/train/REAL/0719 (4).jpg,real,diffusion,cifar_object,train
/content/intel_local/seg_train/seg_train/forest/5704.jpg,real,intel,forest,train
/content/diffusion_local/train/FAKE/4784 (6).jpg,fake,diffusion,cifar_object,train
/content/gan_local/real_vs_fake/real-vs-fake/train/fake/DRG5IQB2KO.jpg,fake,gan,face,train
/content/gan_local/real_vs_fake/real-vs-fake/train/fake/BHK7JZHQZQ.jpg,fake,gan,face,train
/content/diffusion_local/train/FAKE/2313 (4).jpg,fake,diffusion,cifar_object,train
/content/diffusion_local/train/REAL/2899 (5).jpg,real,diffusion,cifar_object,train
/content/intel_local/seg_train/seg_train/glacier/7962.jpg,real,intel,glacier,train
/content/gan_local/real_vs_fake/real-vs-fake/test/fake/HH43EKQZ99.jpg,fake,gan,face,test
/content/gan_local/real_vs_fake/real-vs-fake/train/fake/NY08D8SEDS.jpg,fake,gan,face,train
/content/intel_local/seg_train/seg_train/sea/78.jpg,real,intel,sea,train
/content/intel_local/seg_train/seg_train/glacier/947.jpg,real,intel,glacier,train
/content/gan_local/real_vs_fake/real-vs-fake/train/fake/G5AWDKAOR7.jpg,fake,gan,face,train
/content/gan_local/real_vs_fake/real-vs-fake/test/fake/E8C2W2D0OG.jpg,fake,gan,face,test
/content/gan_local/real_vs_fake/real-vs-fake/train/fake/SKL762JQ4R.jpg,fake,gan,face,train
/content/gan_local/real_vs_fake/real-vs-fake/train/real/09113.jpg,real,gan,face,train
/content/gan_local/real_vs_fake/real-vs-fake/valid/fake/H6STCK9M3V.jpg,fake,gan,face,valid
/content/diffusion_local/train/REAL/1168 (9).jpg,real,diffusion,cifar_object,train
/content/diffusion_local/train/FAKE/5082 (10).jpg,fake,diffusion,cifar_object,train
/content/gan_local/real_vs_fake/real-vs-fake/train/fake/2GU3PWMNHZ.jpg,fake,gan,face,train
/content/gan_local/real_vs_fake/real-vs-fake/test/fake/K4LWL0HWEX.jpg,fake,gan,face,test
/content/intel_local/seg_test/seg_test/street/20937.jpg,real,intel,street,test
/content/gan_local/real_vs_fake/real-vs-fake/test/fake/NLTIK8CPR4.jpg,fake,gan,face,test
/content/gan_local/real_vs_fake/real-vs-fake/train/fake/UYS0CV19CD.jpg,fake,gan,face,train
/content/diffusion_local/train/REAL/1649 (5).jpg,real,diffusion,cifar_object,train
/content/diffusion_local/train/FAKE/2664 (5).jpg,fake,diffusion,cifar_object,train
/content/gan_local/real_vs_fake/real-vs-fake/train/fake/RKM39IURX3.jpg,fake,gan,face,train
/content/gan_local/real_vs_fake/real-vs-fake/train/fake/YP3KDQOD2D.jpg,fake,gan,face,train
/content/diffusion_local/train/REAL/3184 (6).jpg,real,diffusion,cifar_object,train
/content/gan_local/real_vs_fake/real-vs-fake/test/real/28772.jpg,real,gan,face,test
/content/intel_local/seg_train/seg_train/mountain/12776.jpg,real,intel,mountain,train
/content/intel_local/seg_train/seg_train/buildings/8658.jpg,real,intel,buildings,train
/content/intel_local/seg_train/seg_train/forest/10990.jpg,real,intel,forest,train
/content/gan_local/real_vs_fake/real-vs-fake/train/fake/JE3Q0QHNDQ.jpg,fake,gan,face,train
/content/diffusion_local/test/FAKE/966 (6).jpg,fake,diffusion,cifar_object,test
/content/diffusion_local/train/REAL/1099 (6).jpg,real,diffusion,cifar_object,train
/content/diffusion_local/train/FAKE/2450 (8).jpg,fake,diffusion,cifar_object,train
/content/intel_local/seg_train/seg_train/glacier/6043.jpg,real,intel,glacier,train
/content/gan_local/real_vs_fake/real-vs-fake/train/real/63313.jpg,real,gan,face,train
/content/general_ai_local/AiArtData/AiArtData/landscape-art-ai-generated-photo2.jpg,fake,general_ai,AiArtData,train
/content/intel_local/seg_train/seg_train/buildings/1647.jpg,real,intel,buildings,train
/content/diffusion_local/train/REAL/2558 (8).jpg,real,diffusion,cifar_object,train
/content/intel_local/seg_test/seg_test/sea/23536.jpg,real,intel,sea,test
/content/gan_local/real_vs_fake/real-vs-fake/train/fake/7Q5H6K0VV4.jpg,fake,gan,face,train
/content/general_ai_local/AiArtData/AiArtData/name320.png,fake,general_ai,AiArtData,train
/content/diffusion_local/train/FAKE/2971 (8).jpg,fake,diffusion,cifar_object,train
/content/gan_local/real_vs_fake/real-vs-fake/train/fake/IT03LXNX0X.jpg,fake,gan,face,train
/content/diffusion_local/train/REAL/4649 (5).jpg,real,diffusion,cifar_object,train
/content/diffusion_local/train/FAKE/1330 (4).jpg,fake,diffusion,cifar_object,train
/content/intel_local/seg_train/seg_train/forest/9308.jpg,real,intel,forest,train
/content/intel_local/seg_train/seg_train/street/8130.jpg,real,intel,street,train
/content/diffusion_local/train/FAKE/3529 (2).jpg,fake,diffusion,cifar_object,train
/content/gan_local/real_vs_fake/real-vs-fake/train/real/29242.jpg,real,gan,face,train
/content/gan_local/real_vs_fake/real-vs-fake/test/fake/9V8MX6JWCP.jpg,fake,gan,face,test
/content/diffusion_local/train/REAL/4973 (3).jpg,real,diffusion,cifar_object,train
/content/gan_local/real_vs_fake/real-vs-fake/train/real/30844.jpg,real,gan,face,train
/content/gan_local/real_vs_fake/real-vs-fake/train/fake/91TPSGI6BV.jpg,fake,gan,face,train
/content/gan_local/real_vs_fake/real-vs-fake/valid/fake/9W0Y5XVK0Z.jpg,fake,gan,face,valid
/content/gan_local/real_vs_fake/real-vs-fake/train/real/34733.jpg,real,gan,face,train
/content/intel_local/seg_train/seg_train/mountain/2875.jpg,real,intel,mountain,train
/content/diffusion_local/train/FAKE/2623 (3).jpg,fake,diffusion,cifar_object,train
/content/intel_local/seg_train/seg_train/street/9362.jpg,real,intel,street,train
/content/diffusion_local/test/FAKE/441 (2).jpg,fake,diffusion,cifar_object,test
/content/gan_local/real_vs_fake/real-vs-fake/train/fake/YIYHJYLR5P.jpg,fake,gan,face,train
/content/diffusion_local/train/REAL/3970.jpg,real,diffusion,cifar_object,train
/content/diffusion_local/train/FAKE/1389 (2).jpg,fake,diffusion,cifar_object,train
/content/diffusion_local/train/FAKE/5229 (8).jpg,fake,diffusion,cifar_object,train
/content/gan_local/real_vs_fake/real-vs-fake/train/fake/ZM97BMWGWW.jpg,fake,gan,face,train
/content/diffusion_local/train/FAKE/4314 (8).jpg,fake,diffusion,cifar_object,train
/content/diffusion_local/train/FAKE/4540 (7).jpg,fake,diffusion,cifar_object,train
/content/intel_local/seg_train/seg_train/buildings/10165.jpg,real,intel,buildings,train
/content/diffusion_local/train/REAL/0511 (10).jpg,real,diffusion,cifar_object,train
/content/gan_local/real_vs_fake/real-vs-fake/train/real/15880.jpg,real,gan,face,train
/content/gan_local/real_vs_fake/real-vs-fake/train/real/57635.jpg,real,gan,face,train
/content/gan_local/real_vs_fake/real-vs-fake/train/real/50093.jpg,real,gan,face,train
/content/gan_local/real_vs_fake/real-vs-fake/train/fake/DG4HQIH7D2.jpg,fake,gan,face,train
/content/diffusion_local/train/REAL/4848 (8).jpg,real,diffusion,cifar_object,train
/content/diffusion_local/train/FAKE/3315 (10).jpg,fake,diffusion,cifar_object,train
/content/gan_local/real_vs_fake/real-vs-fake/train/real/49744.jpg,real,gan,face,train
/content/gan_local/real_vs_fake/real-vs-fake/train/real/16499.jpg,real,gan,face,train
/content/intel_local/seg_train/seg_train/street/7889.jpg,real,intel,street,train
/content/gan_local/real_vs_fake/real-vs-fake/train/real/67580.jpg,real,gan,face,train
/content/gan_local/real_vs_fake/real-vs-fake/valid/real/52319.jpg,real,gan,face,valid
/content/diffusion_local/train/FAKE/2464 (5).jpg,fake,diffusion,cifar_object,train
/content/gan_local/real_vs_fake/real-vs-fake/valid/real/69899.jpg,real,gan,face,valid
/content/general_ai_local/RealArt/RealArt/daniel-norton-portrait-photography-CLOSE.jpg,real,general_ai,RealArt,train
/content/diffusion_local/test/FAKE/773 (5).jpg,fake,diffusion,cifar_object,test
/content/gan_local/real_vs_fake/real-vs-fake/train/real/10970.jpg,real,gan,face,train
/content/intel_local/seg_train/seg_train/forest/15541.jpg,real,intel,forest,train
/content/diffusion_local/train/FAKE/1216 (5).jpg,fake,diffusion,cifar_object,train
/content/diffusion_local/train/FAKE/3095 (8).jpg,fake,diffusion,cifar_object,train
/content/gan_local/real_vs_fake/real-vs-fake/train/fake/GOKCH71L6I.jpg,fake,gan,face,train
/content/gan_local/real_vs_fake/real-vs-fake/valid/fake/XCW7UNBJWS.jpg,fake,gan,face,valid
/content/intel_local/seg_train/seg_train/buildings/4294.jpg,real,intel,buildings,train
/content/gan_local/real_vs_fake/real-vs-fake/valid/real/51727.jpg,real,gan,face,valid
/content/intel_local/seg_train/seg_train/buildings/13568.jpg,real,intel,buildings,train
/content/diffusion_local/train/FAKE/4849.jpg,fake,diffusion,cifar_object,train
/content/gan_local/real_vs_fake/real-vs-fake/valid/real/40373.jpg,real,gan,face,valid
/content/diffusion_local/train/REAL/1538 (7).jpg,real,diffusion,cifar_object,train
/content/intel_local/seg_train/seg_train/street/12238.jpg,real,intel,street,train
/content/gan_local/real_vs_fake/real-vs-fake/train/real/43513.jpg,real,gan,face,train
/content/gan_local/real_vs_fake/real-vs-fake/valid/fake/RTIWWIQ7RW.jpg,fake,gan,face,valid
/content/gan_local/real_vs_fake/real-vs-fake/train/fake/NY9YFPWR91.jpg,fake,gan,face,train
/content/intel_local/seg_train/seg_train/mountain/17364.jpg,real,intel,mountain,train
/content/gan_local/real_vs_fake/real-vs-fake/test/real/56358.jpg,real,gan,face,test
/content/gan_local/real_vs_fake/real-vs-fake/valid/fake/0DL5EVAEK0.jpg,fake,gan,face,valid
/content/diffusion_local/test/FAKE/939 (5).jpg,fake,diffusion,cifar_object,test
/content/gan_local/real_vs_fake/real-vs-fake/train/fake/BR7MPY3Q4Q.jpg,fake,gan,face,train
/content/intel_local/seg_test/seg_test/sea/22085.jpg,real,intel,sea,test
/content/intel_local/seg_train/seg_train/street/6204.jpg,real,intel,street,train
/content/intel_local/seg_train/seg_train/buildings/9627.jpg,real,intel,buildings,train
/content/intel_local/seg_test/seg_test/street/21044.jpg,real,intel,street,test
/content/gan_local/real_vs_fake/real-vs-fake/train/fake/3U1B35KJEF.jpg,fake,gan,face,train
/content/intel_local/seg_train/seg_train/mountain/9793.jpg,real,intel,mountain,train
/content/diffusion_local/train/FAKE/3471 (5).jpg,fake,diffusion,cifar_object,train
/content/gan_local/real_vs_fake/real-vs-fake/train/fake/E97HPLEJ18.jpg,fake,gan,face,train
/content/intel_local/seg_train/seg_train/mountain/11816.jpg,real,intel,mountain,train
/content/diffusion_local/train/FAKE/1144 (9).jpg,fake,diffusion,cifar_object,train
/content/diffusion_local/train/FAKE/5706 (6).jpg,fake,diffusion,cifar_object,train
/content/diffusion_local/test/REAL/0283.jpg,real,diffusion,cifar_object,test
/content/gan_local/real_vs_fake/real-vs-fake/train/fake/OI8IJ3FCTH.jpg,fake,gan,face,train
/content/diffusion_local/train/REAL/1577 (3).jpg,real,diffusion,cifar_object,train
/content/intel_local/seg_test/seg_test/street/23616.jpg,real,intel,street,test
/content/diffusion_local/train/FAKE/4258 (8).jpg,fake,diffusion,cifar_object,train
/content/diffusion_local/train/FAKE/4077 (3).jpg,fake,diffusion,cifar_object,train
/content/general_ai_local/AiArtData/AiArtData/Portrait_and_paint_drops_Generative_AI.png,fake,general_ai,AiArtData,train
/content/diffusion_local/train/FAKE/2622 (5).jpg,fake,diffusion,cifar_object,train
/content/general_ai_local/RealArt/RealArt/Group-of-People.jpg,real,general_ai,RealArt,train
/content/gan_local/real_vs_fake/real-vs-fake/train/real/04755.jpg,real,gan,face,train
/content/intel_local/seg_train/seg_train/buildings/13779.jpg,real,intel,buildings,train
/content/diffusion_local/test/FAKE/863.jpg,fake,diffusion,cifar_object,test
/content/diffusion_local/train/FAKE/4811 (10).jpg,fake,diffusion,cifar_object,train
/content/diffusion_local/train/FAKE/1493 (10).jpg,fake,diffusion,cifar_object,train
/content/diffusion_local/train/FAKE/5811 (4).jpg,fake,diffusion,cifar_object,train
/content/gan_local/real_vs_fake/real-vs-fake/test/fake/1882Q663BI.jpg,fake,gan,face,test
/content/intel_local/seg_train/seg_train/forest/13114.jpg,real,intel,forest,train
/content/gan_local/real_vs_fake/real-vs-fake/train/fake/RDEPAQ8XI1.jpg,fake,gan,face,train
/content/diffusion_local/train/FAKE/2070 (8).jpg,fake,diffusion,cifar_object,train
/content/general_ai_local/AiArtData/AiArtData/nathan-shipley-historical-ai-portraits-15.jpg,fake,general_ai,AiArtData,train
/content/intel_local/seg_train/seg_train/forest/8519.jpg,real,intel,forest,train
/content/diffusion_local/train/FAKE/4019 (7).jpg,fake,diffusion,cifar_object,train
/content/general_ai_local/AiArtData/AiArtData/Fantastic-Realism-Fungus-AI-Generated-Art-Psychedelic-Art-Fungus-Decor-65247356-1.png,fake,general_ai,AiArtData,train
/content/intel_local/seg_train/seg_train/sea/4401.jpg,real,intel,sea,train
/content/intel_local/seg_train/seg_train/street/14037.jpg,real,intel,street,train
/content/diffusion_local/train/FAKE/1321.jpg,fake,diffusion,cifar_object,train
/content/diffusion_local/train/FAKE/2554 (4).jpg,fake,diffusion,cifar_object,train
/content/diffusion_local/train/FAKE/5920 (8).jpg,fake,diffusion,cifar_object,train
/content/gan_local/real_vs_fake/real-vs-fake/train/fake/IQ66GCPQPD.jpg,fake,gan,face,train
/content/gan_local/real_vs_fake/real-vs-fake/train/fake/CEGKTJ07WE.jpg,fake,gan,face,train
/content/general_ai_local/AiArtData/AiArtData/Header-L-316a743.jpg,fake,general_ai,AiArtData,train
/content/diffusion_local/test/REAL/0653.jpg,real,diffusion,cifar_object,test
/content/general_ai_local/RealArt/RealArt/190430171751-mona-lisa.jpg,real,general_ai,RealArt,train
/content/diffusion_local/train/REAL/2204 (4).jpg,real,diffusion,cifar_object,train
/content/gan_local/real_vs_fake/real-vs-fake/train/real/32038.jpg,real,gan,face,train
/content/gan_local/real_vs_fake/real-vs-fake/train/fake/1R9L7FASPH.jpg,fake,gan,face,train
/content/diffusion_local/train/FAKE/5653 (10).jpg,fake,diffusion,cifar_object,train
/content/diffusion_local/train/FAKE/5436 (9).jpg,fake,diffusion,cifar_object,train
/content/gan_local/real_vs_fake/real-vs-fake/valid/fake/B5DMWVQUIJ.jpg,fake,gan,face,valid
/content/diffusion_local/test/FAKE/253 (9).jpg,fake,diffusion,cifar_object,test
/content/intel_local/seg_train/seg_train/street/16437.jpg,real,intel,street,train
/content/diffusion_local/test/FAKE/467 (6).jpg,fake,diffusion,cifar_object,test
/content/gan_local/real_vs_fake/real-vs-fake/train/fake/YF7EV1KXQM.jpg,fake,gan,face,train
/content/diffusion_local/train/FAKE/5272 (2).jpg,fake,diffusion,cifar_object,train
/content/gan_local/real_vs_fake/real-vs-fake/valid/fake/8XB39Y0U47.jpg,fake,gan,face,valid
/content/diffusion_local/train/FAKE/5205 (6).jpg,fake,diffusion,cifar_object,train
/content/intel_local/seg_test/seg_test/glacier/23703.jpg,real,intel,glacier,test
/content/gan_local/real_vs_fake/real-vs-fake/train/real/03008.jpg,real,gan,face,train
/content/gan_local/real_vs_fake/real-vs-fake/test/fake/COVWAR1I4R.jpg,fake,gan,face,test
/content/gan_local/real_vs_fake/real-vs-fake/train/fake/L9OOHNSJ56.jpg,fake,gan,face,train
/content/gan_local/real_vs_fake/real-vs-fake/train/fake/1QUXG8RQJ1.jpg,fake,gan,face,train
/content/diffusion_local/train/FAKE/5982 (4).jpg,fake,diffusion,cifar_object,train
/content/intel_local/seg_train/seg_train/buildings/1429.jpg,real,intel,buildings,train
/content/gan_local/real_vs_fake/real-vs-fake/test/real/67097.jpg,real,gan,face,test
/content/gan_local/real_vs_fake/real-vs-fake/train/real/43413.jpg,real,gan,face,train
/content/intel_local/seg_train/seg_train/street/5299.jpg,real,intel,street,train
/content/gan_local/real_vs_fake/real-vs-fake/train/real/39702.jpg,real,gan,face,train
/content/gan_local/real_vs_fake/real-vs-fake/train/fake/C4H4XFC0U5.jpg,fake,gan,face,train
/content/diffusion_local/train/FAKE/5314 (5).jpg,fake,diffusion,cifar_object,train
/content/diffusion_local/test/FAKE/207 (6).jpg,fake,diffusion,cifar_object,test
/content/gan_local/real_vs_fake/real-vs-fake/train/fake/V79U70WOVD.jpg,fake,gan,face,train
/content/diffusion_local/train/REAL/2057 (7).jpg,real,diffusion,cifar_object,train
/content/diffusion_local/train/REAL/1303 (6).jpg,real,diffusion,cifar_object,train
/content/gan_local/real_vs_fake/real-vs-fake/train/fake/4SAF7Y6OIK.jpg,fake,gan,face,train
/content/gan_local/real_vs_fake/real-vs-fake/train/fake/YCQNPPAVR8.jpg,fake,gan,face,train
/content/gan_local/real_vs_fake/real-vs-fake/train/fake/QY3YALUC2S.jpg,fake,gan,face,train
/content/diffusion_local/train/REAL/4559 (10).jpg,real,diffusion,cifar_object,train
/content/intel_local/seg_train/seg_train/buildings/1623.jpg,real,intel,buildings,train
/content/diffusion_local/train/FAKE/5113.jpg,fake,diffusion,cifar_object,train
/content/diffusion_local/train/FAKE/5569 (5).jpg,fake,diffusion,cifar_object,train
/content/gan_local/real_vs_fake/real-vs-fake/valid/fake/IJ3J1X9YVF.jpg,fake,gan,face,valid
/content/intel_local/seg_train/seg_train/sea/285.jpg,real,intel,sea,train
/content/diffusion_local/train/REAL/3353.jpg,real,diffusion,cifar_object,train
/content/diffusion_local/train/FAKE/5784 (8).jpg,fake,diffusion,cifar_object,train
/content/diffusion_local/train/FAKE/1684 (9).jpg,fake,diffusion,cifar_object,train
/content/gan_local/real_vs_fake/real-vs-fake/valid/fake/42Q2RAWO8V.jpg,fake,gan,face,valid
/content/intel_local/seg_train/seg_train/glacier/17283.jpg,real,intel,glacier,train
/content/gan_local/real_vs_fake/real-vs-fake/valid/real/17108.jpg,real,gan,face,valid
/content/general_ai_local/AiArtData/AiArtData/ai-portraits-celebrities-keanu-reeves.jpg,fake,general_ai,AiArtData,train
/content/gan_local/real_vs_fake/real-vs-fake/train/fake/OP7DFZS3R0.jpg,fake,gan,face,train
/content/general_ai_local/AiArtData/AiArtData/popepufferjacket.jpg.jpg.foto.rm.jpeg.foto.rbig.jpeg,fake,general_ai,AiArtData,train
/content/diffusion_local/test/FAKE/842 (2).jpg,fake,diffusion,cifar_object,test
/content/diffusion_local/train/FAKE/3799 (5).jpg,fake,diffusion,cifar_object,train
/content/general_ai_local/AiArtData/AiArtData/chicken-1024x683.jpg,fake,general_ai,AiArtData,train
/content/intel_local/seg_train/seg_train/glacier/3416.jpg,real,intel,glacier,train
/content/diffusion_local/train/REAL/1334.jpg,real,diffusion,cifar_object,train
/content/diffusion_local/train/FAKE/2041 (8).jpg,fake,diffusion,cifar_object,train
/content/diffusion_local/train/REAL/0152 (8).jpg,real,diffusion,cifar_object,train
/content/diffusion_local/train/FAKE/5427.jpg,fake,diffusion,cifar_object,train
/content/diffusion_local/train/REAL/0602 (9).jpg,real,diffusion,cifar_object,train
/content/intel_local/seg_train/seg_train/glacier/14964.jpg,real,intel,glacier,train
/content/intel_local/seg_test/seg_test/buildings/22426.jpg,real,intel,buildings,test
/content/intel_local/seg_train/seg_train/forest/5729.jpg,real,intel,forest,train
/content/intel_local/seg_train/seg_train/forest/7179.jpg,real,intel,forest,train
/content/diffusion_local/train/FAKE/5921.jpg,fake,diffusion,cifar_object,train
/content/gan_local/real_vs_fake/real-vs-fake/train/fake/EDID0BTN2X.jpg,fake,gan,face,train
/content/diffusion_local/test/REAL/0888 (4).jpg,real,diffusion,cifar_object,test
/content/intel_local/seg_test/seg_test/street/21617.jpg,real,intel,street,test
/content/intel_local/seg_train/seg_train/buildings/2204.jpg,real,intel,buildings,train
/content/gan_local/real_vs_fake/real-vs-fake/train/fake/XBJ11LS67O.jpg,fake,gan,face,train
/content/diffusion_local/train/REAL/2360 (9).jpg,real,diffusion,cifar_object,train
/content/diffusion_local/train/FAKE/3435 (8).jpg,fake,diffusion,cifar_object,train
/content/gan_local/real_vs_fake/real-vs-fake/test/real/01227.jpg,real,gan,face,test
/content/diffusion_local/train/REAL/1491 (6).jpg,real,diffusion,cifar_object,train
/content/gan_local/real_vs_fake/real-vs-fake/valid/real/50024.jpg,real,gan,face,valid
/content/diffusion_local/train/FAKE/1390 (8).jpg,fake,diffusion,cifar_object,train
/content/intel_local/seg_test/seg_test/mountain/24075.jpg,real,intel,mountain,test
/content/gan_local/real_vs_fake/real-vs-fake/train/fake/POTCWMVY9X.jpg,fake,gan,face,train
/content/intel_local/seg_train/seg_train/buildings/7593.jpg,real,intel,buildings,train
/content/intel_local/seg_train/seg_train/buildings/10936.jpg,real,intel,buildings,train
/content/gan_local/real_vs_fake/real-vs-fake/train/real/62977.jpg,real,gan,face,train
/content/diffusion_local/train/FAKE/1486 (9).jpg,fake,diffusion,cifar_object,train
/content/gan_local/real_vs_fake/real-vs-fake/train/fake/1PFSSINCK8.jpg,fake,gan,face,train
/content/intel_local/seg_train/seg_train/mountain/13281.jpg,real,intel,mountain,train
/content/gan_local/real_vs_fake/real-vs-fake/train/fake/M3ZX2MKBF7.jpg,fake,gan,face,train
/content/general_ai_local/AiArtData/AiArtData/images77.jpg,fake,general_ai,AiArtData,train
/content/diffusion_local/train/REAL/3151 (8).jpg,real,diffusion,cifar_object,train
/content/diffusion_local/train/FAKE/4890 (8).jpg,fake,diffusion,cifar_object,train
/content/gan_local/real_vs_fake/real-vs-fake/train/fake/CEU2IXPP7U.jpg,fake,gan,face,train
/content/intel_local/seg_train/seg_train/sea/12266.jpg,real,intel,sea,train
/content/gan_local/real_vs_fake/real-vs-fake/test/fake/1LLYM9NYJ1.jpg,fake,gan,face,test
/content/gan_local/real_vs_fake/real-vs-fake/test/real/20930.jpg,real,gan,face,test
/content/gan_local/real_vs_fake/real-vs-fake/train/real/36892.jpg,real,gan,face,train
/content/intel_local/seg_train/seg_train/forest/11541.jpg,real,intel,forest,train
/content/gan_local/real_vs_fake/real-vs-fake/valid/fake/38IQUOKU3B.jpg,fake,gan,face,valid
/content/gan_local/real_vs_fake/real-vs-fake/train/real/55229.jpg,real,gan,face,train
/content/gan_local/real_vs_fake/real-vs-fake/train/fake/Y7SLWXQ3AX.jpg,fake,gan,face,train
/content/gan_local/real_vs_fake/real-vs-fake/valid/real/17554.jpg,real,gan,face,valid
/content/intel_local/seg_train/seg_train/street/8165.jpg,real,intel,street,train
/content/diffusion_local/test/FAKE/732.jpg,fake,diffusion,cifar_object,test
/content/diffusion_local/train/FAKE/2331 (9).jpg,fake,diffusion,cifar_object,train
/content/diffusion_local/train/FAKE/5199 (8).jpg,fake,diffusion,cifar_object,train
/content/gan_local/real_vs_fake/real-vs-fake/train/fake/6OETU3MXRI.jpg,fake,gan,face,train
/content/gan_local/real_vs_fake/real-vs-fake/valid/real/24436.jpg,real,gan,face,valid
/content/intel_local/seg_train/seg_train/sea/6597.jpg,real,intel,sea,train
/content/intel_local/seg_test/seg_test/street/23269.jpg,real,intel,street,test
/content/diffusion_local/train/FAKE/2352 (2).jpg,fake,diffusion,cifar_object,train
/content/diffusion_local/train/FAKE/1230 (7).jpg,fake,diffusion,cifar_object,train
/content/general_ai_local/AiArtData/AiArtData/59e0ba50419705a2c4b22681fb.jpg,fake,general_ai,AiArtData,train
/content/gan_local/real_vs_fake/real-vs-fake/train/fake/0DHJ28FUF5.jpg,fake,gan,face,train
/content/gan_local/real_vs_fake/real-vs-fake/train/fake/S3DNB099DR.jpg,fake,gan,face,train
/content/diffusion_local/test/REAL/0967 (8).jpg,real,diffusion,cifar_object,test
/content/diffusion_local/train/REAL/4436 (3).jpg,real,diffusion,cifar_object,train
/content/diffusion_local/train/FAKE/4618.jpg,fake,diffusion,cifar_object,train
/content/gan_local/real_vs_fake/real-vs-fake/valid/fake/GPHLAHW9Q3.jpg,fake,gan,face,valid
/content/diffusion_local/train/REAL/4884 (8).jpg,real,diffusion,cifar_object,train
/content/gan_local/real_vs_fake/real-vs-fake/valid/real/06261.jpg,real,gan,face,valid
/content/intel_local/seg_train/seg_train/mountain/9298.jpg,real,intel,mountain,train
/content/gan_local/real_vs_fake/real-vs-fake/train/real/65410.jpg,real,gan,face,train
/content/gan_local/real_vs_fake/real-vs-fake/valid/real/63950.jpg,real,gan,face,valid
/content/intel_local/seg_train/seg_train/mountain/10563.jpg,real,intel,mountain,train
/content/intel_local/seg_train/seg_train/mountain/9528.jpg,real,intel,mountain,train
/content/intel_local/seg_train/seg_train/forest/1863.jpg,real,intel,forest,train
/content/diffusion_local/train/REAL/0439 (9).jpg,real,diffusion,cifar_object,train
/content/diffusion_local/train/REAL/2153.jpg,real,diffusion,cifar_object,train
/content/general_ai_local/AiArtData/AiArtData/14PMNtflOIXcw4g9HTntybg.png,fake,general_ai,AiArtData,train
/content/diffusion_local/train/FAKE/5712 (6).jpg,fake,diffusion,cifar_object,train
/content/intel_local/seg_train/seg_train/street/1689.jpg,real,intel,street,train
/content/intel_local/seg_train/seg_train/glacier/9152.jpg,real,intel,glacier,train
/content/diffusion_local/test/REAL/0157 (6).jpg,real,diffusion,cifar_object,test
/content/gan_local/real_vs_fake/real-vs-fake/train/fake/5XAHVPXGJ0.jpg,fake,gan,face,train
/content/gan_local/real_vs_fake/real-vs-fake/valid/fake/62D64MWRD8.jpg,fake,gan,face,valid
/content/diffusion_local/train/REAL/0195 (10).jpg,real,diffusion,cifar_object,train
/content/intel_local/seg_train/seg_train/street/3563.jpg,real,intel,street,train
/content/gan_local/real_vs_fake/real-vs-fake/test/real/03166.jpg,real,gan,face,test
/content/gan_local/real_vs_fake/real-vs-fake/valid/real/23422.jpg,real,gan,face,valid
/content/diffusion_local/train/FAKE/5918 (5).jpg,fake,diffusion,cifar_object,train
/content/gan_local/real_vs_fake/real-vs-fake/train/fake/ADT6QO7QWE.jpg,fake,gan,face,train
/content/gan_local/real_vs_fake/real-vs-fake/test/fake/YVUH7OQEVE.jpg,fake,gan,face,test
/content/gan_local/real_vs_fake/real-vs-fake/train/fake/G4JBV1RZ4X.jpg,fake,gan,face,train
/content/diffusion_local/train/FAKE/2774 (9).jpg,fake,diffusion,cifar_object,train
/content/gan_local/real_vs_fake/real-vs-fake/train/real/48785.jpg,real,gan,face,train
/content/gan_local/real_vs_fake/real-vs-fake/train/fake/IUSIERQ8TZ.jpg,fake,gan,face,train
/content/gan_local/real_vs_fake/real-vs-fake/train/real/52554.jpg,real,gan,face,train
/content/gan_local/real_vs_fake/real-vs-fake/train/fake/C9TO828VZN.jpg,fake,gan,face,train
/content/diffusion_local/test/FAKE/414 (5).jpg,fake,diffusion,cifar_object,test
/content/gan_local/real_vs_fake/real-vs-fake/train/fake/2GI5OY98BU.jpg,fake,gan,face,train
/content/diffusion_local/train/FAKE/4307 (4).jpg,fake,diffusion,cifar_object,train
/content/gan_local/real_vs_fake/real-vs-fake/train/real/64317.jpg,real,gan,face,train
/content/diffusion_local/test/FAKE/938 (6).jpg,fake,diffusion,cifar_object,test
/content/diffusion_local/train/REAL/2058 (4).jpg,real,diffusion,cifar_object,train
/content/diffusion_local/train/FAKE/3362 (8).jpg,fake,diffusion,cifar_object,train
/content/diffusion_local/train/FAKE/5178 (2).jpg,fake,diffusion,cifar_object,train
/content/gan_local/real_vs_fake/real-vs-fake/valid/real/44090.jpg,real,gan,face,valid
/content/gan_local/real_vs_fake/real-vs-fake/train/real/44296.jpg,real,gan,face,train
/content/intel_local/seg_train/seg_train/sea/10739.jpg,real,intel,sea,train
/content/gan_local/real_vs_fake/real-vs-fake/train/fake/F6BGYKSNLA.jpg,fake,gan,face,train
/content/diffusion_local/train/FAKE/2112 (10).jpg,fake,diffusion,cifar_object,train
/content/diffusion_local/train/REAL/3469 (10).jpg,real,diffusion,cifar_object,train
/content/gan_local/real_vs_fake/real-vs-fake/valid/fake/IYSWK0Y0T8.jpg,fake,gan,face,valid
/content/diffusion_local/train/REAL/0474 (10).jpg,real,diffusion,cifar_object,train
/content/diffusion_local/train/FAKE/4352 (7).jpg,fake,diffusion,cifar_object,train
/content/diffusion_local/train/REAL/4694 (2).jpg,real,diffusion,cifar_object,train
/content/intel_local/seg_train/seg_train/mountain/4516.jpg,real,intel,mountain,train
/content/intel_local/seg_train/seg_train/buildings/5658.jpg,real,intel,buildings,train
/content/gan_local/real_vs_fake/real-vs-fake/train/fake/Z5M414UTCJ.jpg,fake,gan,face,train
/content/gan_local/real_vs_fake/real-vs-fake/train/fake/74IZG67QVW.jpg,fake,gan,face,train
/content/gan_local/real_vs_fake/real-vs-fake/train/real/28930.jpg,real,gan,face,train
/content/diffusion_local/train/FAKE/3734 (3).jpg,fake,diffusion,cifar_object,train
/content/general_ai_local/AiArtData/AiArtData/animal-happy-character-cute-ai-generated-free-photo.jpg,fake,general_ai,AiArtData,train
/content/diffusion_local/train/FAKE/1938 (8).jpg,fake,diffusion,cifar_object,train
/content/diffusion_local/train/REAL/2952 (8).jpg,real,diffusion,cifar_object,train
/content/diffusion_local/train/REAL/4788 (7).jpg,real,diffusion,cifar_object,train
/content/gan_local/real_vs_fake/real-vs-fake/valid/real/62601.jpg,real,gan,face,valid
/content/general_ai_local/AiArtData/AiArtData/AI_art_1685017093404_1685017098933.jpeg,fake,general_ai,AiArtData,train
/content/general_ai_local/AiArtData/AiArtData/lensa-harry.jpg,fake,general_ai,AiArtData,train
/content/diffusion_local/train/FAKE/1659 (2).jpg,fake,diffusion,cifar_object,train
/content/gan_local/real_vs_fake/real-vs-fake/train/fake/0HT428M6O6.jpg,fake,gan,face,train
/content/diffusion_local/train/REAL/3224 (9).jpg,real,diffusion,cifar_object,train
/content/gan_local/real_vs_fake/real-vs-fake/train/fake/71VEGFLZK5.jpg,fake,gan,face,train
/content/gan_local/real_vs_fake/real-vs-fake/train/real/43894.jpg,real,gan,face,train
/content/gan_local/real_vs_fake/real-vs-fake/train/fake/4IH2RQBHP5.jpg,fake,gan,face,train
/content/gan_local/real_vs_fake/real-vs-fake/train/real/44254.jpg,real,gan,face,train
/content/intel_local/seg_train/seg_train/sea/6634.jpg,real,intel,sea,train
/content/gan_local/real_vs_fake/real-vs-fake/train/fake/1DHEZMHG9S.jpg,fake,gan,face,train
/content/gan_local/real_vs_fake/real-vs-fake/valid/fake/6R5QDY63VR.jpg,fake,gan,face,valid
/content/gan_local/real_vs_fake/real-vs-fake/valid/real/31071.jpg,real,gan,face,valid
/content/intel_local/seg_train/seg_train/glacier/7774.jpg,real,intel,glacier,train
/content/gan_local/real_vs_fake/real-vs-fake/valid/real/38942.jpg,real,gan,face,valid
/content/intel_local/seg_train/seg_train/forest/6016.jpg,real,intel,forest,train
/content/general_ai_local/AiArtData/AiArtData/120522_Lensa_AI.width-696.jpg,fake,general_ai,AiArtData,train
/content/gan_local/real_vs_fake/real-vs-fake/train/fake/FAW14ID2WV.jpg,fake,gan,face,train
/content/gan_local/real_vs_fake/real-vs-fake/test/fake/DO125V0B56.jpg,fake,gan,face,test
/content/gan_local/real_vs_fake/real-vs-fake/valid/fake/BSYS00VQCH.jpg,fake,gan,face,valid
/content/gan_local/real_vs_fake/real-vs-fake/train/fake/YNX8K9NCHG.jpg,fake,gan,face,train
/content/intel_local/seg_train/seg_train/glacier/19362.jpg,real,intel,glacier,train
/content/diffusion_local/train/FAKE/3395.jpg,fake,diffusion,cifar_object,train
/content/diffusion_local/test/FAKE/414 (6).jpg,fake,diffusion,cifar_object,test
/content/gan_local/real_vs_fake/real-vs-fake/valid/real/44316.jpg,real,gan,face,valid
/content/diffusion_local/test/FAKE/465 (5).jpg,fake,diffusion,cifar_object,test
/content/diffusion_local/train/REAL/0358 (6).jpg,real,diffusion,cifar_object,train
/content/gan_local/real_vs_fake/real-vs-fake/train/fake/R8EOV3GWVI.jpg,fake,gan,face,train
/content/diffusion_local/train/REAL/3591 (10).jpg,real,diffusion,cifar_object,train
/content/diffusion_local/train/FAKE/1240 (10).jpg,fake,diffusion,cifar_object,train
/content/intel_local/seg_train/seg_train/mountain/10555.jpg,real,intel,mountain,train
/content/intel_local/seg_train/seg_train/sea/11559.jpg,real,intel,sea,train
/content/diffusion_local/train/FAKE/4092 (9).jpg,fake,diffusion,cifar_object,train
/content/diffusion_local/test/REAL/0841 (10).jpg,real,diffusion,cifar_object,test
/content/diffusion_local/train/REAL/1830 (7).jpg,real,diffusion,cifar_object,train
/content/diffusion_local/train/FAKE/4880 (7).jpg,fake,diffusion,cifar_object,train
/content/gan_local/real_vs_fake/real-vs-fake/train/fake/HQW0TTWQL6.jpg,fake,gan,face,train
/content/gan_local/real_vs_fake/real-vs-fake/test/fake/OS20LOPU8W.jpg,fake,gan,face,test
/content/gan_local/real_vs_fake/real-vs-fake/train/fake/JE6MT9UV9M.jpg,fake,gan,face,train
/content/gan_local/real_vs_fake/real-vs-fake/test/fake/CJ2D15E5HR.jpg,fake,gan,face,test
/content/gan_local/real_vs_fake/real-vs-fake/train/fake/S72KZF3A4S.jpg,fake,gan,face,train
/content/gan_local/real_vs_fake/real-vs-fake/train/real/44465.jpg,real,gan,face,train
/content/gan_local/real_vs_fake/real-vs-fake/train/fake/CAE4DV7FDT.jpg,fake,gan,face,train
/content/diffusion_local/train/FAKE/5233 (9).jpg,fake,diffusion,cifar_object,train
/content/diffusion_local/train/FAKE/3548 (10).jpg,fake,diffusion,cifar_object,train
/content/diffusion_local/train/FAKE/3179 (6).jpg,fake,diffusion,cifar_object,train
/content/gan_local/real_vs_fake/real-vs-fake/train/fake/ZHQ4K2GI1J.jpg,fake,gan,face,train
/content/diffusion_local/train/FAKE/5283 (9).jpg,fake,diffusion,cifar_object,train
/content/intel_local/seg_train/seg_train/mountain/5224.jpg,real,intel,mountain,train
/content/gan_local/real_vs_fake/real-vs-fake/train/fake/TAR39RLUWB.jpg,fake,gan,face,train
/content/general_ai_local/AiArtData/AiArtData/clgjlgjec001a08k0bhi51i88.png,fake,general_ai,AiArtData,train
/content/diffusion_local/train/REAL/0728 (4).jpg,real,diffusion,cifar_object,train
/content/gan_local/real_vs_fake/real-vs-fake/train/fake/I1BKPNV2JN.jpg,fake,gan,face,train
/content/diffusion_local/train/FAKE/5230 (9).jpg,fake,diffusion,cifar_object,train
/content/gan_local/real_vs_fake/real-vs-fake/train/fake/7M6LGYVQ1E.jpg,fake,gan,face,train
/content/intel_local/seg_train/seg_train/buildings/15690.jpg,real,intel,buildings,train
/content/gan_local/real_vs_fake/real-vs-fake/train/fake/NRWY8I6GPH.jpg,fake,gan,face,train
/content/diffusion_local/train/FAKE/3386 (5).jpg,fake,diffusion,cifar_object,train
/content/gan_local/real_vs_fake/real-vs-fake/train/real/45283.jpg,real,gan,face,train
/content/diffusion_local/train/FAKE/4084.jpg,fake,diffusion,cifar_object,train
/content/diffusion_local/train/FAKE/1481 (8).jpg,fake,diffusion,cifar_object,train
/content/general_ai_local/AiArtData/AiArtData/64efd48f24bacac40feae0b4_qFcGNfN66Fp4nrvBHhQp89Kg425rczlCMKCbW2cNCCs.jpeg,fake,general_ai,AiArtData,train
/content/intel_local/seg_train/seg_train/glacier/12470.jpg,real,intel,glacier,train
/content/diffusion_local/train/REAL/1406 (5).jpg,real,diffusion,cifar_object,train
/content/diffusion_local/train/REAL/3251 (5).jpg,real,diffusion,cifar_object,train
/content/intel_local/seg_test/seg_test/buildings/23297.jpg,real,intel,buildings,test
/content/gan_local/real_vs_fake/real-vs-fake/train/fake/MSVRTYHMQ9.jpg,fake,gan,face,train
/content/gan_local/real_vs_fake/real-vs-fake/train/fake/GNKG0QCBBO.jpg,fake,gan,face,train
/content/intel_local/seg_train/seg_train/glacier/5416.jpg,real,intel,glacier,train
/content/intel_local/seg_train/seg_train/sea/2508.jpg,real,intel,sea,train
/content/gan_local/real_vs_fake/real-vs-fake/train/fake/PZDKTFDMHD.jpg,fake,gan,face,train
/content/diffusion_local/train/FAKE/4629 (2).jpg,fake,diffusion,cifar_object,train
/content/intel_local/seg_test/seg_test/street/20527.jpg,real,intel,street,test
/content/gan_local/real_vs_fake/real-vs-fake/valid/fake/6W13GP50Y1.jpg,fake,gan,face,valid
/content/intel_local/seg_train/seg_train/glacier/1910.jpg,real,intel,glacier,train
/content/gan_local/real_vs_fake/real-vs-fake/test/real/41958.jpg,real,gan,face,test
/content/gan_local/real_vs_fake/real-vs-fake/train/real/41530.jpg,real,gan,face,train
/content/gan_local/real_vs_fake/real-vs-fake/valid/fake/QC48XV2URE.jpg,fake,gan,face,valid
/content/diffusion_local/train/FAKE/4633 (5).jpg,fake,diffusion,cifar_object,train
/content/general_ai_local/AiArtData/AiArtData/homer-ai-generated-art.jpg,fake,general_ai,AiArtData,train
/content/gan_local/real_vs_fake/real-vs-fake/valid/fake/4T9VT0AFP3.jpg,fake,gan,face,valid
/content/diffusion_local/train/FAKE/5723 (6).jpg,fake,diffusion,cifar_object,train
/content/gan_local/real_vs_fake/real-vs-fake/train/fake/HO7HBI9MRL.jpg,fake,gan,face,train
/content/diffusion_local/train/FAKE/4291 (7).jpg,fake,diffusion,cifar_object,train
/content/intel_local/seg_train/seg_train/buildings/8896.jpg,real,intel,buildings,train
/content/gan_local/real_vs_fake/real-vs-fake/test/real/66742.jpg,real,gan,face,test
/content/diffusion_local/train/REAL/2076 (2).jpg,real,diffusion,cifar_object,train
/content/diffusion_local/train/FAKE/1796 (6).jpg,fake,diffusion,cifar_object,train
/content/gan_local/real_vs_fake/real-vs-fake/valid/fake/SUPZADZQZV.jpg,fake,gan,face,valid
/content/intel_local/seg_test/seg_test/mountain/23896.jpg,real,intel,mountain,test
/content/diffusion_local/train/FAKE/3381 (4).jpg,fake,diffusion,cifar_object,train
/content/diffusion_local/train/REAL/4241.jpg,real,diffusion,cifar_object,train
/content/gan_local/real_vs_fake/real-vs-fake/train/real/30296.jpg,real,gan,face,train
/content/gan_local/real_vs_fake/real-vs-fake/train/real/17127.jpg,real,gan,face,train
/content/diffusion_local/train/FAKE/5922 (9).jpg,fake,diffusion,cifar_object,train
/content/intel_local/seg_test/seg_test/buildings/20186.jpg,real,intel,buildings,test
/content/intel_local/seg_train/seg_train/sea/326.jpg,real,intel,sea,train
/content/intel_local/seg_train/seg_train/street/18481.jpg,real,intel,street,train
/content/gan_local/real_vs_fake/real-vs-fake/test/real/32741.jpg,real,gan,face,test
/content/general_ai_local/AiArtData/AiArtData/a4411c44-c1cc-45ca-bf4b-2ecaf5172ba8.jpg,fake,general_ai,AiArtData,train
/content/gan_local/real_vs_fake/real-vs-fake/train/fake/WRWSOT5SNR.jpg,fake,gan,face,train
/content/diffusion_local/train/REAL/1540 (2).jpg,real,diffusion,cifar_object,train
/content/diffusion_local/train/REAL/4299 (10).jpg,real,diffusion,cifar_object,train
/content/diffusion_local/train/FAKE/1459 (2).jpg,fake,diffusion,cifar_object,train
/content/gan_local/real_vs_fake/real-vs-fake/train/fake/R8FN0BSH5Q.jpg,fake,gan,face,train
/content/diffusion_local/train/FAKE/4876 (7).jpg,fake,diffusion,cifar_object,train
/content/diffusion_local/train/REAL/1346.jpg,real,diffusion,cifar_object,train
/content/gan_local/real_vs_fake/real-vs-fake/train/fake/F03UN6MF8U.jpg,fake,gan,face,train
/content/gan_local/real_vs_fake/real-vs-fake/train/fake/95M7HWC8QO.jpg,fake,gan,face,train
/content/intel_local/seg_train/seg_train/forest/13809.jpg,real,intel,forest,train
/content/diffusion_local/train/REAL/1141 (5).jpg,real,diffusion,cifar_object,train
/content/diffusion_local/train/REAL/4551 (6).jpg,real,diffusion,cifar_object,train
/content/diffusion_local/train/REAL/3700 (3).jpg,real,diffusion,cifar_object,train
/content/diffusion_local/train/FAKE/4840 (2).jpg,fake,diffusion,cifar_object,train
/content/gan_local/real_vs_fake/real-vs-fake/train/real/13903.jpg,real,gan,face,train
/content/gan_local/real_vs_fake/real-vs-fake/train/fake/1MS8CU322F.jpg,fake,gan,face,train
/content/diffusion_local/train/FAKE/1150 (3).jpg,fake,diffusion,cifar_object,train
/content/intel_local/seg_train/seg_train/mountain/7157.jpg,real,intel,mountain,train
/content/intel_local/seg_train/seg_train/forest/18451.jpg,real,intel,forest,train
/content/gan_local/real_vs_fake/real-vs-fake/train/fake/118QUGUACP.jpg,fake,gan,face,train
/content/intel_local/seg_train/seg_train/buildings/14799.jpg,real,intel,buildings,train
/content/gan_local/real_vs_fake/real-vs-fake/train/fake/IOHGS9GA4L.jpg,fake,gan,face,train
/content/gan_local/real_vs_fake/real-vs-fake/train/real/59644.jpg,real,gan,face,train
/content/gan_local/real_vs_fake/real-vs-fake/train/fake/52HJ9DER0O.jpg,fake,gan,face,train
/content/intel_local/seg_train/seg_train/buildings/8179.jpg,real,intel,buildings,train
/content/gan_local/real_vs_fake/real-vs-fake/train/fake/OG67SKTVS2.jpg,fake,gan,face,train
/content/diffusion_local/train/REAL/3361 (10).jpg,real,diffusion,cifar_object,train
/content/general_ai_local/AiArtData/AiArtData/AI-and-Dreams-scaled.jpg,fake,general_ai,AiArtData,train
/content/gan_local/real_vs_fake/real-vs-fake/test/fake/VTDVM341S1.jpg,fake,gan,face,test
/content/gan_local/real_vs_fake/real-vs-fake/train/fake/HXJVZW3SRF.jpg,fake,gan,face,train
/content/diffusion_local/train/FAKE/3976.jpg,fake,diffusion,cifar_object,train
/content/general_ai_local/AiArtData/AiArtData/67995309-0-image-a-168_1677149995977.jpg,fake,general_ai,AiArtData,train
/content/general_ai_local/RealArt/RealArt/cute.jpg,real,general_ai,RealArt,train
/content/diffusion_local/train/REAL/2100 (4).jpg,real,diffusion,cifar_object,train
/content/diffusion_local/train/REAL/2014 (3).jpg,real,diffusion,cifar_object,train
/content/intel_local/seg_train/seg_train/buildings/4932.jpg,real,intel,buildings,train
/content/general_ai_local/RealArt/RealArt/a9cb4b9875143b1568ba519ea086af95.png,real,general_ai,RealArt,train
/content/diffusion_local/train/FAKE/4020 (5).jpg,fake,diffusion,cifar_object,train
/content/diffusion_local/train/REAL/3230 (8).jpg,real,diffusion,cifar_object,train
/content/diffusion_local/train/FAKE/3329.jpg,fake,diffusion,cifar_object,train
/content/intel_local/seg_train/seg_train/buildings/18079.jpg,real,intel,buildings,train
/content/diffusion_local/train/REAL/3014 (2).jpg,real,diffusion,cifar_object,train
/content/gan_local/real_vs_fake/real-vs-fake/train/fake/JQXGTZY1HD.jpg,fake,gan,face,train
/content/intel_local/seg_train/seg_train/buildings/16234.jpg,real,intel,buildings,train
/content/diffusion_local/train/FAKE/2469 (9).jpg,fake,diffusion,cifar_object,train
/content/diffusion_local/train/FAKE/4485 (10).jpg,fake,diffusion,cifar_object,train
/content/general_ai_local/AiArtData/AiArtData/1000_F_555746402_GNMEIKpEuTIXooW5B1SEEy7VnK3rklI5.jpg,fake,general_ai,AiArtData,train
/content/intel_local/seg_train/seg_train/glacier/16969.jpg,real,intel,glacier,train
/content/diffusion_local/train/REAL/2094 (5).jpg,real,diffusion,cifar_object,train
